类别,词目,查阅读音,含义,用法边界,原句缺口,来源
月份,January,ˈdʒænjuəri,一月,专有名称首字母大写；月份一般in，具体一天一般on；last/next/this等时间短语常不用介词。,原表没有完整例句,EN-APP2-K01
月份,February, 'februəri,二月,专有名称首字母大写；月份一般in，具体一天一般on；last/next/this等时间短语常不用介词。,原表没有完整例句,EN-APP2-K01
月份,March,ma:tʃ,三月,专有名称首字母大写；月份一般in，具体一天一般on；last/next/this等时间短语常不用介词。,原表没有完整例句,EN-APP2-K01
月份,April,ˈeɪprəl,四月,专有名称首字母大写；月份一般in，具体一天一般on；last/next/this等时间短语常不用介词。,原表没有完整例句,EN-APP2-K01
月份,May,meɪ,五月,专有名称首字母大写；月份一般in，具体一天一般on；last/next/this等时间短语常不用介词。,原表没有完整例句,EN-APP2-K01
月份,June,dʒuːn,六月,专有名称首字母大写；月份一般in，具体一天一般on；last/next/this等时间短语常不用介词。,原表没有完整例句,EN-APP2-K01
月份,July,dʒu'laɪ,七月,专有名称首字母大写；月份一般in，具体一天一般on；last/next/this等时间短语常不用介词。,原表没有完整例句,EN-APP2-K01
月份,August,ˈɔːɡəst,八月,专有名称首字母大写；月份一般in，具体一天一般on；last/next/this等时间短语常不用介词。,原表没有完整例句,EN-APP2-K01
月份,September,sep'tembə(r),九月,专有名称首字母大写；月份一般in，具体一天一般on；last/next/this等时间短语常不用介词。,原表没有完整例句,EN-APP2-K01
月份,October,ɒk'təʊbə(r),十月,专有名称首字母大写；月份一般in，具体一天一般on；last/next/this等时间短语常不用介词。,原表没有完整例句,EN-APP2-K01
月份,November,nəʊ'vembə(r),十一月,专有名称首字母大写；月份一般in，具体一天一般on；last/next/this等时间短语常不用介词。,原表没有完整例句,EN-APP2-K01
月份,December,dɪˈsembə(r),十二月,专有名称首字母大写；月份一般in，具体一天一般on；last/next/this等时间短语常不用介词。,原表没有完整例句,EN-APP2-K01
星期,Monday,ˈmʌndeɪ,周一,专有名称首字母大写；月份一般in，具体一天一般on；last/next/this等时间短语常不用介词。,原表没有完整例句,EN-APP2-K01
星期,Tuesday,ˈtjuːzdeɪ,周二,专有名称首字母大写；月份一般in，具体一天一般on；last/next/this等时间短语常不用介词。,原表没有完整例句,EN-APP2-K01
星期,Wednesday,'wenzdeɪ,周三,专有名称首字母大写；月份一般in，具体一天一般on；last/next/this等时间短语常不用介词。,原表没有完整例句,EN-APP2-K01
星期,Thursday,ˈθɜːzdeɪ,周四,专有名称首字母大写；月份一般in，具体一天一般on；last/next/this等时间短语常不用介词。,原表没有完整例句,EN-APP2-K01
星期,Friday,'fraɪdeɪ,周五,专有名称首字母大写；月份一般in，具体一天一般on；last/next/this等时间短语常不用介词。,原表没有完整例句,EN-APP2-K01
星期,Saturday,ˈsætədeɪ,周六,专有名称首字母大写；月份一般in，具体一天一般on；last/next/this等时间短语常不用介词。,原表没有完整例句,EN-APP2-K01
星期,Sunday,ˈsʌndeɪ,周日,专有名称首字母大写；月份一般in，具体一天一般on；last/next/this等时间短语常不用介词。,原表没有完整例句,EN-APP2-K01
