类别,名称,含义,表达边界,来源
节日,Children's Day,儿童节,原约定名称保留，不逐字自由替换；没有原节日日期或完整句例，不编年份时间。,EN-APP5-K01
节日,Double Ninth Festival,重阳节,原约定名称保留，不逐字自由替换；没有原节日日期或完整句例，不编年份时间。,EN-APP5-K01
节日,Dragon Boat Festival,端午节,原约定名称保留，不逐字自由替换；没有原节日日期或完整句例，不编年份时间。,EN-APP5-K01
节日,Labour Day,劳动节,原约定名称保留，不逐字自由替换；没有原节日日期或完整句例，不编年份时间。,EN-APP5-K01
节日,Lantern Festival,元宵节,原约定名称保留，不逐字自由替换；没有原节日日期或完整句例，不编年份时间。,EN-APP5-K01
节日,Mid-Autumn Festival,中秋节,原约定名称保留，不逐字自由替换；没有原节日日期或完整句例，不编年份时间。,EN-APP5-K01
节日,National Day,国庆节,原约定名称保留，不逐字自由替换；没有原节日日期或完整句例，不编年份时间。,EN-APP5-K01
节日,New Year's Day,元旦;新年,原约定名称保留，不逐字自由替换；没有原节日日期或完整句例，不编年份时间。,EN-APP5-K01
节日,PLA Day,建军节,原约定名称保留，不逐字自由替换；没有原节日日期或完整句例，不编年份时间。,EN-APP5-K01
节日,Spring Festival,春节,原约定名称保留，不逐字自由替换；没有原节日日期或完整句例，不编年份时间。,EN-APP5-K01
节日,Teachers' Day,教师节,原约定名称保留，不逐字自由替换；没有原节日日期或完整句例，不编年份时间。,EN-APP5-K01
节日,Tomb-sweeping Day,清明节,原约定名称保留，不逐字自由替换；没有原节日日期或完整句例，不编年份时间。,EN-APP5-K01
节日,Women's Day,妇女节,原约定名称保留，不逐字自由替换；没有原节日日期或完整句例，不编年份时间。,EN-APP5-K01
地名景点,Mount Huangshan,黄山,原约定名称保留，不逐字自由替换；没有原节日日期或完整句例，不编年份时间。,EN-APP5-K01
地名景点,Mount Qomolangma,珠穆朗玛峰,原约定名称保留，不逐字自由替换；没有原节日日期或完整句例，不编年份时间。,EN-APP5-K01
地名景点,Mount Taishan,泰山,原约定名称保留，不逐字自由替换；没有原节日日期或完整句例，不编年份时间。,EN-APP5-K01
地名景点,The Changjiang River (The Yangtze River),长江,原约定名称保留，不逐字自由替换；没有原节日日期或完整句例，不编年份时间。,EN-APP5-K01
地名景点,The Great Wall,长城,原约定名称保留，不逐字自由替换；没有原节日日期或完整句例，不编年份时间。,EN-APP5-K01
地名景点,The Palace Museum,故宫博物院,原约定名称保留，不逐字自由替换；没有原节日日期或完整句例，不编年份时间。,EN-APP5-K01
地名景点,The Yellow River,黄河,原约定名称保留，不逐字自由替换；没有原节日日期或完整句例，不编年份时间。,EN-APP5-K01
地名景点,Tian'anmen Square,天安门广场,原约定名称保留，不逐字自由替换；没有原节日日期或完整句例，不编年份时间。,EN-APP5-K01
其他文化名词,Beijing opera (Peking opera),京剧,原约定名称保留，不逐字自由替换；没有原节日日期或完整句例，不编年份时间。,EN-APP5-K01
其他文化名词,Beijing roast duck,北京烤鸭,原约定名称保留，不逐字自由替换；没有原节日日期或完整句例，不编年份时间。,EN-APP5-K01
其他文化名词,hot pot,火锅,原约定名称保留，不逐字自由替换；没有原节日日期或完整句例，不编年份时间。,EN-APP5-K01
其他文化名词,lunar calendar,农历,原约定名称保留，不逐字自由替换；没有原节日日期或完整句例，不编年份时间。,EN-APP5-K01
其他文化名词,mooncake,月饼,原约定名称保留，不逐字自由替换；没有原节日日期或完整句例，不编年份时间。,EN-APP5-K01
其他文化名词,paper-cut,剪纸,原约定名称保留，不逐字自由替换；没有原节日日期或完整句例，不编年份时间。,EN-APP5-K01
其他文化名词,qipao,旗袍,原约定名称保留，不逐字自由替换；没有原节日日期或完整句例，不编年份时间。,EN-APP5-K01
其他文化名词,Spring Festival couplets,春联,原约定名称保留，不逐字自由替换；没有原节日日期或完整句例，不编年份时间。,EN-APP5-K01
其他文化名词,spring roll,春卷,原约定名称保留，不逐字自由替换；没有原节日日期或完整句例，不编年份时间。,EN-APP5-K01
其他文化名词,The Silk Road,丝绸之路,原约定名称保留，不逐字自由替换；没有原节日日期或完整句例，不编年份时间。,EN-APP5-K01
其他文化名词,Traditional Chinese Medicine (TCM),中医,原约定名称保留，不逐字自由替换；没有原节日日期或完整句例，不编年份时间。,EN-APP5-K01
