记忆类,原形,过去式,过去分词,使用提示,来源
AAA,cost,cost,cost,先由句法定原形、过去或分词列；记忆类只指拼写。,EN-APP1-K01
AAA,cut,cut,cut,先由句法定原形、过去或分词列；记忆类只指拼写。,EN-APP1-K01
AAA,hit,hit,hit,先由句法定原形、过去或分词列；记忆类只指拼写。,EN-APP1-K01
AAA,hurt,hurt,hurt,先由句法定原形、过去或分词列；记忆类只指拼写。,EN-APP1-K01
AAA,let,let,let,先由句法定原形、过去或分词列；记忆类只指拼写。,EN-APP1-K01
AAA,put,put,put,先由句法定原形、过去或分词列；记忆类只指拼写。,EN-APP1-K01
AAA,read,read,read,AAA只同拼写；原形/riːd/，过去和分词/red/，先定时态层。,EN-APP1-K01
AAA,set,set,set,先由句法定原形、过去或分词列；记忆类只指拼写。,EN-APP1-K01
AAA,shut,shut,shut,先由句法定原形、过去或分词列；记忆类只指拼写。,EN-APP1-K01
AAA,spread,spread,spread,先由句法定原形、过去或分词列；记忆类只指拼写。,EN-APP1-K01
AAB,beat,beat,beaten,先由句法定原形、过去或分词列；记忆类只指拼写。,EN-APP1-K01
ABA,become,became,become,先由句法定原形、过去或分词列；记忆类只指拼写。,EN-APP1-K01
ABA,come,came,come,先由句法定原形、过去或分词列；记忆类只指拼写。,EN-APP1-K01
ABA,run,ran,run,先由句法定原形、过去或分词列；记忆类只指拼写。,EN-APP1-K01
ABB,burn,burnt/burned,burnt/burned,先由句法定原形、过去或分词列；记忆类只指拼写。,EN-APP1-K01
ABB,deal,dealt,dealt,先由句法定原形、过去或分词列；记忆类只指拼写。,EN-APP1-K01
ABB,dream,dreamt/dreamed,dreamt/dreamed,先由句法定原形、过去或分词列；记忆类只指拼写。,EN-APP1-K01
ABB,hear,heard,heard,先由句法定原形、过去或分词列；记忆类只指拼写。,EN-APP1-K01
ABB,learn,learnt/learned,learnt/learned,先由句法定原形、过去或分词列；记忆类只指拼写。,EN-APP1-K01
ABB,mean,meant,meant,先由句法定原形、过去或分词列；记忆类只指拼写。,EN-APP1-K01
ABB,spoil,spoilt/spoiled,spoilt/spoiled,原表换行项恢复，列名不变。,EN-APP1-K01
ABB,build,built,built,先由句法定原形、过去或分词列；记忆类只指拼写。,EN-APP1-K01
ABB,lend,lent,lent,先由句法定原形、过去或分词列；记忆类只指拼写。,EN-APP1-K01
ABB,send,sent,sent,先由句法定原形、过去或分词列；记忆类只指拼写。,EN-APP1-K01
ABB,spend,spent,spent,先由句法定原形、过去或分词列；记忆类只指拼写。,EN-APP1-K01
ABB,bleed,bled,bled,先由句法定原形、过去或分词列；记忆类只指拼写。,EN-APP1-K01
ABB,bring,brought,brought,先由句法定原形、过去或分词列；记忆类只指拼写。,EN-APP1-K01
ABB,buy,bought,bought,先由句法定原形、过去或分词列；记忆类只指拼写。,EN-APP1-K01
ABB,catch,caught,caught,先由句法定原形、过去或分词列；记忆类只指拼写。,EN-APP1-K01
ABB,dig,dug,dug,先由句法定原形、过去或分词列；记忆类只指拼写。,EN-APP1-K01
ABB,feed,fed,fed,先由句法定原形、过去或分词列；记忆类只指拼写。,EN-APP1-K01
ABB,feel,felt,felt,先由句法定原形、过去或分词列；记忆类只指拼写。,EN-APP1-K01
ABB,fight,fought,fought,先由句法定原形、过去或分词列；记忆类只指拼写。,EN-APP1-K01
ABB,find,found,found,先由句法定原形、过去或分词列；记忆类只指拼写。,EN-APP1-K01
ABB,get,got,got/gotten,got/gotten有地区与含义差异，不误gotten为一般过去式。,EN-APP1-K01
ABB,hang,hung/hanged,hung/hanged,悬挂常hung；绞死义通常hanged；原双词形不是任意义随机选。,EN-APP1-K01
ABB,have,had,had,先由句法定原形、过去或分词列；记忆类只指拼写。,EN-APP1-K01
ABB,hold,held,held,先由句法定原形、过去或分词列；记忆类只指拼写。,EN-APP1-K01
ABB,keep,kept,kept,先由句法定原形、过去或分词列；记忆类只指拼写。,EN-APP1-K01
ABB,lay,laid,laid,先由句法定原形、过去或分词列；记忆类只指拼写。,EN-APP1-K01
ABB,lead,led,led,先由句法定原形、过去或分词列；记忆类只指拼写。,EN-APP1-K01
ABB,leave,left,left,先由句法定原形、过去或分词列；记忆类只指拼写。,EN-APP1-K01
ABB,light,lit/lighted,lit/lighted,先由句法定原形、过去或分词列；记忆类只指拼写。,EN-APP1-K01
ABB,lose,lost,lost,先由句法定原形、过去或分词列；记忆类只指拼写。,EN-APP1-K01
ABB,make,made,made,先由句法定原形、过去或分词列；记忆类只指拼写。,EN-APP1-K01
ABB,meet,met,met,先由句法定原形、过去或分词列；记忆类只指拼写。,EN-APP1-K01
ABB,pay,paid,paid,先由句法定原形、过去或分词列；记忆类只指拼写。,EN-APP1-K01
ABB,say,said,said,先由句法定原形、过去或分词列；记忆类只指拼写。,EN-APP1-K01
ABB,sell,sold,sold,先由句法定原形、过去或分词列；记忆类只指拼写。,EN-APP1-K01
ABB,shine,shone/shined,shone/shined,发光常shone，照射或擦亮等义也常shined，地区与义项影响选形。,EN-APP1-K01
ABB,shoot,shot,shot,先由句法定原形、过去或分词列；记忆类只指拼写。,EN-APP1-K01
ABB,sit,sat,sat,先由句法定原形、过去或分词列；记忆类只指拼写。,EN-APP1-K01
ABB,sleep,slept,slept,先由句法定原形、过去或分词列；记忆类只指拼写。,EN-APP1-K01
ABB,smell,smelt/smelled,smelt/smelled,先由句法定原形、过去或分词列；记忆类只指拼写。,EN-APP1-K01
ABB,speed,sped/speeded,sped/speeded,先由句法定原形、过去或分词列；记忆类只指拼写。,EN-APP1-K01
ABB,spell,spelt/spelled,spelt/spelled,先由句法定原形、过去或分词列；记忆类只指拼写。,EN-APP1-K01
ABB,stand,stood,stood,先由句法定原形、过去或分词列；记忆类只指拼写。,EN-APP1-K01
ABB,stick,stuck,stuck,先由句法定原形、过去或分词列；记忆类只指拼写。,EN-APP1-K01
ABB,sweep,swept,swept,先由句法定原形、过去或分词列；记忆类只指拼写。,EN-APP1-K01
ABB,teach,taught,taught,先由句法定原形、过去或分词列；记忆类只指拼写。,EN-APP1-K01
ABB,tell,told,told,先由句法定原形、过去或分词列；记忆类只指拼写。,EN-APP1-K01
ABB,think,thought,thought,先由句法定原形、过去或分词列；记忆类只指拼写。,EN-APP1-K01
ABB,understand,understood,understood,先由句法定原形、过去或分词列；记忆类只指拼写。,EN-APP1-K01
ABB,win,won,won,先由句法定原形、过去或分词列；记忆类只指拼写。,EN-APP1-K01
ABC,blow,blew,blown,先由句法定原形、过去或分词列；记忆类只指拼写。,EN-APP1-K01
ABC,draw,drew,drawn,先由句法定原形、过去或分词列；记忆类只指拼写。,EN-APP1-K01
ABC,drive,drove,driven,先由句法定原形、过去或分词列；记忆类只指拼写。,EN-APP1-K01
ABC,eat,ate,eaten,先由句法定原形、过去或分词列；记忆类只指拼写。,EN-APP1-K01
ABC,fall,fell,fallen,先由句法定原形、过去或分词列；记忆类只指拼写。,EN-APP1-K01
ABC,give,gave,given,先由句法定原形、过去或分词列；记忆类只指拼写。,EN-APP1-K01
ABC,grow,grew,grown,先由句法定原形、过去或分词列；记忆类只指拼写。,EN-APP1-K01
ABC,know,knew,known,先由句法定原形、过去或分词列；记忆类只指拼写。,EN-APP1-K01
ABC,mistake,mistook,mistaken,先由句法定原形、过去或分词列；记忆类只指拼写。,EN-APP1-K01
ABC,rise,rose,risen,先由句法定原形、过去或分词列；记忆类只指拼写。,EN-APP1-K01
ABC,see,saw,seen,先由句法定原形、过去或分词列；记忆类只指拼写。,EN-APP1-K01
ABC,shake,shook,shaken,先由句法定原形、过去或分词列；记忆类只指拼写。,EN-APP1-K01
ABC,show,showed,shown,先由句法定原形、过去或分词列；记忆类只指拼写。,EN-APP1-K01
ABC,take,took,taken,先由句法定原形、过去或分词列；记忆类只指拼写。,EN-APP1-K01
ABC,throw,threw,thrown,原表换行项恢复，列名不变。,EN-APP1-K01
ABC,awake,awoke,awoken,先由句法定原形、过去或分词列；记忆类只指拼写。,EN-APP1-K01
ABC,break,broke,broken,先由句法定原形、过去或分词列；记忆类只指拼写。,EN-APP1-K01
ABC,choose,chose,chosen,先由句法定原形、过去或分词列；记忆类只指拼写。,EN-APP1-K01
ABC,freeze,froze,frozen,先由句法定原形、过去或分词列；记忆类只指拼写。,EN-APP1-K01
ABC,speak,spoke,spoken,先由句法定原形、过去或分词列；记忆类只指拼写。,EN-APP1-K01
ABC,steal,stole,stolen,先由句法定原形、过去或分词列；记忆类只指拼写。,EN-APP1-K01
ABC,wake,woke,woken,先由句法定原形、过去或分词列；记忆类只指拼写。,EN-APP1-K01
ABC,begin,began,begun,先由句法定原形、过去或分词列；记忆类只指拼写。,EN-APP1-K01
ABC,drink,drank,drunk,先由句法定原形、过去或分词列；记忆类只指拼写。,EN-APP1-K01
ABC,ring,rang,rung,先由句法定原形、过去或分词列；记忆类只指拼写。,EN-APP1-K01
ABC,sing,sang,sung,先由句法定原形、过去或分词列；记忆类只指拼写。,EN-APP1-K01
ABC,swim,swam,swum,先由句法定原形、过去或分词列；记忆类只指拼写。,EN-APP1-K01
ABC,"be(am,is)",was,been,先由句法定原形、过去或分词列；记忆类只指拼写。,EN-APP1-K01
ABC,be(are),were,been,先由句法定原形、过去或分词列；记忆类只指拼写。,EN-APP1-K01
ABC,bear,bore,born/borne,born常用于被生下；borne用于承担等义；原并列词形依具体义项。,EN-APP1-K01
ABC,do,did,done,先由句法定原形、过去或分词列；记忆类只指拼写。,EN-APP1-K01
ABC,fly,flew,flown,先由句法定原形、过去或分词列；记忆类只指拼写。,EN-APP1-K01
ABC,forget,forgot,forgotten,先由句法定原形、过去或分词列；记忆类只指拼写。,EN-APP1-K01
ABC,go,went,gone,先由句法定原形、过去或分词列；记忆类只指拼写。,EN-APP1-K01
ABC,hide,hid,hidden,先由句法定原形、过去或分词列；记忆类只指拼写。,EN-APP1-K01
ABC,lie(躺;平放),lay,lain,先由句法定原形、过去或分词列；记忆类只指拼写。,EN-APP1-K01
ABC,ride,rode,ridden,先由句法定原形、过去或分词列；记忆类只指拼写。,EN-APP1-K01
ABC,wear,wore,worn,先由句法定原形、过去或分词列；记忆类只指拼写。,EN-APP1-K01
ABC,write,wrote,written,先由句法定原形、过去或分词列；记忆类只指拼写。,EN-APP1-K01
