词目,原书编号,查阅读音,词性与义项,搭配与用法,相关词形,原例句及原译,辨析与原说明,转录或原书纠正说明,用法边界,讲解条目,来源编号
habit,1,'hæbɪt,n.习惯,1(healthy) eating habits(健康的)饮食习惯2have/keep/form/develop/get into the/a habit of...有/保持/养成......的习惯,,It's important for us to keep healthy eating habits. 保持健康的饮食习惯对我们来说很重要。Develop the habit of using a notebook.养成用笔记本的习惯。,,,以所列原例句的当前词义和结构为准；相关义项不能仅凭同一中文译词互换。,,EN-LEX-H-W001
hair,2,heə(r) / her,n.头发；毛发,have sb's hair cut 理发,,I'm having my hair cut this afternoon.我今天下午要去理发。,,,have my hair cut安排剪发，进行形式未证明已剪好。,初中\英语\语法\动词的非谓语形式\知识-have三种宾补的安排过程与受事.md,EN-LEX-H-W002
half,3,hɑːf / hæf,n. & pron. 一半；半数,1in half 分成两半2an hour and a half=one and a half hours一个半小时3half (an) hour 半小时,,I've divided the money in half.我把钱平均分成了两半。,,,原一个半小时变序保持量，hours复数与前置hour单数结构不同。,,EN-LEX-H-W003
hall,4,hɔːl,n.大厅；礼堂,1in the hall 在大厅里2dining hall 餐厅,,She was sitting all alone in the hall.她一个人坐在大厅里。,,,以所列原例句的当前词义和结构为准；相关义项不能仅凭同一中文译词互换。,,EN-LEX-H-W004
hamburger,5,'hæmbɜː(r)gə(r),n. 汉堡包,,,,,,原节只给词义或词形，没有完整句例；需按实际句境选义。,,EN-LEX-H-W005
hand,6,hænd,n.手；指针 v.传；递；给；交,1hand in 上交;递交2by hand 手工3hand out 分发 4hands up 举起手来5give sb a hand 帮助某人6on the one hand...on the other hand...一方面......另一方面......,,Some students want to hand in their homework later. 一些学生想晚点交他们的家庭作业。Farm workers milked cows by hand.农场工人们手工给奶牛挤奶。The hands of the clock on the wall moved with a slight click. 墙上时钟的指针伴着轻轻的嘀嗒声走着。,,生义版面标签不计词义,手、指针和传递动词分开；原later不指定确切时间。,,EN-LEX-H-W006
handsome,7,'hænsəm,adj. 英俊的,,,,,,原节只给词义或词形，没有完整句例；需按实际句境选义。,,EN-LEX-H-W007
hang,8,hæŋ,v. 悬挂；垂下；绞死；吊死,"hang 作“悬挂”讲时,过去式和过去分词分别是 hung、hung;作“绞死”讲时,过去式和过去分词分别是 hanged、hanged；1hang on 稍等;别挂电话2hang out 闲逛3hang up 悬挂;挂起;挂断电话",,"I hung out with my friends and took lots of photos. 我和朋友们闲逛,拍了很多照片。",,,悬挂常hung，绞死常hanged；原hung out为闲逛不执行绞刑。,,EN-LEX-H-W008
happen,9,'hæpən,v. 发生；出现,"happen 常指“偶然”发生,且没有被动语态；1happen to do sth 碰巧做某事2it happens/happened that... 碰巧......",,"I happened to meet my teacher on my way home. 在回家的路上,我碰巧遇见了我的老师。It happened that she was out when we called. 我们打电话时她刚巧不在家。","happen 与 take place
1. happen 通常指发生具体的事件,特别指那些偶然的事件“发生”;
2. take place 通常指事先计划或预料到的事件“发生”，此外还有“举行”的意思。
The accident happened at six o'clock.
事故发生在六点钟。
Great changes have taken place in China.
中国已经发生了巨大的变化。
The sports meeting will take place in my school.
运动会将在我校举行。",,原偶然与计划为典型视角，take place不保证预先计划；发生义不被动。,知识-happen与take place的偶然视角和事件发生,EN-LEX-H-W009
happy,10,'hæpi,adj. 愉快的；高兴的；幸福的；满意的,1live a happy life 过着幸福的生活2be happy with/about...对......感到高兴/满意,<反> unhappy adj. 不高兴的; 不幸福的happily adv. 快乐地; 幸福地happiness n. 幸福,"Mr Black was happy with Justin's answer and praised him. 布莱克老师对贾斯汀的回答很满意,并且表扬了他。",,,以所列原例句的当前词义和结构为准；相关义项不能仅凭同一中文译词互换。,,EN-LEX-H-W010
hard,11,hɑː(r) d,adv. 努力地；大量地 adj. 硬的；困难的,1rain hard = rain heavily 下大雨2hard work 艰苦的工作3work hard 努力工作4it is hard for sb to do sth对某人来说做某事是困难的5it's hard to say 很难说,,"You will fail unless you work hard.如果你不努力工作,就会失败。",,,副词努力与形容词困难；unless不努力失败不反推努力必成功。,初中\英语\词汇\词汇辨析\知识-hard与hardly.md,EN-LEX-H-W011
hardly,12,'hɑː(r) dli,adv. 几乎不；几乎没有,hardly ever 几乎不,,I hardly ever watch TV; I love reading.我几乎从不看电视;我喜欢读书。,,,hardly ever几乎从不，保留几乎，不当严格零次。,初中\英语\词汇\词汇辨析\知识-hard与hardly.md,EN-LEX-H-W012
harm,13,hɑː(r) m,v. & n. 伤害；损害,do harm to 对......造成伤害,harmful adj.有害的,He will do serious harm to my business.他将严重损害我的生意。,,,以所列原例句的当前词义和结构为准；相关义项不能仅凭同一中文译词互换。,,EN-LEX-H-W013
hat,14,hæt,n.帽子,put on/take off a hat 戴/脱帽子,,He put on a hat and went out.他戴上一顶帽子出去了。,,,以所列原例句的当前词义和结构为准；相关义项不能仅凭同一中文译词互换。,,EN-LEX-H-W014
hate,15,heɪt,v.厌恶；讨厌,hate to do/doing sth 讨厌做某事,hateful adj.可憎的;可恨的;可恶的,She hates driving. 她讨厌开车。,,,以所列原例句的当前词义和结构为准；相关义项不能仅凭同一中文译词互换。,,EN-LEX-H-W015
have,16,hæv,v.(had/had)有；经历；经受；吃,1have to 不得不2have sth done 让别人做某事3have been to... 去过(已回)4have gone to... 去了(未回)5have fun/a good time 玩得愉快6have a cold/fever/headache感冒/发烧/头疼7have a rest 休息8have breakfast/lunch/supper吃早/午/晚饭9have a try 试一试,,She will have to walk to school.她将不得不走着去上学。We must have the machine repaired as soon as possible.我们必须尽快请人把机器修好。,"have | 某人拥有某物 | 侧重于主观方面 | 强调所有关系,主语多是人
there be | 某处有/存在某物 | 侧重于客观方面 | 不强调此物归谁所有

I have a new watch. 我有一块新手表。
There is a watch on the desk. 桌子上有一块手表。",,拥有、义务have to、宾补与完成助动不同；宾补受事不等于完成时。,初中\英语\语法\动词的非谓语形式\知识-have三种宾补的安排过程与受事.md；初中\英语\语法\基本句型\知识-there be的存在陈述与疑问结构.md,EN-LEX-H-W016
he,17,hiː,pron.他,,,,,,原节只给词义或词形，没有完整句例；需按实际句境选义。,,EN-LEX-H-W017
head,18,hed,n.头 adj.领头的,nod/shake one's head 点头/摇头,,She nodded her head in agreement.她点头表示同意。,,,以所列原例句的当前词义和结构为准；相关义项不能仅凭同一中文译词互换。,,EN-LEX-H-W018
health,19,helθ,n.健康；人的身体（或精神）状态,1be good/bad for one's health对某人的健康有益/害2be in good health 身体健康,healthyadj.健康的,Exercise is good for your health.运动对你的健康有好处。,状态,换行状态归并,名词health与healthy形容词位置不同；原泛谈英语句例不提供个人运动处方。,,EN-LEX-H-W019
healthy,20,'helθi,adj. 健康的,keep/stay healthy 保持健康,<反>unhealthy adj.不健康的,"To keep healthy, you should take more exercise.为了保持健康,你应该多做运动。",,,保持健康评价不同于已经具备健康证明；exercise量原未给。,,EN-LEX-H-W020
hear,21,hɪə / hɪr,v. (heard/heard) 听到；听见,1hear about/of 听说2hear from sb 收到某人的来信3hear sb do sth听到某人做某事(指听到全过程)4hear sb doing sth 听到某人正在做某事,,Jack heard from his parents yesterday.杰克昨天收到了他父母的来信。I heard him singing in the room.我听见他正在房间里唱歌。,"hear、hear of/about 与 hear from
1. hear 意为“听见”，强调听的结果。
2. hear of/about 意为“听说”，强调间接听到有关某人或某事的情况。
3. hear from 意为“收到……的来信”，后面不能接信件，要接人。",,from信息来源，about/of消息主题；听到过程不推全程完整。,知识-hear与hear about及hear from的听到听说和收到联系,EN-LEX-H-W021
heart,22,hɑː(r)t,n. 内心；心脏,1lose heart 丧失信心;泄气2break one's heart 使某人心碎3from the bottom of one's heart从某人心底里,,"When facing difficulties, don't lose heart.面对困难时,不要丧失信心。",,,以所列原例句的当前词义和结构为准；相关义项不能仅凭同一中文译词互换。,,EN-LEX-H-W022
heat,23,hiːt,n. 热；高温 v. 加热；变热,,,,,,原节只给词义或词形，没有完整句例；需按实际句境选义。,,EN-LEX-H-W023
heavy,24,'hevi,adj. 重的；（在数量、程度等方面）超出一般的,1heavy snow/rain 大雪/暴雨2heavy traffic 交通繁忙,heavily adv. 沉重地;猛烈地;大量地,The heavy rain has caused floods in many areas. 大雨导致很多地区发了洪水。,,,以所列原例句的当前词义和结构为准；相关义项不能仅凭同一中文译词互换。,,EN-LEX-H-W024
height,25,haɪt,n. 身高；高度,be of medium height 中等身高,highadj.高的 adv.在高处;向高处;高(地),Jack is a handsome boy who is of medium height. 杰克是一个中等身高的英俊的男孩。,,,以所列原例句的当前词义和结构为准；相关义项不能仅凭同一中文译词互换。,,EN-LEX-H-W025
hello,26,həˈləʊ,interj.你好；喂,,,,,,原节只给词义或词形，没有完整句例；需按实际句境选义。,,EN-LEX-H-W026
help,27,help,v.&n.帮助；援助,1help sb (to) do sth 帮助某人做某事2help sb with sth 帮助某人做某事3ask for help 求助4help sb out 帮助某人摆脱困境5with sb's help = with the help of sb在某人的帮助下6can't help doing sth 忍不住做某事,helpfuladj.有用的;有帮助的helpless adj.无助的,"Please help us carry the box.请帮助我们搬这个箱子。She was too shy to ask anyone for help.她太腼腆,不愿向任何人求助。",,,help sb (to) do与can’t help doing不同；请求帮助不证明已帮助。,,EN-LEX-H-W027
helpful,28,'helpfl,adj. 有用的；有帮助的,1be helpful to sb 对某人有帮助2be helpful (for sb) to do sth(对某人来说)做某事有帮助,<反> unhelpful adj.无益的;无用的,Doing housework is helpful for us to be a responsible person. 做家务有助于我们成为一个负责任的人。,,,原housework为活动主语；a responsible person分配到个人，不能说全体成为一个人。,,EN-LEX-H-W028
hen,29,hen,n. 母鸡,,,,,,原节只给词义或词形，没有完整句例；需按实际句境选义。,,EN-LEX-H-W029
her,30,hɜː(r),pron.她的；她（she宾格，规范补充）,,,,,原词目只列她的，宾格为规范补清,原只列所属她的；规范也可作she宾格，需按位置读，缺漏不补造例题。,,EN-LEX-H-W030
here,31,hɪə(r) / hɪr,adv.（用以介绍某人或某物）这就是；在这里,,,,,,原节只给词义或词形，没有完整句例；需按实际句境选义。,,EN-LEX-H-W031
hero,32,'hɪərəʊ /  'hɪrəʊ,n. (pl. heroes) 英雄；男主角,,,,,,原节只给词义或词形，没有完整句例；需按实际句境选义。,,EN-LEX-H-W032
hers,33,hɜː(r)z,pron.她的,,,,,,名词性物主代词独立替所属名词，不再后接名词。,,EN-LEX-H-W033
herself,34,hɜː(r)'self,pron.(she的反身代词)她自己,"by herself(她)独自,单独",,She lives by herself.她独自一人生活。,她自己,换行她自己归并,by herself独自生活不证明主观孤独；反身形式与she配合。,,EN-LEX-H-W034
hi,35,haɪ,interj. (用于打招呼) 嗨；喂,,,,,,原节只给词义或词形，没有完整句例；需按实际句境选义。,,EN-LEX-H-W035
hide,36,haɪd,v. (hid/hidden) 隐藏；隐蔽；躲；躲藏,1hide behind/under sth/sb躲在某物/某人的后面/下面2hide the fact 隐藏事实;隐藏真相,,"The little girl is so shy that she always hides herself behind her mother when meeting a stranger. 这个小女孩是如此害羞,以至于遇见陌生人的时候,总是藏在她妈妈身后。",,,以所列原例句的当前词义和结构为准；相关义项不能仅凭同一中文译词互换。,,EN-LEX-H-W036
high,37,haɪ,adj. 高的 adv. 在高处；向高处；高（地）,junior/senior high school 初中/高中,highly adv.很;非常heightn.身高;高度,I can't believe that today is the last day of junior high school.我不敢相信今天是初中的最后一天。,,,以所列原例句的当前词义和结构为准；相关义项不能仅凭同一中文译词互换。,,EN-LEX-H-W037
hike,38,haɪk,v. 去……远足；徒步旅行 n. 远足；徒步旅行,go hiking 去远足;去徒步旅行,,"If the weather's fine, we'll go hiking this weekend. 如果天气好,我们这个周末就去远足。",,,以所列原例句的当前词义和结构为准；相关义项不能仅凭同一中文译词互换。,,EN-LEX-H-W038
hill,39,hɪl,n. 小山；山丘,,,,,,原节只给词义或词形，没有完整句例；需按实际句境选义。,,EN-LEX-H-W039
him,40,hɪm,pron. (he 的宾格) 他,,,,,,原节只给词义或词形，没有完整句例；需按实际句境选义。,,EN-LEX-H-W040
himself,41,hɪm'self,pron. 他自己,,,,,,原节只给词义或词形，没有完整句例；需按实际句境选义。,,EN-LEX-H-W041
his,42,hɪz,pron.他的,,,,,,原节只给词义或词形，没有完整句例；需按实际句境选义。,,EN-LEX-H-W042
history,43,'hɪstri,n. 历史,,,,,,原节只给词义或词形，没有完整句例；需按实际句境选义。,,EN-LEX-H-W043
hit,44,hɪt,v. (hit/hit) (用手或器具) 击；打,hit sb+in/on+the+身体的某一部位打某人的身体的某一部位,,The stone hit him on the head.石头击中了他的头。,,,人him和部位on the head角色分开，不凭部位自行添加伤势。,,EN-LEX-H-W044
hobby,45,'hɒbi /  'haːbi,n.业余爱好,,,,,,原节只给词义或词形，没有完整句例；需按实际句境选义。,,EN-LEX-H-W045
hold,46,həʊld,v. (held/held) 拥有；抓住；握着；举行；控制；包含,1hold on 别挂电话2hold a meeting 举行会议3hold one's breath 屏住呼吸,,The meeting will be held in the community centre.会议将在社区活动中心举行。,,实际PDF第21页恢复be held空格,实际页be held恢复空格；will被动安排未证明会议已经举行。,,EN-LEX-H-W046
hole,47,həʊl,n. 洞；孔；坑,,,,,,原节只给词义或词形，没有完整句例；需按实际句境选义。,,EN-LEX-H-W047
holiday,48,'hɒlədeɪ /  'hɑːlədeɪ,n. 假期；假日,1on holiday 在休假中;在度假中2summer/winter holiday 暑/寒假3take a holiday 休假,,She is on holiday in France.她正在法国度假。,,,以所列原例句的当前词义和结构为准；相关义项不能仅凭同一中文译词互换。,,EN-LEX-H-W048
home,49,həʊm,n. 家；活动本部 adv. 到家；在家,1go home 回家2get home 到家3stay at home 待在家里4make oneself at home 别拘束5on one's way home 在某人回家的路上,homeless adj.无家可归的,He usually gets home at six.他通常6点到家。,,,get/go home原home副词不再接to；stay at home名词介词框架不同。,,EN-LEX-H-W049
hometown,50,'həʊmtaʊn,n. 家乡；故乡,,,,,,原节只给词义或词形，没有完整句例；需按实际句境选义。,,EN-LEX-H-W050
homework,51,'həʊmwɜː(r)k,n. 家庭作业,do (one's) homework 做家庭作业,,"Have you done your homework, Gemma?你做完家庭作业了吗,杰玛?",,,以所列原例句的当前词义和结构为准；相关义项不能仅凭同一中文译词互换。,,EN-LEX-H-W051
honest,52,'ɒnɪst,adj. 诚实的；老实的,"honest 的第一个字母 h 不发音,发音的第一个音素是元音音素,故其前有不定冠词时应用 an；to be honest 老实说;说实在的",<反> dishonest adj. 不诚实的honesty n. 诚实,"To be honest, the house is not quite our style. 说实话,我们不大喜欢这房子。",,,h不发音按首音元音用an，不仅看首字母。,,EN-LEX-H-W052
honey,53,'hʌni,n.蜂蜜,,,,,,原节只给词义或词形，没有完整句例；需按实际句境选义。,,EN-LEX-H-W053
honour (AmE honor),54,'ɒnə(r) / ˈɑːnər,v.尊重；表示敬意 n.荣幸；荣誉,in honour of...为向......表示敬意;为了纪念......,,The stadium was named in honour of the club's first chairman. 该体育馆是为了纪念俱乐部的第一任主席而命名的。,,,以所列原例句的当前词义和结构为准；相关义项不能仅凭同一中文译词互换。,,EN-LEX-H-W054
hope,55,həʊp,v.&n.希望,1hope to do sth 希望做某事2hope+that 从句 希望......3I hope so/not. 希望如此/但愿不会。,hopeless adj. 绝望的;无望的 hopeful adj. 抱有希望的;持乐观态度的,I hope to watch the football game again. 我希望再看一次足球赛。,"hope 与 wish
1. hope 和 wish 后都不能接动词-ing 形式, 但可以接动词不定式, 意思都是“想; 希望”。
I hope to visit Hangzhou. 我希望去游览杭州。
I wish to visit Beijing. 我希望去游览北京。
2. wish 后可接动词不定式作宾语补足语,但 hope 不可以。
I wish my parents to go with me.
我希望我的父母和我一起去。
3. wish 后可以跟双宾语,用来表示祝愿,但 hope 不能这样用。
I wish you success. 我祝你成功。",,hope/wish不定式、他人宾补和祝愿双宾分开；wish to不代表不可能。,知识-hope与wish的自身愿望他人行动和祝愿,EN-LEX-H-W055
horse,56,hɔː(r) s,n. 马,,,,,,原节只给词义或词形，没有完整句例；需按实际句境选义。,,EN-LEX-H-W056
hospital,57,'hɒspɪtl /  'hɑːspɪtl,n. 医院,1in hospital(生病)住院2in the hospital在医院里,,"While you're in hospital, it's good to read some books or listen to some music.当你住院的时候,读一些书或者听一些音乐是很好的。",,,原英式in hospital住院；美式住院可in the hospital，不由the排除病人。,,EN-LEX-H-W057
host,58,həʊst,n. 主人；东道主,host family 寄宿家庭;接待家庭,hostessn.女主人,The host family is very nice to me.寄宿家庭对我很好。,,,以所列原例句的当前词义和结构为准；相关义项不能仅凭同一中文译词互换。,,EN-LEX-H-W058
hot,59,hɒt / haːt,adj. 热的；辣的,,,,,,原节只给词义或词形，没有完整句例；需按实际句境选义。,,EN-LEX-H-W059
hotel,60,həʊˈtel,n. 旅馆；酒店,,,,,,原节只给词义或词形，没有完整句例；需按实际句境选义。,,EN-LEX-H-W060
hour,61,'aʊə(r),n. 小时,1an hour 一个小时2half an hour 半小时,,I'll be back in half an hour.我半小时之后回来。,,,in half an hour返回等待间隔，未承诺从现在连续返回行动半小时。,,EN-LEX-H-W061
house,62,haʊs,n.房子,,,,,,原节只给词义或词形，没有完整句例；需按实际句境选义。,,EN-LEX-H-W062
housework,63,'haʊswɜː(r)k,n. 家务劳动；家务事,do the housework 做家务,,We can help our parents do the housework.我们可以帮父母做家务。,,,以所列原例句的当前词义和结构为准；相关义项不能仅凭同一中文译词互换。,,EN-LEX-H-W063
how,64,hau,adv. 怎样；如何,1how about... ......怎么样2how far 多远 3how old 多大4how long 多长时间;多长(询问长度)5how often 多久一次6how soon 多久以后7how many 多少(修饰可数名词)8how much 多少(修饰不可数名词);多少钱,,How much water do you need?你要多少水?,"how long | 多长时间 | 对一段时间进行提问
how often | 多久一次 | 对频率进行提问
how soon | 多久以后 | 对表示将来的一段时间进行提问

How long will the flight take?
此次航班将飞行多长时间？
How often do you go swimming?
你多久去游泳一次？
How soon will his mother come back?
他的妈妈多久会回来？",,持续、频率、等待分别问，will不保证是how soon。,初中\英语\语法\句子的种类\知识-疑问词组的信息类别与单位.md,EN-LEX-H-W064
however,65,haʊ'evə(r),adv. 然而；不过,,,,,,原节只给词义或词形，没有完整句例；需按实际句境选义。,,EN-LEX-H-W065
hug,66,hʌg,n. 拥抱；搂抱 v. (hugged/hugged) 拥抱；搂抱,give sb a hug 给某人一个拥抱,,She gave her mother a big hug.她热烈地拥抱了她的母亲。,,,以所列原例句的当前词义和结构为准；相关义项不能仅凭同一中文译词互换。,,EN-LEX-H-W066
huge,67,hjuːdʒ,adj. 巨大的；极多的,,,,,,原节只给词义或词形，没有完整句例；需按实际句境选义。,,EN-LEX-H-W067
human,68,'hjuːmən,adj. 人的 n. 人,,,,,,原节只给词义或词形，没有完整句例；需按实际句境选义。,,EN-LEX-H-W068
humour (AmE humor),69,'hju:mə(r),n.幽默,sense of humour 幽默感,humorous adj.幽默的,I can't stand people with no sense of humour. 我不能忍受没有幽默感的人。,,,以所列原例句的当前词义和结构为准；相关义项不能仅凭同一中文译词互换。,,EN-LEX-H-W069
hungry,70,'hʌŋgri,adj. 饥饿的；渴望的,1be/feel hungry 感到饥饿2be hungry for 渴望得到;渴求,hunger n. 饥饿,"In today's world, many people are hungry for good education. 在当今世界,许多人都渴求好的教育。",,,hungry for education为渴求，非要吃教育；不同词义先辨。,,EN-LEX-H-W070
hunt,71,hʌnt,v.&n.打猎,,hunter n.猎人;狩猎者,Lions sometimes hunt alone.狮子有时候单独猎食。,,,以所列原例句的当前词义和结构为准；相关义项不能仅凭同一中文译词互换。,,EN-LEX-H-W071
hurry,72,'hʌri,v. 匆忙；赶快 n. 匆忙；急忙,1hurry to sp 匆忙赶往某地2in a hurry 匆忙3hurry up (with sth)赶快;急忙(做某事),,She went into the classroom in a hurry.她匆忙进了教室。,,,in a hurry为方式，hurry up催促，原没有具体速度数值。,,EN-LEX-H-W072
hurt,73,hɜː(r) t,v. (hurt/hurt)(使) 疼痛；受伤；伤害 adj. 受伤的,get hurt 受伤,,"Stop that or you'll get hurt!停下来,不然你会受伤的!",,,get hurt为受伤状态变化；原or警告结果未证明已经受伤。,,EN-LEX-H-W073
husband,74,'hʌzbənd,n. 丈夫,,,,,,原节只给词义或词形，没有完整句例；需按实际句境选义。,,EN-LEX-H-W074
