方法,原说明与原例,来源编号,分册,原文行号,实际PDF页码
"抓住题眼,确定重点","抓住题眼,确定重点；题目中最能体现题旨的关键字词也称“题眼”。抓住题眼,是确定文章写作中心和文体的关键。审题时,要理解词语的内涵和外延,切入题意的深层。短语式标题往往以偏正、并列、动宾等结构出现,这类命题限制性更多,审读题眼尤为重要。；2024河南中考的题目一为《我的成功密码》。“我的成功密码”的关键词是“我”“成功密码”。“我”要求考生围绕自己的经历和体验来展开写作;“成功密码”则暗示考生要找到并揭示帮助自己成功的关键因素或方法。",CN-WRITE-C02R1,351-361,71—83,2
"由表及里,挖掘深意","由表及里,挖掘深意；有些题目不仅要写表面的东西,还要写出题目中的深层含义,因此审题时不能只照字面意思去理解,还应该透过字面意思去挖掘隐藏于其后的内涵。；2024北京中考的题目二为《盘中餐》。结合导语可知,“盘中餐”不只是盘中的一饭一蔬,考生还需要深入挖掘食物背后的情感或意义,即家庭的温暖、稼穑的艰辛、故土的风情、文化的厚重等。",CN-WRITE-C02R2,351-361,71—83,2
"虚实结合,虚实相生","虚实结合,虚实相生；有些题目比较具体,我们需要化实为虚,对题目内涵进行深化;有些题目比较抽象,我们需要化虚为实;还有些题目虚实兼备,我们写作时就需要虚实结合。；2024山东滨州中考的作文题目是《那节课,触动了我的心灵》。“那节课”可以是在学校上的一节课,也可以是人生这个大课堂中对我们有所触动的某个瞬间。写作时要写清“那节课”如何触动了自己的心灵,对自己产生了怎样的影响,使自己有了怎样的感悟。",CN-WRITE-C02R3,351-361,71—83,2
"把握内涵,梳理关系","把握内涵,梳理关系；有些题目由两个或两个以上的概念组成,审题的关键是要在把握概念内涵的基础上,找准这些概念之间的关系。；2024吉林中考的题目一是《情味浸润的时光》。从题目中可以提取到“情味”“时光”两个重点词。“情味”暗示着作文需要展现某种深刻的情感或情绪,这种情感应该是具体、真实且打动人心的。“时光”则限定了作文的时间背景。联系两个词可知,题目要求描绘一段具体的、有情感色彩的时间段。",CN-WRITE-C02R4,351-361,71—83,2
"添加词语,构成语境","添加词语,构成语境；审题时可以通过在脑海中给题目添加词语,来明确自己要写的内容和表达的主旨,这可以使我们快速确定写作方向,更好地紧扣中心。；2024江苏连云港中考的题目《天呐,原来这么有意思》。可以在脑海中在“原来”“这么”间补充一门新技能、一次特殊的活动等,表达从中体会到的乐趣或感悟到的哲理。",CN-WRITE-C02R5,351-361,71—83,2
合理准确,"合理准确；首先,要认真看题目的导语和要求。有些导语和要求对题目所需填写的内容起限制或提示作用。如2024年湖北中考题目《___那棵树》,提示可补充“欣赏”“超越”或“窗外”“儿时”等。其次,要注意填入的词语需合乎语法规范和用语习惯。最后,补完题后要反复读几遍,确保搭配和谐,语句通顺。",CN-WRITE-C03R1,351-361,85—105,3、4
描写类,"描写类；描写类微写作其实就是片段描写,或是景物描写,或是人物外貌、动作、语言、心理等描写。描写类微写作往往需要抓住景物或人物最鲜明的特征,运用较为简洁的语言,描绘出其神韵。写作时要注意以下三点:1严格遵循此类描写要求,突出这类描写的特点。2直接切入,不蔓不枝,切忌拖泥带水。3力求形式多样,语言形象。",CN-WRITE-C06R1,351-361,204—222,6
叙述类,"叙述类；叙述类微写作是聚焦特定场景或事件片段,运用叙事手法传递情感或哲思的写作形式。区别于完整叙事文,更强调“叙事片段”的呈现。写作时要注意以下三点:1详略得当,主次分明,该详的重点叙述,该略的一笔带过。2有情节,层次分明,思路清晰。3简洁优美,避免拖沓冗长或平淡无奇。",CN-WRITE-C06R2,351-361,204—222,6
议论类,"议论类；议论类微写作就是一篇浓缩的议论文。写作时要注意以下三点:1开门见山,提出论点。可在文首直截了当地表明观点,也可巧借名言亮明观点,还可提出问题引人深思。2事理结合,精选典型论据。在议论文写作中,既要运用道理论据,又要运用事实论据,二者结合是议论文常用的写法。具体运用时要注意论据的典型性与准确性。3围绕论据,适当分析。议论类微写作要观点鲜明、有理有据,能自圆其说。",CN-WRITE-C06R3,351-361,204—222,6
抒情类,"抒情类；抒情类微写作在中考里考查得比较多。写好这类作文,要注意:1巧用称谓,灵活运用第二人称,以引起读者的注意与思考,拉近与读者之间的心理距离,便于抒情。2要灵活运用多种抒情方式,如直抒胸臆与间接抒情。当然,间接抒情更要注意抒情对象,灵活地融情于景、融情于事、融情于理。",CN-WRITE-C06R4,351-361,204—222,6
说明类,"说明类；说明类的微写作要求以说明为主要表达方式,用简明扼要的文字介绍事物或解释事物原理,写作时注意以下三点:1抓住特征,特征是某事物区别于其他事物的标志,即事物的个性。2合理安排说明顺序,多用“总—分—总”的结构。3采用恰当的说明方法。恰当的说明方法能把事物说得清楚明白,便于读者理解。外在特征包括颜色、质地、形状等,内在特征",CN-WRITE-C06R5,351-361,204—222,6
围绕中心,"围绕中心；材最基本的要求文章的中心决定了材料的取舍,和文章中心有关的就用,和文章中心无关的就舍。；老舍《济南的冬天》的主题思想是对济南特有的冬景的喜爱和赞美。老舍笔下的济南的冬天最突出的特点是“温晴”,围绕这个特点,文章选取了以下材料:阳光朗照下的山、薄雪覆盖下的山、不结冰的水、绿藻等。",CN-WRITE-C08R1,351-361,237—256,7、8
真实新颖,"真实新颖；1真实,是指选择的材料应该是自己经历的事情,而不是道听途说或无中生有编造出来的。要善于从生活中发掘有意义的材料。2新颖,是指新而别致。新颖的材料应该是别人未使用过的或者虽已有人用过,但自己又有新的感悟的材料。；鲁迅《阿长与〈山海经〉》向我们展示了一个真实而可爱的“长妈妈”,作者并未只关注长妈妈的闪光点,而是从其缺点入手。阿长不无愚昧、可笑之处,但她对作者的无私关怀让作者永远怀念,这样真实的阿长也留在了读者心中。",CN-WRITE-C08R2,351-361,237—256,7、8
具体典型,"具体典型；1具体,是指所写材料的细节、内容明确,不笼统。把一个场面或片段分解成几个部分,把人物的行动分解成若干动作,或者依据一定的时间或空间顺序多写几个层次,都可以使材料更具体。2典型,是指材料要有代表性,最能反映事物的本质,最能表现文章的主题。要选出典型的材料,就要学会在比较中选择。；魏巍《谁是最可爱的人》选用了三个典型事例——松骨峰战斗、青年战士救助朝鲜群众、作者与一位战士的谈话,分别来表现志愿军战士的英雄主义精神、国际主义精神和爱国主义精神。这三个事例极具典型性,从不同方面具体表现了志愿军战士共有的崇高品格。",CN-WRITE-C08R3,351-361,237—256,7、8
线索贯串,"线索贯串；指在构思文章时,选择一个和主题紧密相连的人或物作为文章的线索,贯穿文章始终,从而形成文章的骨架。写文章有一个明显的线索,会使文章结构严谨。同时,线索的反复出现,在行文节奏上还会给人一唱三叹的感觉,使文章富有美感。",CN-WRITE-C09R1,351-361,258—280,8
片段组合,"片段组合；指根据表达的需要,选择生动的人物、事件或景物的几个描写片段,把它们有机组合起来,共同表现一个主题。片段组合法可以在较短的篇幅内多角度地表现人物,叙述事件,描写景物,使文章内涵丰富起来。",CN-WRITE-C09R2,351-361,258—280,8
对比反衬,"对比反衬；指将对立的人、事、物放在一起,通过它们的强烈反差来突显主题。用对立的人、事、物来做对照,形成鲜明的反差,可以使文章具有较强的感染力。",CN-WRITE-C09R3,351-361,258—280,8
扬抑对照,"扬抑对照；欲扬先抑,欲抑先扬,可形成前后对照,给人以深刻的印象,还能使文章叙述有起伏,形成波澜。",CN-WRITE-C09R4,351-361,258—280,8
设置悬念,"设置悬念；指在文章的开头或中间设置疑团,引起读者的关注,激发读者的兴趣,让读者读完全文才恍然大悟。设置悬念的关键是使所述事物不符常规,从而让读者心中产生疑问。",CN-WRITE-C09R5,351-361,258—280,8
创造误会,"创造误会；指在文学作品中,人物的一方对另一方产生误会,或者两人互相误会,从而引发矛盾,推进情节发展。使用这种方法可以使人物情感的层层递进,还可以让文章跌宕起伏、扣人心弦。",CN-WRITE-C09R6,351-361,258—280,8
转换视角,"转换视角；指改变以“我”为主的常规视角,换一个角度来写。例如写人与物之间的故事时,以“物”的视角来写,就会给人耳目一新的感觉,也有利于将老材料写出新意。",CN-WRITE-C09R7,351-361,258—280,8
开门见山,"开门见山；开头干脆利索,直奔主题,直接让读者明白要写什么,让其产生阅读期待。这样的开头适用于观点新颖,对人、事、物有独特见解的作文。；梁启超《敬业与乐业》开头引用国人熟悉的儒家经典《礼记》和道家经典《老子》中的格言,开宗明义地提出了“‘敬业乐业’四个字,是人类生活的不二法门”这一中心论点。",CN-WRITE-C10R1,351-361,282—292,8、9
可使用倒叙、设问设置悬念,"可使用倒叙、设问设置悬念；先摆出一个悬而未决的问题,或先截取一个精彩的事件片段,或先描写一个发生故事的场景,或先给出故事或人物的结局,给读者留下悬念。；郑振铎《猫》的开头,“我家养了好几次的猫,结局总是失踪或死亡”,设置悬念,交代几次养猫的结局,总领全文,为全文奠定感情基调。",CN-WRITE-C10R2,351-361,282—292,8、9
环境描写,"环境描写；从环境描写入手,交代故事发生的背景,形成一种叙事或抒情的氛围,能为下文叙事写人做铺垫,使读者提前形成一种情感体验,避免平铺直叙的单调。；彭荆风《驿路梨花》的开头,“山,好大的山啊!起伏的青山一座挨一座,延伸到远方,消失在迷茫的暮色中”交代故事发生的时间、地点,烘托“我们”赶路时焦急的心情。",CN-WRITE-C10R3,351-361,282—292,8、9
巧用修辞,"巧用修辞；作文开头如果能熟练运用修辞手法修饰语言,就能让读者眼睛为之一亮,对文章产生好感。用新颖贴切的比喻开头,能够激发想象;用鲜明突出的对比开头,能够彰显主题;用整齐优美的排比开头,能够增强语势;引用脍炙人口的诗词开头,能够彰显文化底蕴......；老舍《济南的冬天》一文,开头将济南的冬天和北平、伦敦、热带地区的冬天对比,突显济南冬天气的温晴,表达对济南的喜爱之情。",CN-WRITE-C10R4,351-361,282—292,8、9
回忆联想,"回忆联想；由人、事、景、物等引起回忆或联想,引出下文,展开情节,这种方法就叫回忆联想法。运用回忆联想法开头,给人一种亲切自然的感受。；“每当我看到书桌上的照片,照片里那个笑容灿烂的女孩总会把我拉回到那段美好的回忆里。”由照片引起回忆,吸引读者的阅读兴趣。",CN-WRITE-C10R5,351-361,282—292,8、9
对话开头,"对话开头；采用对话的形式开头,对话一定要写得精彩、有意义,紧扣中心。；“小明,起床了!”“嗯......好......嗯......”“妈妈要上班去了,你赶快起来!”“我就睡......五分钟......”“等一下我走了你会睡过头的。”“只睡......五分钟......”这种开头起笔自然,往往给人以新鲜的感觉。",CN-WRITE-C10R6,351-361,282—292,8、9
巧设题记18,"巧设题记18；题记是写在题目下面、正文之前的一段言简意赅、意蕴丰富、语言优美的文字。好的题记能够迅速吸引读者,给文章增添韵味和美感。",CN-WRITE-C10R7,351-361,282—292,8、9
自然收束可避免画蛇添足、无病呻吟,"自然收束可避免画蛇添足、无病呻吟；文章内容表达完成,自然而然地收束全文,而不设计蕴意深刻的哲理语句,不雕琢丰富的象征形体。自然收束法常用于记叙类的文章,这种方法的好处是干净利落。；契诃夫《变色龙》的结尾,“‘我早晚要收拾你!’奥楚蔑洛夫向他恐吓说,裹紧大衣,穿过市场的广场径自走了”,干净利落,发人深省。",CN-WRITE-C11R1,351-361,294—310,10
首尾呼应,"首尾呼应；指结尾与开头相呼应,写出既呼应开头,又不只是简单重复的语句。这种收束方法能唤起读者心理上的美感,产生一种首尾圆合、浑然一体的效果。；朱自清《背影》的结尾提到“那肥胖的、青布棉袍黑布马褂的背影”与首段“我最不能忘记的是他的背影”相呼应,使主题更加突出,引起读者共鸣。",CN-WRITE-C11R2,351-361,294—310,10
卒章显志,"卒章显志；卒章显志就是在文末揭示文章中心。一篇文章要在结尾点明主旨,最直接的方法就是用抒情、议论的句子来揭示事件的意义。；茅盾《白杨礼赞》最后一段通过让“看不起民众......的人们”去赞美楠木、鄙视白杨树,突出作者对白杨树的赞美之情。卒章显志,点明了文章歌颂像白杨树一样坚韧不拔、正直质朴的北方农民的主旨。",CN-WRITE-C11R3,351-361,294—310,10
景物渲染,"景物渲染；通过景物描写渲染气氛,烘托人物心情,可以达到情景交融的效果,并突出或深化主旨,引起读者更多的共鸣。；史铁生《秋天的怀念》的结尾,“黄色的花淡雅,白色的花高洁,紫红色的花热烈而深沉,泼泼洒洒,秋风中正开得烂漫。我懂得母亲没有说完的话。妹妹也懂。我俩在一块儿,要好好儿活......”景物描写和作者含蓄的抒情结合在一起,各种颜色的菊花象征母亲坚强的品格,作者从中感受到生活的美好,重获活下去的勇气。这些花表现出生命的绚丽多彩,也寄托着作者对母亲的深切思念。",CN-WRITE-C11R4,351-361,294—310,10
余音绕梁,"余音绕梁；也叫含蓄结尾法,就是把要说的话、表达的真情隐藏起来,使文章结尾留有空白,从而给人留下无穷的想象余地,把读者引向更深远的境地,有“余音绕梁,三日不绝”之奇效。可采用比喻、象征手法和空白艺术,使其耐人寻味。；李森祥的《台阶》的结尾,“怎么了呢,父亲老了”戛然而止,给人意犹未尽的感觉。",CN-WRITE-C11R5,351-361,294—310,10
引用名句,"引用名句；指用名言、警句、诗句、俗语、歌词等收尾,着意于引申文章,揭示某种人生真谛。这种方法,能用三言两语表述出含意深刻、耐人寻味的哲理或警策性内容,使之深深地印在读者心中。；彭荆风《驿路梨花》的结尾引用陆游的诗句“驿路梨花处处开”增添了文化韵味。“处处开”的“梨花”饱含作者对边疆少数民族的淳朴民风、互帮互助的良好社会风气的赞美之情。",CN-WRITE-C11R6,351-361,294—310,10
巧妙用词20,"巧妙用词20；写作文,要做到篇中炼句,句中炼字。结合具体的语言环境,选择最切合主题的词语,尤其是生动传神的动词和形象鲜活的形容词。如朱自清《春》“小草偷偷地从土里钻出来”中的“钻”字,“小草也青得逼你的眼”中的“逼”字,描绘了万物复苏的情态,生动贴切。",CN-WRITE-C12R1,351-361,312—328,11
巧用修辞,"巧用修辞；巧妙恰当地运用修辞手法,能使文章语言富有文采,增强语言的表现力。常用的修辞手法有比喻、拟人、引用、排比、夸张、对偶、反问、设问、反复等。为了满足表达需要,可综合使用多种修辞手法。运用修辞要符合事物特点,不可生硬堆砌",CN-WRITE-C12R2,351-361,312—328,11
活用句式,"活用句式；整散结合,舒卷自如。所谓整句是指字数相近、结构相似、内容相关的一组句子;散句是相对于整句而言的,它不太注重句子的整齐对称,而是长短自由,结构多样,灵活诗意。在作文中,整中有散,语气舒缓;散中有整,诗意灵动。",CN-WRITE-C12R3,351-361,312—328,11
活用句式,"活用句式；长短交替,错落有致。长句的特点是句子长,字数多,结构复杂,信息丰富;短句的特点是句子短,字数少,生动活泼。长句悠扬,余音袅袅;短句铿锵,珠落玉盘。长句与短句交替使用,可使句子错落有致,呈现出节奏美。",CN-WRITE-C12R4,351-361,312—328,11
善用描写21,"善用描写21；人物描写。抓住最能体现人物特征的方面进行描写。可有意地运用一些技巧,使表达不落俗套,如外貌描写不用“有”,而用形容人物形象特点的词自然串联;语言描写不用“说”,而是在语言前面加上动作和神态描写自然引出;心理描写不用想,而是加上一些感叹词,使文章简洁生动。",CN-WRITE-C12R5,351-361,312—328,11
善用描写21,"善用描写21；自然环境描写。根据表达的需要灵活运用固定立足点和变换立足点两种观察方法,或远观,或近觑,或仰视,或俯瞰。注意观察的顺序,按照空间的变换(由近及远或由上而下等)、时间的变化或游览的先后等顺序展开描写。这也提示我们要进行多角度、多侧面的描写。",CN-WRITE-C12R6,351-361,312—328,11
