分类,称谓或用语,含义,使用依据与边界,来源
交友,贫贱之交,用于称贫穷而地位低下时结交的朋友。,先辨友谊建立的条件，贫贱身份、童年经历、年龄差和共同患难不是同一维度；可同时适用数类。,101—150/full.md第336行；CN-CUL
交友,金兰之交,用于称情谊契合的朋友。,先辨友谊建立的条件，贫贱身份、童年经历、年龄差和共同患难不是同一维度；可同时适用数类。,101—150/full.md第336行；CN-CUL
交友,刎颈之交,用于称同生死、共患难的朋友。,先辨友谊建立的条件，贫贱身份、童年经历、年龄差和共同患难不是同一维度；可同时适用数类。,101—150/full.md第336行；CN-CUL
交友,莫逆之交,用于称情投意合、十分要好的朋友。,先辨友谊建立的条件，贫贱身份、童年经历、年龄差和共同患难不是同一维度；可同时适用数类。,101—150/full.md第336行；CN-CUL
交友,竹马之交,用于称童年时代就很要好的朋友。,先辨友谊建立的条件，贫贱身份、童年经历、年龄差和共同患难不是同一维度；可同时适用数类。,101—150/full.md第336行；CN-CUL
交友,布衣之交,"用于称以平民身份相交往的朋友,也指显贵者与平民的交往。",先辨友谊建立的条件，贫贱身份、童年经历、年龄差和共同患难不是同一维度；可同时适用数类。,101—150/full.md第336行；CN-CUL
交友,患难之交,用于称在一起经历过忧患和危难的朋友。,先辨友谊建立的条件，贫贱身份、童年经历、年龄差和共同患难不是同一维度；可同时适用数类。,101—150/full.md第336行；CN-CUL
交友,君子之交,"用于称平淡如水,不尚虚华但在道义上彼此支持的朋友。",先辨友谊建立的条件，贫贱身份、童年经历、年龄差和共同患难不是同一维度；可同时适用数类。,101—150/full.md第336行；CN-CUL
交友,忘年交,用于称年龄相差较大、辈分不同而交情深厚的朋友。,先辨友谊建立的条件，贫贱身份、童年经历、年龄差和共同患难不是同一维度；可同时适用数类。,101—150/full.md第336行；CN-CUL
交友,忘形交,用于称相处不拘形迹的知心朋友。,先辨友谊建立的条件，贫贱身份、童年经历、年龄差和共同患难不是同一维度；可同时适用数类。,101—150/full.md第336行；CN-CUL
交友,车笠交,用于称不因贵贱的变化而改变深厚友谊的朋友。,先辨友谊建立的条件，贫贱身份、童年经历、年龄差和共同患难不是同一维度；可同时适用数类。,101—150/full.md第336行；CN-CUL
交友,神交,用于称心意相投、相知很深的朋友;也指彼此倾慕而未见过面的朋友。,先辨友谊建立的条件，贫贱身份、童年经历、年龄差和共同患难不是同一维度；可同时适用数类。,101—150/full.md第336行；CN-CUL
年龄,襁褓,婴儿,原指包婴儿的被带等，由包裹物代婴儿阶段，不作某个精确周岁的别称,101—150/full.md第338行；CN-CUL
年龄,始龀,七八岁,换牙阶段通常七八岁，不承诺每人同一天换牙,101—150/full.md第338行；CN-CUL
年龄,豆蔻年华,女子十三四岁,原指少女年华，不把中学任何年龄都叫豆蔻,101—150/full.md第338行；CN-CUL
年龄,及笄,女子十五岁,传统成年礼年龄，历史文化称谓不等同现行法律成年界定,101—150/full.md第338行；CN-CUL
年龄,加冠、弱冠,男子二十岁,传统冠礼及弱冠称谓，冠作加冠读guàn,101—150/full.md第338行；CN-CUL
年龄,而立,三十岁,源自论语的生命阶段表述，不是每人三十必成家,101—150/full.md第338行；CN-CUL
年龄,不惑,四十岁,文化年龄别称，不宣称实际毫无疑惑,101—150/full.md第338行；CN-CUL
年龄,知命、知天命、半百、知非,五十岁,半百是百岁的一半；与六十耳顺区分,101—150/full.md第338行；CN-CUL
年龄,花甲、花甲子、耳顺,六十岁,六十干支一循环与论语耳顺相联，非七十,101—150/full.md第338行；CN-CUL
年龄,古稀,七十岁,原文化别称，非八十,101—150/full.md第338行；CN-CUL
年龄,期颐,一百岁,原图100岁，不是70岁,101—150/full.md第338行；CN-CUL
敬辞,令尊、令堂、令郎、令爱,用于称呼对方亲属。,先确定说话者、所称的人或物以及动作方向；奉用于自己恭敬举动，不能把敬辞表全理解为只指对方。,101—150/full.md第365行；CN-CUL
敬辞,惠顾、惠存、惠赠,用于别人对自己的行动。,先确定说话者、所称的人或物以及动作方向；奉用于自己恭敬举动，不能把敬辞表全理解为只指对方。,101—150/full.md第365行；CN-CUL
敬辞,垂问、垂询、垂念、垂爱,"用于别人对自己的行动,多指长辈或上级。",先确定说话者、所称的人或物以及动作方向；奉用于自己恭敬举动，不能把敬辞表全理解为只指对方。,101—150/full.md第365行；CN-CUL
敬辞,赐教、赐顾、赐复,用于别人对自己的指示、光顾、答复等。,先确定说话者、所称的人或物以及动作方向；奉用于自己恭敬举动，不能把敬辞表全理解为只指对方。,101—150/full.md第365行；CN-CUL
敬辞,高见、高论、高寿、高龄、高就、高朋、高邻,用于称呼与对方有关的人或物。,先确定说话者、所称的人或物以及动作方向；奉用于自己恭敬举动，不能把敬辞表全理解为只指对方。,101—150/full.md第365行；CN-CUL
敬辞,贤弟、贤侄,"用于称呼对方,多称平辈或晚辈。",先确定说话者、所称的人或物以及动作方向；奉用于自己恭敬举动，不能把敬辞表全理解为只指对方。,101—150/full.md第365行；CN-CUL
敬辞,奉送、奉还、奉劝、奉陪,用于自己的举动涉及对方时。,先确定说话者、所称的人或物以及动作方向；奉用于自己恭敬举动，不能把敬辞表全理解为只指对方。,101—150/full.md第365行；CN-CUL
敬辞,久仰、劳驾、赏光、赏脸、贵姓、贵庚、大作、大驾,久仰、劳驾、赏光、赏脸、贵姓、贵庚、大作、大驾,先确定说话者、所称的人或物以及动作方向；奉用于自己恭敬举动，不能把敬辞表全理解为只指对方。,101—150/full.md第365行；CN-CUL
谦辞,家父、家严、家君、家母、家慈,用于对别人称比自己辈分高或同辈中年纪大的亲属。,先确定说话者、所称的人或物以及动作方向；奉用于自己恭敬举动，不能把敬辞表全理解为只指对方。,101—150/full.md第369行；CN-CUL
谦辞,舍下、舍弟、舍妹,用于对别人称自己的家或比自己辈分低或同辈中年纪小的亲属。,先确定说话者、所称的人或物以及动作方向；奉用于自己恭敬举动，不能把敬辞表全理解为只指对方。,101—150/full.md第369行；CN-CUL
谦辞,小弟、小儿、小女、小店,用于对别人称自己的物品或比自己辈分低或同辈中年纪小的亲属。,先确定说话者、所称的人或物以及动作方向；奉用于自己恭敬举动，不能把敬辞表全理解为只指对方。,101—150/full.md第369行；CN-CUL
谦辞,愚兄、愚见,用于称呼自己或与自己有关的事物。,先确定说话者、所称的人或物以及动作方向；奉用于自己恭敬举动，不能把敬辞表全理解为只指对方。,101—150/full.md第369行；CN-CUL
谦辞,拙作、拙著、拙见,用于称自己的文章、见解等。,先确定说话者、所称的人或物以及动作方向；奉用于自己恭敬举动，不能把敬辞表全理解为只指对方。,101—150/full.md第369行；CN-CUL
谦辞,敝人、敝姓、敝校,用于称呼自己或与自己有关的事物。,先确定说话者、所称的人或物以及动作方向；奉用于自己恭敬举动，不能把敬辞表全理解为只指对方。,101—150/full.md第369行；CN-CUL
谦辞,鄙人、鄙见,用于称呼自己或与自己有关的事物。,先确定说话者、所称的人或物以及动作方向；奉用于自己恭敬举动，不能把敬辞表全理解为只指对方。,101—150/full.md第369行；CN-CUL
谦辞,寒舍、见教、见谅,寒舍、见教、见谅,先确定说话者、所称的人或物以及动作方向；奉用于自己恭敬举动，不能把敬辞表全理解为只指对方。,101—150/full.md第369行；CN-CUL
