分类,名称,对应内容,判断依据与边界,来源
节日,春节,农历正月初一；燃鞭炮、贴春联、挂年画、舞龙舞狮、拜年,辞旧祝新；元日新春为别称,101—150/full.md第498行；CN-CUL
节日,元宵,农历正月十五；赏花灯、吃元宵、猜灯谜,上元灯节，正月月圆之夜,101—150/full.md第504行；CN-CUL
节日,寒食,原书记清明前一天；禁火、祭祖,历史习俗日期有沿革；原书简化日期保留，不无条件断言历代一律此日,101—150/full.md第510行；CN-CUL
节日,清明,公历4月5日前后；扫墓、踏青、荡秋千、放风筝、插柳戴花,是节气兼节日，具体年日期查历书，不固定农历日,101—150/full.md第514行；CN-CUL
节日,端午,农历五月初五；挂香袋、吃粽子、赛龙舟、插菖蒲等,原习俗还列饮雄黄酒及驱五毒；文化记载不是要求照做。原题诗句为粽子艾草,101—150/full.md第538行；CN-CUL
节日,七夕,农历七月初七；晒书晒衣、结彩缕、穿针乞巧,乞巧女儿节；牛郎织女是民间传说叙述,101—150/full.md第532行；CN-CUL
节日,中秋,农历八月十五；赏月、祭月、吃月饼,秋季之中与月份之中，团圆秋夕别称,101—150/full.md第526行；CN-CUL
节日,重阳,农历九月初九；登高、赏菊、菊花酒、插茱萸,九为阳数、两九相重；不混端午艾草,101—150/full.md第550行；CN-CUL
节日,冬至,公历12月22日前后（原书概述）；数九、饺子等,节气日期依实际年份，饮食各地不同，不宣称全国一种习俗,101—150/full.md第556行；CN-CUL
节日,除夕,农历岁末最后一天（腊月二十九或三十）；贴年红、年夜饭、辞岁、守岁,最后一天由月大小决定，不是每年必须三十,101—150/full.md第561行；CN-CUL
节日,腊八,农历腊月初八；庆祝丰收、祭祀祖先神灵（原书说明）,历史习俗范围，不将传说作天文学事实,101—150/full.md第470行；CN-CUL
节气,立春,春季；节,按太阳周年位置确定；每间隔15度到下一气，约半月，不是精确15天，也不与农历每月初一对齐,101—150/full.md第676行；CN-CUL
节气,雨水,春季；中气,按太阳周年位置确定；每间隔15度到下一气，约半月，不是精确15天，也不与农历每月初一对齐,101—150/full.md第676行；CN-CUL
节气,惊蛰,春季；节,按太阳周年位置确定；每间隔15度到下一气，约半月，不是精确15天，也不与农历每月初一对齐,101—150/full.md第676行；CN-CUL
节气,春分,春季；中气,按太阳周年位置确定；每间隔15度到下一气，约半月，不是精确15天，也不与农历每月初一对齐,101—150/full.md第676行；CN-CUL
节气,清明,春季；节,按太阳周年位置确定；每间隔15度到下一气，约半月，不是精确15天，也不与农历每月初一对齐,101—150/full.md第676行；CN-CUL
节气,谷雨,春季；中气,按太阳周年位置确定；每间隔15度到下一气，约半月，不是精确15天，也不与农历每月初一对齐,101—150/full.md第676行；CN-CUL
节气,立夏,夏季；节,按太阳周年位置确定；每间隔15度到下一气，约半月，不是精确15天，也不与农历每月初一对齐,101—150/full.md第676行；CN-CUL
节气,小满,夏季；中气,按太阳周年位置确定；每间隔15度到下一气，约半月，不是精确15天，也不与农历每月初一对齐,101—150/full.md第676行；CN-CUL
节气,芒种,夏季；节,按太阳周年位置确定；每间隔15度到下一气，约半月，不是精确15天，也不与农历每月初一对齐,101—150/full.md第676行；CN-CUL
节气,夏至,夏季；中气,按太阳周年位置确定；每间隔15度到下一气，约半月，不是精确15天，也不与农历每月初一对齐,101—150/full.md第676行；CN-CUL
节气,小暑,夏季；节,按太阳周年位置确定；每间隔15度到下一气，约半月，不是精确15天，也不与农历每月初一对齐,101—150/full.md第676行；CN-CUL
节气,大暑,夏季；中气,按太阳周年位置确定；每间隔15度到下一气，约半月，不是精确15天，也不与农历每月初一对齐,101—150/full.md第676行；CN-CUL
节气,立秋,秋季；节,按太阳周年位置确定；每间隔15度到下一气，约半月，不是精确15天，也不与农历每月初一对齐,101—150/full.md第676行；CN-CUL
节气,处暑,秋季；中气,按太阳周年位置确定；每间隔15度到下一气，约半月，不是精确15天，也不与农历每月初一对齐,101—150/full.md第676行；CN-CUL
节气,白露,秋季；节,按太阳周年位置确定；每间隔15度到下一气，约半月，不是精确15天，也不与农历每月初一对齐,101—150/full.md第676行；CN-CUL
节气,秋分,秋季；中气,按太阳周年位置确定；每间隔15度到下一气，约半月，不是精确15天，也不与农历每月初一对齐,101—150/full.md第676行；CN-CUL
节气,寒露,秋季；节,按太阳周年位置确定；每间隔15度到下一气，约半月，不是精确15天，也不与农历每月初一对齐,101—150/full.md第676行；CN-CUL
节气,霜降,秋季；中气,按太阳周年位置确定；每间隔15度到下一气，约半月，不是精确15天，也不与农历每月初一对齐,101—150/full.md第676行；CN-CUL
节气,立冬,冬季；节,按太阳周年位置确定；每间隔15度到下一气，约半月，不是精确15天，也不与农历每月初一对齐,101—150/full.md第676行；CN-CUL
节气,小雪,冬季；中气,按太阳周年位置确定；每间隔15度到下一气，约半月，不是精确15天，也不与农历每月初一对齐,101—150/full.md第676行；CN-CUL
节气,大雪,冬季；节,按太阳周年位置确定；每间隔15度到下一气，约半月，不是精确15天，也不与农历每月初一对齐,101—150/full.md第676行；CN-CUL
节气,冬至,冬季；中气,按太阳周年位置确定；每间隔15度到下一气，约半月，不是精确15天，也不与农历每月初一对齐,101—150/full.md第676行；CN-CUL
节气,小寒,冬季；节,按太阳周年位置确定；每间隔15度到下一气，约半月，不是精确15天，也不与农历每月初一对齐,101—150/full.md第676行；CN-CUL
节气,大寒,冬季；中气,按太阳周年位置确定；每间隔15度到下一气，约半月，不是精确15天，也不与农历每月初一对齐,101—150/full.md第676行；CN-CUL
四时纪月,孟春,农历1月,孟仲季表一季内先中后三月，与兄弟排行中伯仲叔季区分,101—150/full.md第662行；CN-CUL
四时纪月,仲春,农历2月,孟仲季表一季内先中后三月，与兄弟排行中伯仲叔季区分,101—150/full.md第662行；CN-CUL
四时纪月,季春,农历3月,孟仲季表一季内先中后三月，与兄弟排行中伯仲叔季区分,101—150/full.md第662行；CN-CUL
四时纪月,孟夏,农历4月,孟仲季表一季内先中后三月，与兄弟排行中伯仲叔季区分,101—150/full.md第662行；CN-CUL
四时纪月,仲夏,农历5月,孟仲季表一季内先中后三月，与兄弟排行中伯仲叔季区分,101—150/full.md第662行；CN-CUL
四时纪月,季夏,农历6月,孟仲季表一季内先中后三月，与兄弟排行中伯仲叔季区分,101—150/full.md第662行；CN-CUL
四时纪月,孟秋,农历7月,孟仲季表一季内先中后三月，与兄弟排行中伯仲叔季区分,101—150/full.md第662行；CN-CUL
四时纪月,仲秋,农历8月,孟仲季表一季内先中后三月，与兄弟排行中伯仲叔季区分,101—150/full.md第662行；CN-CUL
四时纪月,季秋,农历9月,孟仲季表一季内先中后三月，与兄弟排行中伯仲叔季区分,101—150/full.md第662行；CN-CUL
四时纪月,孟冬,农历10月,孟仲季表一季内先中后三月，与兄弟排行中伯仲叔季区分,101—150/full.md第662行；CN-CUL
四时纪月,仲冬,农历11月,孟仲季表一季内先中后三月，与兄弟排行中伯仲叔季区分,101—150/full.md第662行；CN-CUL
四时纪月,季冬,农历12月,孟仲季表一季内先中后三月，与兄弟排行中伯仲叔季区分,101—150/full.md第662行；CN-CUL
干支序号,1,甲子,十干十二支同时依次前进；60组后复回，非任意120组合,101—150/full.md第680行；CN-CUL
干支序号,2,乙丑,十干十二支同时依次前进；60组后复回，非任意120组合,101—150/full.md第680行；CN-CUL
干支序号,3,丙寅,十干十二支同时依次前进；60组后复回，非任意120组合,101—150/full.md第680行；CN-CUL
干支序号,4,丁卯,十干十二支同时依次前进；60组后复回，非任意120组合,101—150/full.md第680行；CN-CUL
干支序号,5,戊辰,十干十二支同时依次前进；60组后复回，非任意120组合,101—150/full.md第680行；CN-CUL
干支序号,6,己巳,十干十二支同时依次前进；60组后复回，非任意120组合,101—150/full.md第680行；CN-CUL
干支序号,7,庚午,十干十二支同时依次前进；60组后复回，非任意120组合,101—150/full.md第680行；CN-CUL
干支序号,8,辛未,十干十二支同时依次前进；60组后复回，非任意120组合,101—150/full.md第680行；CN-CUL
干支序号,9,壬申,十干十二支同时依次前进；60组后复回，非任意120组合,101—150/full.md第680行；CN-CUL
干支序号,10,癸酉,十干十二支同时依次前进；60组后复回，非任意120组合,101—150/full.md第680行；CN-CUL
干支序号,11,甲戌,十干十二支同时依次前进；60组后复回，非任意120组合,101—150/full.md第680行；CN-CUL
干支序号,12,乙亥,十干十二支同时依次前进；60组后复回，非任意120组合,101—150/full.md第680行；CN-CUL
干支序号,13,丙子,十干十二支同时依次前进；60组后复回，非任意120组合,101—150/full.md第680行；CN-CUL
干支序号,14,丁丑,十干十二支同时依次前进；60组后复回，非任意120组合,101—150/full.md第680行；CN-CUL
干支序号,15,戊寅,十干十二支同时依次前进；60组后复回，非任意120组合,101—150/full.md第680行；CN-CUL
干支序号,16,己卯,十干十二支同时依次前进；60组后复回，非任意120组合,101—150/full.md第680行；CN-CUL
干支序号,17,庚辰,十干十二支同时依次前进；60组后复回，非任意120组合,101—150/full.md第680行；CN-CUL
干支序号,18,辛巳,十干十二支同时依次前进；60组后复回，非任意120组合,101—150/full.md第680行；CN-CUL
干支序号,19,壬午,十干十二支同时依次前进；60组后复回，非任意120组合,101—150/full.md第680行；CN-CUL
干支序号,20,癸未,十干十二支同时依次前进；60组后复回，非任意120组合,101—150/full.md第680行；CN-CUL
干支序号,21,甲申,十干十二支同时依次前进；60组后复回，非任意120组合,101—150/full.md第680行；CN-CUL
干支序号,22,乙酉,十干十二支同时依次前进；60组后复回，非任意120组合,101—150/full.md第680行；CN-CUL
干支序号,23,丙戌,十干十二支同时依次前进；60组后复回，非任意120组合,101—150/full.md第680行；CN-CUL
干支序号,24,丁亥,十干十二支同时依次前进；60组后复回，非任意120组合,101—150/full.md第680行；CN-CUL
干支序号,25,戊子,十干十二支同时依次前进；60组后复回，非任意120组合,101—150/full.md第680行；CN-CUL
干支序号,26,己丑,十干十二支同时依次前进；60组后复回，非任意120组合,101—150/full.md第680行；CN-CUL
干支序号,27,庚寅,十干十二支同时依次前进；60组后复回，非任意120组合,101—150/full.md第680行；CN-CUL
干支序号,28,辛卯,十干十二支同时依次前进；60组后复回，非任意120组合,101—150/full.md第680行；CN-CUL
干支序号,29,壬辰,十干十二支同时依次前进；60组后复回，非任意120组合,101—150/full.md第680行；CN-CUL
干支序号,30,癸巳,十干十二支同时依次前进；60组后复回，非任意120组合,101—150/full.md第680行；CN-CUL
干支序号,31,甲午,十干十二支同时依次前进；60组后复回，非任意120组合,101—150/full.md第680行；CN-CUL
干支序号,32,乙未,十干十二支同时依次前进；60组后复回，非任意120组合,101—150/full.md第680行；CN-CUL
干支序号,33,丙申,十干十二支同时依次前进；60组后复回，非任意120组合,101—150/full.md第680行；CN-CUL
干支序号,34,丁酉,十干十二支同时依次前进；60组后复回，非任意120组合,101—150/full.md第680行；CN-CUL
干支序号,35,戊戌,十干十二支同时依次前进；60组后复回，非任意120组合,101—150/full.md第680行；CN-CUL
干支序号,36,己亥,十干十二支同时依次前进；60组后复回，非任意120组合,101—150/full.md第680行；CN-CUL
干支序号,37,庚子,十干十二支同时依次前进；60组后复回，非任意120组合,101—150/full.md第680行；CN-CUL
干支序号,38,辛丑,十干十二支同时依次前进；60组后复回，非任意120组合,101—150/full.md第680行；CN-CUL
干支序号,39,壬寅,十干十二支同时依次前进；60组后复回，非任意120组合,101—150/full.md第680行；CN-CUL
干支序号,40,癸卯,十干十二支同时依次前进；60组后复回，非任意120组合,101—150/full.md第680行；CN-CUL
干支序号,41,甲辰,十干十二支同时依次前进；60组后复回，非任意120组合,101—150/full.md第680行；CN-CUL
干支序号,42,乙巳,十干十二支同时依次前进；60组后复回，非任意120组合,101—150/full.md第680行；CN-CUL
干支序号,43,丙午,十干十二支同时依次前进；60组后复回，非任意120组合,101—150/full.md第680行；CN-CUL
干支序号,44,丁未,十干十二支同时依次前进；60组后复回，非任意120组合,101—150/full.md第680行；CN-CUL
干支序号,45,戊申,十干十二支同时依次前进；60组后复回，非任意120组合,101—150/full.md第680行；CN-CUL
干支序号,46,己酉,十干十二支同时依次前进；60组后复回，非任意120组合,101—150/full.md第680行；CN-CUL
干支序号,47,庚戌,十干十二支同时依次前进；60组后复回，非任意120组合,101—150/full.md第680行；CN-CUL
干支序号,48,辛亥,十干十二支同时依次前进；60组后复回，非任意120组合,101—150/full.md第680行；CN-CUL
干支序号,49,壬子,十干十二支同时依次前进；60组后复回，非任意120组合,101—150/full.md第680行；CN-CUL
干支序号,50,癸丑,十干十二支同时依次前进；60组后复回，非任意120组合,101—150/full.md第680行；CN-CUL
干支序号,51,甲寅,十干十二支同时依次前进；60组后复回，非任意120组合,101—150/full.md第680行；CN-CUL
干支序号,52,乙卯,十干十二支同时依次前进；60组后复回，非任意120组合,101—150/full.md第680行；CN-CUL
干支序号,53,丙辰,十干十二支同时依次前进；60组后复回，非任意120组合,101—150/full.md第680行；CN-CUL
干支序号,54,丁巳,十干十二支同时依次前进；60组后复回，非任意120组合,101—150/full.md第680行；CN-CUL
干支序号,55,戊午,十干十二支同时依次前进；60组后复回，非任意120组合,101—150/full.md第680行；CN-CUL
干支序号,56,己未,十干十二支同时依次前进；60组后复回，非任意120组合,101—150/full.md第680行；CN-CUL
干支序号,57,庚申,十干十二支同时依次前进；60组后复回，非任意120组合,101—150/full.md第680行；CN-CUL
干支序号,58,辛酉,十干十二支同时依次前进；60组后复回，非任意120组合,101—150/full.md第680行；CN-CUL
干支序号,59,壬戌,十干十二支同时依次前进；60组后复回，非任意120组合,101—150/full.md第680行；CN-CUL
干支序号,60,癸亥,十干十二支同时依次前进；60组后复回，非任意120组合,101—150/full.md第680行；CN-CUL
纪时,子,夜半；23—1点,原常见十二时辰约两小时对照；历史天色时刻随季节地域变化，不作精确观测值,101—150/full.md第713行；CN-CUL
纪时,丑,鸡鸣；1—3点,原常见十二时辰约两小时对照；历史天色时刻随季节地域变化，不作精确观测值,101—150/full.md第713行；CN-CUL
纪时,寅,平旦；3—5点,原常见十二时辰约两小时对照；历史天色时刻随季节地域变化，不作精确观测值,101—150/full.md第713行；CN-CUL
纪时,卯,日出；5—7点,原常见十二时辰约两小时对照；历史天色时刻随季节地域变化，不作精确观测值,101—150/full.md第713行；CN-CUL
纪时,辰,食时；7—9点,原常见十二时辰约两小时对照；历史天色时刻随季节地域变化，不作精确观测值,101—150/full.md第713行；CN-CUL
纪时,巳,隅中；9—11点,原常见十二时辰约两小时对照；历史天色时刻随季节地域变化，不作精确观测值,101—150/full.md第713行；CN-CUL
纪时,午,日中；11—13点,原常见十二时辰约两小时对照；历史天色时刻随季节地域变化，不作精确观测值,101—150/full.md第715行；CN-CUL
纪时,未,日昳；13—15点,原常见十二时辰约两小时对照；历史天色时刻随季节地域变化，不作精确观测值,101—150/full.md第715行；CN-CUL
纪时,申,晡时；15—17点,原常见十二时辰约两小时对照；历史天色时刻随季节地域变化，不作精确观测值,101—150/full.md第715行；CN-CUL
纪时,酉,日入；17—19点,原常见十二时辰约两小时对照；历史天色时刻随季节地域变化，不作精确观测值,101—150/full.md第715行；CN-CUL
纪时,戌,黄昏；19—21点,原常见十二时辰约两小时对照；历史天色时刻随季节地域变化，不作精确观测值,101—150/full.md第715行；CN-CUL
纪时,亥,人定；21—23点,原常见十二时辰约两小时对照；历史天色时刻随季节地域变化，不作精确观测值,101—150/full.md第715行；CN-CUL
月相纪日,朔,农历初一,朔所在日期为初一，月初标记,101—150/full.md第731行；CN-CUL
月相纪日,朏,原常见初三,月初始见新月的传统称谓，初三为常识概述,101—150/full.md第731行；CN-CUL
月相纪日,望,十五左右,满月实际可在十六十七，不同于背诵日期标签,101—150/full.md第731行；CN-CUL
月相纪日,既望,原常见十六或望后,文学日期惯例与实际天文满月须分清,101—150/full.md第731行；CN-CUL
月相纪日,晦,农历月末,小月二十九大月三十，不固定三十,101—150/full.md第731行；CN-CUL
