篇目,原编号,教学提示与原句,摘录原句或关键词,恢复说明,来源编号,定位
《观沧海》曹操,1,"1.《观沧海》一诗的主要表达方式是描写,但是也有两句运用了记叙,并交代了观察地点、方位、对象,这两句是:东临碣石,以观沧海。","东临碣石,以观沧海。",,CN-MEM-N01,151-200/full.md第507行（篇目范围实际PDF页：13）
《观沧海》曹操,2,"2.用动静结合的手法描写大海水波动荡、山岛高耸突兀的句子是:水何澹澹,山岛竦峙。","水何澹澹,山岛竦峙。",,CN-MEM-N01,151-200/full.md第509行（篇目范围实际PDF页：13）
《观沧海》曹操,3,"3.诗中描写草木景色的句子是:树木丛生,百草丰茂。","树木丛生,百草丰茂。",,CN-MEM-N01,151-200/full.md第511行（篇目范围实际PDF页：13）
《观沧海》曹操,4,"4. 表现深秋时节的风和大海的宏伟气象的句子是: 秋风萧瑟, 洪波涌起。"," 秋风萧瑟, 洪波涌起。",,CN-MEM-N01,151-200/full.md第513行（篇目范围实际PDF页：13）
《观沧海》曹操,5,"5.诗中表现大海吞吐日月星辰,体现诗人宽广胸襟和豪迈气概的句子是:日月之行,若出其中;星汉灿烂,若出其里。","日月之行,若出其中;星汉灿烂,若出其里。",,CN-MEM-N01,151-200/full.md第515行（篇目范围实际PDF页：13）
《次北固山下》王湾,1,"1. 诗中大景和小景相互映衬, 将平野开阔、大江直流、波平浪静的景色写得恢弘阔大的诗句是: 潮平两岸阔, 风正一帆悬。"," 潮平两岸阔, 风正一帆悬。",,CN-MEM-N02,151-200/full.md第519行（篇目范围实际PDF页：13）
《次北固山下》王湾,2,"2. 描写时序交替、时光流逝,蕴含自然理趣的句子是:海日生残夜,江春入旧年。","海日生残夜,江春入旧年。",,CN-MEM-N02,151-200/full.md第521行（篇目范围实际PDF页：13）
《次北固山下》王湾,3,"3. 王湾在《次北固山下》中, 用大雁送信抒发对家乡的思念的句子是: 乡书何处达, 归雁洛阳边。"," 乡书何处达, 归雁洛阳边。",,CN-MEM-N02,151-200/full.md第523行（篇目范围实际PDF页：13）
《闻王昌龄左迁龙标遥有此寄》李白,1,"1.采用寓情于景的手法,既点明了时令,又表达了飘零之感和离别之恨的句子是:杨花落尽子规啼,闻道龙标过五溪。","杨花落尽子规啼,闻道龙标过五溪。",,CN-MEM-N03,151-200/full.md第527行（篇目范围实际PDF页：13）
《闻王昌龄左迁龙标遥有此寄》李白,2,"2.诗中点明友人谪戍之远,并将月亮人格化,寄托诗人的伤感之情的句子是:我寄愁心与明月,随君直到夜郎西。","我寄愁心与明月,随君直到夜郎西。",,CN-MEM-N03,151-200/full.md第529行（篇目范围实际PDF页：13）
《木兰诗》《乐府诗集》,1,"1.《木兰诗》中用夸张手法表现木兰不远万里，跨越一道道关口、一座座高山，急迫地奔赴战场的 句子是:万里赴戎机,关山度若飞。","万里赴戎机,关山度若飞。",,CN-MEM-N05,151-200/full.md第537行（篇目范围实际PDF页：13）
《木兰诗》《乐府诗集》,2,"2. 运用对偶手法, 渲染战场上雄壮悲凉的气氛, 写出战地生活艰苦的句子是: 朔气传金柝, 寒光照铁衣。"," 朔气传金柝, 寒光照铁衣。",,CN-MEM-N05,151-200/full.md第541行（篇目范围实际PDF页：13）
《木兰诗》《乐府诗集》,3,"3.运用互文手法,概述战争旷日持久、战斗激烈悲壮的句子是:将军百战死,壮士十年归。","将军百战死,壮士十年归。",,CN-MEM-N05,151-200/full.md第543行（篇目范围实际PDF页：13）
《木兰诗》《乐府诗集》,4,"4. 反映木兰建立显赫战功的句子是: 策勋十二转, 赏赐百千强。"," 策勋十二转, 赏赐百千强。",,CN-MEM-N05,151-200/full.md第545行（篇目范围实际PDF页：13）
《登幽州台歌》陈子昂,1,"1. 写诗人俯仰古今, 表达生不逢时的孤独和伤感的句子是: 前不见古人, 后不见来者。"," 前不见古人, 后不见来者。",,CN-MEM-N06,151-200/full.md第549行（篇目范围实际PDF页：13）
《登幽州台歌》陈子昂,2,"2.写诗人将个人存在置于广袤宇宙中,表现内心悲凉的句子是:念天地之悠悠,独怆然而涕下!","念天地之悠悠,独怆然而涕下!",,CN-MEM-N06,151-200/full.md第551行（篇目范围实际PDF页：13）
《望岳》杜甫,1,1. 杜甫在《望岳》中借齐鲁大地衬托泰山拔地而起之势的句子是: 岱宗夫如何? 齐鲁青未了。, 岱宗夫如何? 齐鲁青未了。,,CN-MEM-N07,151-200/full.md第555行（篇目范围实际PDF页：13）
《望岳》杜甫,2,2.诗中突出泰山神奇秀丽和巍峨高耸的句子是：造化钟神秀，阴阳割昏晓。,造化钟神秀，阴阳割昏晓。,,CN-MEM-N07,151-200/full.md第557行（篇目范围实际PDF页：13）
《望岳》杜甫,3,"3. 表现诗人积极向上、志存高远的句子是: 会当凌绝顶, 一览众山小。"," 会当凌绝顶, 一览众山小。",,CN-MEM-N07,151-200/full.md第559行（篇目范围实际PDF页：13）
《游山西村》陆游,1,"1. 暗含在最困难时往往会发生转机的哲理的千古名句是: 山重水复疑无路, 柳暗花明又一村。"," 山重水复疑无路, 柳暗花明又一村。",,CN-MEM-N09,151-200/full.md第567行（篇目范围实际PDF页：13）
《游山西村》陆游,2,"2. 表现山西村热闹民俗的句子是: 箫鼓追随春社近, 衣冠简朴古风存。"," 箫鼓追随春社近, 衣冠简朴古风存。",,CN-MEM-N09,151-200/full.md第569行（篇目范围实际PDF页：13）
《游山西村》陆游,3,"3.“从今若许闲乘月,拄杖无时夜叩门”表达了诗人对农村生活的向往。","从今若许闲乘月,拄杖无时夜叩门",,CN-MEM-N09,151-200/full.md第571行（篇目范围实际PDF页：13）
《己亥杂诗》（其五）龚自珍,1,1. 写诗人辞官之后的离愁别绪与归乡的喜悦的诗句是：浩荡离愁白日斜，吟鞭东指即天涯。,浩荡离愁白日斜，吟鞭东指即天涯。,,CN-MEM-N10,151-200/full.md第575行（篇目范围实际PDF页：13）
《己亥杂诗》（其五）龚自珍,2,"2. 形象地表达诗人虽然辞官,但仍会关心国家前途命运,表现了奉献精神的诗句是:落红不是无情物,化作春泥更护花。","落红不是无情物,化作春泥更护花。",,CN-MEM-N10,151-200/full.md第577行（篇目范围实际PDF页：13）
《野望》王绩,1,"1.《野望》中描写秋意颇浓的山野傍晚景色的句子是:树树皆秋色,山山唯落晖。","树树皆秋色,山山唯落晖。",,CN-MEM-N11,151-200/full.md第581行（篇目范围实际PDF页：14）
《野望》王绩,2,"2.《野望》中引用典故点明主旨,表现诗人孤独抑郁的心情的句子是:相顾无相识,长歌怀采薇。","相顾无相识,长歌怀采薇。",,CN-MEM-N11,151-200/full.md第583行（篇目范围实际PDF页：14）
《黄鹤楼》崔颢,1,"1.诗人巧用典故,为黄鹤楼增添神秘色彩的诗句是:昔人已乘黄鹤去,此地空余黄鹤楼。","昔人已乘黄鹤去,此地空余黄鹤楼。",,CN-MEM-N12,151-200/full.md第587行（篇目范围实际PDF页：14）
《黄鹤楼》崔颢,2,"2.诗人抒发岁月难再和对世事茫然的空幻感的诗句是:黄鹤一去不复返,白云千载空悠悠。","黄鹤一去不复返,白云千载空悠悠。",,CN-MEM-N12,151-200/full.md第589行（篇目范围实际PDF页：14）
《黄鹤楼》崔颢,3,"3.“晴川历历汉阳树,芳草萋萋鹦鹉洲”描写出诗人登楼所见的明丽之景,境界阔大。","晴川历历汉阳树,芳草萋萋鹦鹉洲",,CN-MEM-N12,151-200/full.md第591行（篇目范围实际PDF页：14）
《黄鹤楼》崔颢,4,"4.《黄鹤楼》中与“乡书何处达,归雁洛阳边”表达情感相近的句子是:日暮乡关何处是?烟波江上使人愁。","乡书何处达,归雁洛阳边",,CN-MEM-N12,151-200/full.md第593行（篇目范围实际PDF页：14）
《使至塞上》王维,1,"1.《使至塞上》中诗人写自己轻车简从,出使边塞的诗句是:单车欲问边,属国过居延。","单车欲问边,属国过居延。",,CN-MEM-N13,151-200/full.md第597行（篇目范围实际PDF页：14）
《使至塞上》王维,2,"2.“征蓬出汉塞,归雁入胡天”中,诗人以“蓬”“雁”自比,写出了漂泊之感和内心的悲愤抑郁。","征蓬出汉塞,归雁入胡天；蓬；雁",,CN-MEM-N13,151-200/full.md第599行（篇目范围实际PDF页：14）
《使至塞上》王维,3,"3.《使至塞上》中画面开阔,意境雄浑,描绘了奇特的塞外风光的千古名句是:大漠孤烟直,长河落日圆。","大漠孤烟直,长河落日圆。",,CN-MEM-N13,151-200/full.md第601行（篇目范围实际PDF页：14）
《渡荆门送别》李白,1,"1. 诗中点明诗人远游目的地的诗句是: 渡远荆门外, 来从楚国游。"," 渡远荆门外, 来从楚国游。",,CN-MEM-N14,151-200/full.md第605行（篇目范围实际PDF页：14）
《渡荆门送别》李白,2,"2.诗中化静为动,表现雄浑开阔的意境的诗句是:山随平野尽,江入大荒流。","山随平野尽,江入大荒流。",,CN-MEM-N14,151-200/full.md第607行（篇目范围实际PDF页：14）
《渡荆门送别》李白,3,"3.诗中运用想象,充满浪漫主义色彩,展现了江岸辽阔、天空高远之景的诗句是:月下飞天镜,云生结海楼。","月下飞天镜,云生结海楼。",,CN-MEM-N14,151-200/full.md第609行（篇目范围实际PDF页：14）
《渡荆门送别》李白,4,"4.诗中借故乡之水的深情厚谊,表达对故乡的思念之情的诗句是:仍怜故乡水,万里送行舟。","仍怜故乡水,万里送行舟。",,CN-MEM-N14,151-200/full.md第611行（篇目范围实际PDF页：14）
《钱塘湖春行》白居易,1,1. 我们可以用《钱塘湖春行》中的诗句“乱花渐欲迷人眼，浅草才能没马蹄”来描写早春时节草木萌发的美好景象。,乱花渐欲迷人眼，浅草才能没马蹄,,CN-MEM-N15,151-200/full.md第615行（篇目范围实际PDF页：14）
《钱塘湖春行》白居易,2,"2.《钱塘湖春行》中描写早春莺燕景象给人们带来勃勃生机的诗句是:几处早莺争暖树,谁家新燕啄春泥。","几处早莺争暖树,谁家新燕啄春泥。",,CN-MEM-N15,151-200/full.md第617行（篇目范围实际PDF页：14）
《钱塘湖春行》白居易,3,"3.《钱塘湖春行》中直抒胸臆,写诗人流连忘返的句子是:最爱湖东行不足,绿杨阴里白沙堤。","最爱湖东行不足,绿杨阴里白沙堤。",,CN-MEM-N15,151-200/full.md第619行（篇目范围实际PDF页：14）
《饮酒》(其五) 陶渊明,1,"1. 表现诗人虽身处尘世之中, 却能免于尘世烦扰的句子是: 结庐在人境, 而无车马喧。"," 结庐在人境, 而无车马喧。",,CN-MEM-N16,151-200/full.md第623行（篇目范围实际PDF页：14）
《饮酒》(其五) 陶渊明,2,"2. 最能体现作者热爱自然的情感和旷达心胸的句子是: 采菊东篱下, 悠然见南山。"," 采菊东篱下, 悠然见南山。",,CN-MEM-N16,151-200/full.md第625行（篇目范围实际PDF页：14）
《饮酒》(其五) 陶渊明,3,3.诗人用“山气日夕佳，飞鸟相与还”中的飞鸟知返来表达自己脱离世俗生活的闲适。,山气日夕佳，飞鸟相与还,,CN-MEM-N16,151-200/full.md第627行（篇目范围实际PDF页：14）
《饮酒》(其五) 陶渊明,4,"4.以哲理句含蓄表现诗人物我合一,不在世俗中迷失自我的诗句是:此中有真意,欲辨已忘言。","此中有真意,欲辨已忘言。",,CN-MEM-N16,151-200/full.md第629行（篇目范围实际PDF页：14）
《春望》杜甫,1,"1.诗人以饱含深情的笔墨,再现了国都沦陷但山河依旧,春天来临却杂草丛生的景象,表现出长安春日的满目凄凉,传达出忧国忧民及伤时之情的诗句是:国破山河在,城春草木深。","国破山河在,城春草木深。",,CN-MEM-N17,151-200/full.md第633行（篇目范围实际PDF页：14）
《春望》杜甫,2,"2.“感时花溅泪,恨别鸟惊心”两句移情于物,化无情之物为有情之物,抒发了感时伤世之情。","感时花溅泪,恨别鸟惊心",,CN-MEM-N17,151-200/full.md第635行（篇目范围实际PDF页：14）
《春望》杜甫,3,"3.诗中用数字形象写出战火连绵时,盼望得到家人平安讯息的句子是:烽火连三月,家书抵万金。","烽火连三月,家书抵万金。",,CN-MEM-N17,151-200/full.md第637行（篇目范围实际PDF页：14）
《春望》杜甫,4,"4. 表现诗人因忧愁而日益衰老的句子是: 白头搔更短, 浑欲不胜簪。"," 白头搔更短, 浑欲不胜簪。",,CN-MEM-N17,151-200/full.md第639行（篇目范围实际PDF页：14）
《雁门太守行》李贺,1,"1.描写敌人兵临城下,守城将士严阵以待的句子是:黑云压城城欲摧,甲光向日金鳞开。","黑云压城城欲摧,甲光向日金鳞开。",,CN-MEM-N18,151-200/full.md第643行（篇目范围实际PDF页：14）
《雁门太守行》李贺,2,"2.诗中描绘将士们伺机夜袭的句子是:半卷红旗临易水,霜重鼓寒声不起。","半卷红旗临易水,霜重鼓寒声不起。",,CN-MEM-N18,151-200/full.md第645行（篇目范围实际PDF页：14）
《雁门太守行》李贺,3,"3.诗中借用典故,抒发九死不悔的报国之志的诗句是:报君黄金台上意,提携玉龙为君死。","报君黄金台上意,提携玉龙为君死。",,CN-MEM-N18,151-200/full.md第647行（篇目范围实际PDF页：14）
《雁门太守行》李贺,4,"4.从听觉和视觉角度渲染悲壮气氛和战争残酷的句子是:角声满天秋色里,塞上燕脂凝夜紫。","角声满天秋色里,塞上燕脂凝夜紫。",,CN-MEM-N18,151-200/full.md第649行（篇目范围实际PDF页：14）
《赤壁》杜牧,1,"1.诗中借一件古物,引发历史感慨的句子是:折戟 沉沙铁未销，自将磨洗认前朝。",折戟 沉沙铁未销，自将磨洗认前朝。,,CN-MEM-N19,151-200/full.md第653行（篇目范围实际PDF页：15）
《赤壁》杜牧,2,"2.诗中发挥想象,从反面落笔,以两位女子的命运象征东吴的命运,以小见大的诗句是:东风不与周郎便,铜雀春深锁二乔。","东风不与周郎便,铜雀春深锁二乔。",,CN-MEM-N19,151-200/full.md第657行（篇目范围实际PDF页：15）
《赤壁》杜牧,3,"3.读《三国演义》中赤壁之战的故事,你会联想到杜牧《赤壁》中的诗句:东风不与周郎便,铜雀春深锁二乔。","东风不与周郎便,铜雀春深锁二乔。",,CN-MEM-N19,151-200/full.md第659行（篇目范围实际PDF页：15）
《渔家傲》（天接云涛连晓雾）李清照,1,"1. 词中“天接云涛连晓雾, 星河欲转千帆舞”展现出一幅辽阔、壮美的海天一色图, 境界开阔大气。","天接云涛连晓雾, 星河欲转千帆舞",,CN-MEM-N20,151-200/full.md第663行（篇目范围实际PDF页：15）
《渔家傲》（天接云涛连晓雾）李清照,2,"2.这首词中借回答天帝问话抒发作者人生感叹的句子是:我报路长嗟日暮,学诗谩有惊人句。","我报路长嗟日暮,学诗谩有惊人句。",,CN-MEM-N20,151-200/full.md第665行（篇目范围实际PDF页：15）
《渔家傲》（天接云涛连晓雾）李清照,3,3. 李清照表示自己要像大鹏一样乘风高飞的句子是: 九万里风鹏正举。, 九万里风鹏正举。,,CN-MEM-N20,151-200/full.md第667行（篇目范围实际PDF页：15）
《渔家傲》（天接云涛连晓雾）李清照,4,"4.《渔家傲》(天接云涛连晓雾)中“风休住,蓬舟吹取三山去!”表现了作者对美好境界的追求。","风休住,蓬舟吹取三山去!",,CN-MEM-N20,151-200/full.md第669行（篇目范围实际PDF页：15）
《关雎》《诗经》,1,"1. 诗中以相和的雎鸠起兴, 表现美好爱情的诗句是: 关关雎鸠, 在河之洲。"," 关关雎鸠, 在河之洲。",,CN-MEM-N21,151-200/full.md第673行（篇目范围实际PDF页：15）
《关雎》《诗经》,2,2. 爱美之心人皆有之，《关雎》中描写青年男子对文静美好的女子的倾慕之情的句子是：窈窕淑女，君子好逑。,窈窕淑女，君子好逑。,,CN-MEM-N21,151-200/full.md第675行（篇目范围实际PDF页：15）
《关雎》《诗经》,3,"3.诗中生动形象地写男子因深深思念心爱的姑娘却追求不到而痛苦难眠的句子是:求之不得,寤寐思服。悠哉悠哉,辗转反侧。","求之不得,寤寐思服。悠哉悠哉,辗转反侧。",,CN-MEM-N21,151-200/full.md第677行（篇目范围实际PDF页：15）
《蒹葭》《诗经》,1,1. 诗中开头描绘萧瑟凄清、露凝霜结的景象的诗句是：蒹葭苍苍，白露为霜。,蒹葭苍苍，白露为霜。,,CN-MEM-N22,151-200/full.md第681行（篇目范围实际PDF页：15）
《蒹葭》《诗经》,2,"2.《蒹葭》中有很多写景的句子,其中连续的两句是:蒹葭苍苍,白露为霜(蒹葭萋萋,白露未晞/蒹葭采采,白露未已)。","蒹葭苍苍,白露为霜(蒹葭萋萋,白露未晞/蒹葭采采,白露未已)。",,CN-MEM-N22,151-200/full.md第683行（篇目范围实际PDF页：15）
《蒹葭》《诗经》,3,"3. 成语“秋水伊人”源自《蒹葭》中的诗句: 蒹葭苍苍, 白露为霜。所谓伊人, 在水一方。",秋水伊人,藁葭苍苍→蒹葭苍苍,CN-MEM-N22,151-200/full.md第685行（篇目范围实际PDF页：15）
《石壕吏》杜甫,1,1. 官吏的残暴和老妇的悲苦形成鲜明对比的句子是: 吏呼一何怒! 妇啼一何苦!, 吏呼一何怒! 妇啼一何苦!,,CN-MEM-N23,151-200/full.md第689行（篇目范围实际PDF页：15）
《石壕吏》杜甫,2,"2. 表现老妇丧子的悲痛和含悲度日的句子是: 存 者且偷生,死者长已矣!"," 存 者且偷生,死者长已矣!",,CN-MEM-N23,151-200/full.md第691行（篇目范围实际PDF页：15）
《茅屋为秋风所破歌》杜甫,1,"1.《茅屋为秋风所破歌》中形象地写出了大风来袭时,茅草高低飘落的情景的诗句是:高者挂罥长林梢,下者飘转沉塘坳。","高者挂罥长林梢,下者飘转沉塘坳。",高者挂胃长林梢→高者挂罥长林梢,CN-MEM-N24,151-200/full.md第697行（篇目范围实际PDF页：15）
《茅屋为秋风所破歌》杜甫,2,"2.《茅屋为秋风所破歌》中形象地描绘了秋雨的细密连绵,侧面表现了作者凄苦生活的诗句是:床头屋漏无干处,雨脚如麻未断绝。","床头屋漏无干处,雨脚如麻未断绝。",,CN-MEM-N24,151-200/full.md第699行（篇目范围实际PDF页：15）
《茅屋为秋风所破歌》杜甫,3,"3.“俄顷风定云墨色,秋天漠漠向昏黑”描绘了阴沉黑暗的雨前景象,烘托出诗人凄恻愁惨的心境。","俄顷风定云墨色,秋天漠漠向昏黑",,CN-MEM-N24,151-200/full.md第701行（篇目范围实际PDF页：15）
《茅屋为秋风所破歌》杜甫,4,4. 唐代诗人杜甫以博大的济世情怀体察人间冷暖，在《茅屋为秋风所破歌》中道出“安得广厦千万间，大庇天下寒士俱欢颜！”的理想。,安得广厦千万间，大庇天下寒士俱欢颜！,,CN-MEM-N24,151-200/full.md第703行（篇目范围实际PDF页：15）
《茅屋为秋风所破歌》杜甫,5,"5. 表现杜甫舍己为人、忧国忧民之心至死不渝的两句诗是: 何时眼前突兀见此屋, 吾庐独破受冻死亦足!"," 何时眼前突兀见此屋, 吾庐独破受冻死亦足!",,CN-MEM-N24,151-200/full.md第705行（篇目范围实际PDF页：15）
《卖炭翁》白居易,1,"1. 描写卖炭翁外貌, 表现烧炭生活艰辛的句子是: 满面尘灰烟火色, 两鬓苍苍十指黑。"," 满面尘灰烟火色, 两鬓苍苍十指黑。",,CN-MEM-N25,151-200/full.md第709行（篇目范围实际PDF页：15）
《卖炭翁》白居易,2,"2.描写卖炭翁的艰难处境和矛盾复杂心理活动的句子是:可怜身上衣正单,心忧炭贱愿天寒。","可怜身上衣正单,心忧炭贱愿天寒。",,CN-MEM-N25,151-200/full.md第711行（篇目范围实际PDF页：15）
《卖炭翁》白居易,3,3.以动作描写揭露宫使无耻掠夺面目的句子是：手把文书口称敕，回车叱牛牵向北。,手把文书口称敕，回车叱牛牵向北。,,CN-MEM-N25,151-200/full.md第713行（篇目范围实际PDF页：15）
《行路难》(其一)李白,1,"1. 诗中以形象化的语言描写前路充满艰难险阻的句子是: 欲渡黄河冰塞川, 将登太行雪满山。"," 欲渡黄河冰塞川, 将登太行雪满山。",,CN-MEM-N26,151-200/full.md第717行（篇目范围实际PDF页：15）
《行路难》(其一)李白,2,"2.诗中借用典故含蓄地表达自己渴望得到朝廷重用的句子是:闲来垂钓碧溪上,忽复乘舟梦日边。","闲来垂钓碧溪上,忽复乘舟梦日边。",,CN-MEM-N26,151-200/full.md第719行（篇目范围实际PDF页：15）
《行路难》(其一)李白,3,"3. 成长的道路上, 我们难免会遇到一些困难与挫折, 这时我们可以用李白《行路难》(其一) 中的诗句自勉: 长风破浪会有时, 直挂云帆济沧海。"," 长风破浪会有时, 直挂云帆济沧海。",,CN-MEM-N26,151-200/full.md第721行（篇目范围实际PDF页：15）
《行路难》(其一)李白,4,"4.《行路难》(其一)中表现作者自信乐观精神的名句是:长风破浪会有时,直挂云帆济沧海。","长风破浪会有时,直挂云帆济沧海。",,CN-MEM-N26,151-200/full.md第723行（篇目范围实际PDF页：15）
《酬乐天扬州初逢席上见赠》刘禹锡,1,"1. 饱含诗人无限辛酸之感, 流露出内心的愤懑不平的诗句是: 巴山楚水凄凉地, 二十三年弃置身。"," 巴山楚水凄凉地, 二十三年弃置身。",,CN-MEM-N27,151-200/full.md第727行（篇目范围实际PDF页：15、16）
《酬乐天扬州初逢席上见赠》刘禹锡,2,"2.借典故书写归来后的感慨,表现物是人非的诗句是:怀旧空吟闻笛赋,到乡翻似烂柯人。","怀旧空吟闻笛赋,到乡翻似烂柯人。",,CN-MEM-N27,151-200/full.md第729行（篇目范围实际PDF页：15、16）
《酬乐天扬州初逢席上见赠》刘禹锡,3,"3. 社会在飞速前进, 不会等待任何颓废者和落伍者, 正像古诗《酬乐天扬州初逢席上见赠》中“沉舟侧畔千帆过, 病树前头万木春”说的那样。","沉舟侧畔千帆过, 病树前头万木春",,CN-MEM-N27,151-200/full.md第731行（篇目范围实际PDF页：15、16）
《水调歌头》（明月几时有）苏轼,1,"1. 词中, 苏轼自言想要重返天上, 但又有所顾虑, 原因在于: 又恐琼楼玉宇, 高处不胜寒。"," 又恐琼楼玉宇, 高处不胜寒。",,CN-MEM-N28,151-200/full.md第735行（篇目范围实际PDF页：16）
《水调歌头》（明月几时有）苏轼,2,2. 表现作者感悟人生哲理的旷达胸襟的句子是：人有悲欢离合，月有阴晴圆缺，此事古难全。,人有悲欢离合，月有阴晴圆缺，此事古难全。,,CN-MEM-N28,151-200/full.md第737行（篇目范围实际PDF页：16）
《水调歌头》（明月几时有）苏轼,3,"3.词中用“但愿人长久,千里共婵娟”表达对天下离人的美好祝愿。","但愿人长久,千里共婵娟",,CN-MEM-N28,151-200/full.md第739行（篇目范围实际PDF页：16）
《渔家傲·秋思》范仲淹,1,"1.《渔家傲·秋思》中写古代西北边地秋景的悲凉奇异与中原不同的句子是:塞下秋来风景异,衡阳雁去无留意。","塞下秋来风景异,衡阳雁去无留意。",,CN-MEM-N29,151-200/full.md第743行（篇目范围实际PDF页：16）
《渔家傲·秋思》范仲淹,2,"2. 唐朝诗人王维出使边塞,写下了“大漠孤烟直,长河落日圆”的名句。宋代范仲淹在边塞军中也对这落日下的奇异风光做过描写,其词句是:千嶂里,长烟落日孤城闭。","大漠孤烟直,长河落日圆",,CN-MEM-N29,151-200/full.md第745行（篇目范围实际PDF页：16）
《渔家傲·秋思》范仲淹,3,"3.词中表现将士们为国戍边却未能建立军功,壮志难酬之感与思乡情绪交织的矛盾心理的句子是:浊酒一杯家万里,燕然未勒归无计。","浊酒一杯家万里,燕然未勒归无计。",,CN-MEM-N29,151-200/full.md第747行（篇目范围实际PDF页：16）
《渔家傲·秋思》范仲淹,4,"4.《渔家傲·秋思》中用互文的手法写守边之辛苦、思家之悲苦的句子是:人不寐,将军白发征夫泪。","人不寐,将军白发征夫泪。",,CN-MEM-N29,151-200/full.md第749行（篇目范围实际PDF页：16）
《江城子·密州出猎》苏轼,1,"1. 词人以魏尚自比, 希望朝廷能像派遣冯唐赦免魏尚那样起用自己的句子是: 持节云中, 何日遣冯唐?"," 持节云中, 何日遣冯唐?",,CN-MEM-N30,151-200/full.md第753行（篇目范围实际PDF页：16）
《江城子·密州出猎》苏轼,2,"2.词中借典抒情,表达词人关心国家命运,渴望报效国家的豪情壮志的句子是:会挽雕弓如满月,西北望,射天狼。","会挽雕弓如满月,西北望,射天狼。",,CN-MEM-N30,151-200/full.md第755行（篇目范围实际PDF页：16）
《破阵子·为陈同甫赋壮词以寄之》辛弃疾,1,"1.从视觉、听觉两方面,生动表现激烈战斗场面的句子是:马作的卢飞快,弓如霹雳弦惊。","马作的卢飞快,弓如霹雳弦惊。",,CN-MEM-N31,151-200/full.md第759行（篇目范围实际PDF页：16）
《破阵子·为陈同甫赋壮词以寄之》辛弃疾,2,"2.《破阵子·为陈同甫赋壮词以寄之》中与“夜阑卧听风吹雨，铁马冰河入梦来”意义相近的句子 是:醉里挑灯看剑,梦回吹角连营。",夜阑卧听风吹雨，铁马冰河入梦来,,CN-MEM-N31,151-200/full.md第761行（篇目范围实际PDF页：16）
《破阵子·为陈同甫赋壮词以寄之》辛弃疾,3,"3.《破阵子·为陈同甫赋壮词以寄之》堪称“壮词”:既有“沙场秋点兵”的壮观场面,又有“了却君王天下事,赢得生前身后名”的为国建功、报效君王的雄心壮志,也有“可怜白发生”的悲壮情怀。","壮词；沙场秋点兵；了却君王天下事,赢得生前身后名；可怜白发生",,CN-MEM-N31,151-200/full.md第765行（篇目范围实际PDF页：16）
《满江红》（小住京华）秋瑾,1,"1. 菊花盛开,秋色如洗。面对此景,令人不由得想起《满江红》(小住京华)中的“为篱下黄花开遍,秋容如拭”两句。","为篱下黄花开遍,秋容如拭",,CN-MEM-N32,151-200/full.md第769行（篇目范围实际PDF页：16）
《满江红》（小住京华）秋瑾,2,"2. 写词人对贵妇生活并不留恋, 反而蔑视的句子是: 苦将侬强派作蛾眉, 殊未屑!"," 苦将侬强派作蛾眉, 殊未屑!",,CN-MEM-N32,151-200/full.md第771行（篇目范围实际PDF页：16）
《满江红》（小住京华）秋瑾,3,"3.运用“身”与“心”的对照、“列”与“烈”的谐音来表达自己的抱负和思想感情的句子是:身不得,男儿列,心却比,男儿烈。",身；心；列；烈,,CN-MEM-N32,151-200/full.md第773行（篇目范围实际PDF页：16）
《满江红》（小住京华）秋瑾,4,"4.词中表现民主革命志士侠肝义胆,富有济世情怀的句子是:算平生肝胆,因人常热。","算平生肝胆,因人常热。",,CN-MEM-N32,151-200/full.md第775行（篇目范围实际PDF页：16）
《满江红》（小住京华）秋瑾,5,"5.秋瑾化用白居易《琵琶行》中的典故,表达自己知音难觅的无限悲情的句子是:莽红尘何处觅知音?青衫湿!",莽红尘何处觅知音?青衫湿!,,CN-MEM-N32,151-200/full.md第777行（篇目范围实际PDF页：16）
《十五从军征》《乐府诗集》,1,"1.诗中用夸张手法极写老兵服役时间之久的句子是:十五从军征,八十始得归。","十五从军征,八十始得归。",,CN-MEM-N33,151-200/full.md第781行（篇目范围实际PDF页：16）
《十五从军征》《乐府诗集》,2,"2.诗中运用白描手法,选取典型景物,描写人去屋空、人亡园荒的破败景象的诗句是:兔从狗窦入,雉从梁上飞。中庭生旅谷,井上生旅葵。","兔从狗窦入,雉从梁上飞。中庭生旅谷,井上生旅葵。",,CN-MEM-N33,151-200/full.md第783行（篇目范围实际PDF页：16）
《十五从军征》《乐府诗集》,3,"3.诗中暗写老兵孤苦伶仃、无依无靠的句子是:羹饭一时熟,不知饴阿谁。","羹饭一时熟,不知饴阿谁。",,CN-MEM-N33,151-200/full.md第785行（篇目范围实际PDF页：16）
《十五从军征》《乐府诗集》,4,"4.描写老兵出门张望与眼泪滴落这一细节的诗句是:出门东向看,泪落沾我衣。","出门东向看,泪落沾我衣。",,CN-MEM-N33,151-200/full.md第787行（篇目范围实际PDF页：16）
《白雪歌送武判官归京》岑参,1,"1.《白雪歌送武判官归京》中以新奇的比喻来描写雪景的千古名句是:忽如一夜春风来,千树万树梨花开。","忽如一夜春风来,千树万树梨花开。",,CN-MEM-N34,151-200/full.md第791行（篇目范围实际PDF页：16、17）
《白雪歌送武判官归京》岑参,2,"2.《白雪歌送武判官归京》中起承上启下作用,由咏雪过渡到送别的诗句是:瀚海阑干百丈冰,愁云惨淡万里凝。","瀚海阑干百丈冰,愁云惨淡万里凝。",,CN-MEM-N34,151-200/full.md第793行（篇目范围实际PDF页：16、17）
《白雪歌送武判官归京》岑参,3,"3.《白雪歌送武判官归京》中从视觉角度描写白雪与 红旗交相辉映,象征着戍边将士不畏艰难的坚强形象的诗句是:纷纷暮雪下辕门,风掣红旗冻不翻。","纷纷暮雪下辕门,风掣红旗冻不翻。",,CN-MEM-N34,151-200/full.md第795行（篇目范围实际PDF页：16、17）
《白雪歌送武判官归京》岑参,4,"4.《白雪歌送武判官归京》中,诗人将因朋友离去而产生的无限惆怅之情抒写到了极致的两句诗是:山回路转不见君,雪上空留马行处。","山回路转不见君,雪上空留马行处。",,CN-MEM-N34,151-200/full.md第797行（篇目范围实际PDF页：16、17）
《南乡子·登京口北固亭有怀》辛弃疾,1,"1. 词人登临远眺,由眼前美景触发家国之思的句子是:何处望神州? 满眼风光北固楼。",何处望神州? 满眼风光北固楼。,,CN-MEM-N35,151-200/full.md第801行（篇目范围实际PDF页：17）
《南乡子·登京口北固亭有怀》辛弃疾,2,"2. 运用设问手法, 借景物写出时间之长久、思绪之无穷的句子是: 千古兴亡多少事? 悠悠。不尽长江滚滚流。", 千古兴亡多少事? 悠悠。不尽长江滚滚流。,,CN-MEM-N35,151-200/full.md第803行（篇目范围实际PDF页：17）
《南乡子·登京口北固亭有怀》辛弃疾,3,3. 赞颂孙权年少有为、割据东南、作战不停的句子是：年少万兜鍪，坐断东南战未休。,年少万兜鍪，坐断东南战未休。,,CN-MEM-N35,151-200/full.md第805行（篇目范围实际PDF页：17）
《过零丁洋》文天祥,1,1.《过零丁洋》中揭示诗人人生中两件大事的句子是：辛苦遭逢起一经，干戈寥落四周星。,辛苦遭逢起一经，干戈寥落四周星。,,CN-MEM-N36,151-200/full.md第809行（篇目范围实际PDF页：17）
《过零丁洋》文天祥,2,"2.《过零丁洋》中生动形象地写出了国事危急和个人命运坎坷的诗句是:山河破碎风飘絮,身世浮沉雨打萍。","山河破碎风飘絮,身世浮沉雨打萍。",,CN-MEM-N36,151-200/full.md第811行（篇目范围实际PDF页：17）
《过零丁洋》文天祥,3,"3.巧借地名表现战事惨败和诗人自身境况的诗句是:惶恐滩头说惶恐,零丁洋里叹零丁。","惶恐滩头说惶恐,零丁洋里叹零丁。",,CN-MEM-N36,151-200/full.md第813行（篇目范围实际PDF页：17）
《过零丁洋》文天祥,4,4.《过零丁洋》中表现诗人舍生取义、视死如归的坚定信念和英雄气概的诗句是:人生自古谁无死?留取丹心照汗青。,人生自古谁无死?留取丹心照汗青。,,CN-MEM-N36,151-200/full.md第815行（篇目范围实际PDF页：17）
《山坡羊·潼关怀古》张养浩,1,"1. 曲中“峰峦如聚, 波涛如怒”两句赋予山河以生命和情感, 写出潼关地势的险要。","峰峦如聚, 波涛如怒",,CN-MEM-N37,151-200/full.md第819行（篇目范围实际PDF页：17）
《山坡羊·潼关怀古》张养浩,2,"2. 揭示历史是不断变化的, 任何强大的统治者最终都避免不了灭亡结局的句子是: 伤心秦汉经行处, 宫阙万间都做了土。"," 伤心秦汉经行处, 宫阙万间都做了土。",,CN-MEM-N37,151-200/full.md第821行（篇目范围实际PDF页：17）
《山坡羊·潼关怀古》张养浩,3,3. 古诗文中有很多关心民生疾苦的名句，《山坡羊·潼关怀古》中与之相关的句子是：兴，百姓苦；亡，百姓苦。,兴，百姓苦；亡，百姓苦。,,CN-MEM-N37,151-200/full.md第823行（篇目范围实际PDF页：17）
《夜雨寄北》李商隐,1,"1.《夜雨寄北》中回答归期未卜,并用雨景衬托浓郁相思,表现羁旅的孤独凄凉的句子是:君问归期未有期,巴山夜雨涨秋池。","君问归期未有期,巴山夜雨涨秋池。",,CN-MEM-N38,151-200/full.md第827行（篇目范围实际PDF页：17）
《夜雨寄北》李商隐,2,"2.《夜雨寄北》中把客居的寂寞转化为重逢的希 冀,抒发相思之苦,形成时空交错之美的诗句是:何当共剪西窗烛,却话巴山夜雨时。","何当共剪西窗烛,却话巴山夜雨时。",,CN-MEM-N38,151-200/full.md第829行（篇目范围实际PDF页：17）
《泊秦淮》杜牧,1,"1. 描写秦淮河夜间景致的句子是: 烟笼寒水月笼沙, 夜泊秦淮近酒家。"," 烟笼寒水月笼沙, 夜泊秦淮近酒家。",,CN-MEM-N39,151-200/full.md第835行（篇目范围实际PDF页：17）
《泊秦淮》杜牧,2,"2. 讽刺晚唐统治者醉生梦死, 荒淫误国的诗句是: 商女不知亡国恨, 隔江犹唱后庭花。"," 商女不知亡国恨, 隔江犹唱后庭花。",,CN-MEM-N39,151-200/full.md第837行（篇目范围实际PDF页：17）
《浣溪沙》（一曲新词酒一杯）晏殊,1,1.《浣溪沙》中构成“新”与“旧”的对比的句子是：一曲新词酒一杯，去年天气旧亭台。,新；旧,,CN-MEM-N40,151-200/full.md第841行（篇目范围实际PDF页：17）
《浣溪沙》（一曲新词酒一杯）晏殊,2,"2.《浣溪沙》中由自然规律的变迁更替引出对美好事物易逝的惋惜和对美好事物重现的欣慰的句子是:无可奈何花落去,似曾相识燕归来。","无可奈何花落去,似曾相识燕归来。",,CN-MEM-N40,151-200/full.md第843行（篇目范围实际PDF页：17）
《送杜少府之任蜀州》王勃,1,"1.《送杜少府之任蜀州》中写明送别地点和友人要去的地方的诗句是:城阙辅三秦,风烟望五津。","城阙辅三秦,风烟望五津。",,CN-MEM-N41,151-200/full.md第847行（篇目范围实际PDF页：17）
《送杜少府之任蜀州》王勃,2,"2.《送杜少府之任蜀州》中表明真挚的友情可以克服空间的阻碍,消除孤独的苦闷的千古名句是:海内存知己,天涯若比邻。","海内存知己,天涯若比邻。",,CN-MEM-N41,151-200/full.md第849行（篇目范围实际PDF页：17）
《送杜少府之任蜀州》王勃,3,"3.《送杜少府之任蜀州》中直接表明不要因为离别而伤感的诗句是:无为在歧路,儿女共沾巾。","无为在歧路,儿女共沾巾。",,CN-MEM-N41,151-200/full.md第851行（篇目范围实际PDF页：17）
《无题》李商隐,1,"1.有一种品质叫无私,有一种情感叫无悔,把它们化为形象的诗句,那便是李商隐《无题》中的“春蚕到死丝方尽,蜡炬成灰泪始干”。","春蚕到死丝方尽,蜡炬成灰泪始干",,CN-MEM-N42,151-200/full.md第855行（篇目范围实际PDF页：17）
《无题》李商隐,2,"2.《无题》中拟想别后幽思孤寂情状的句子是: 晓镜但愁云鬓改, 夜吟应觉月光寒。"," 晓镜但愁云鬓改, 夜吟应觉月光寒。",,CN-MEM-N42,151-200/full.md第857行（篇目范围实际PDF页：17）
《无题》李商隐,3,"3.诗中运用青鸟传信的典故含蓄委婉地表达对恋人的挚爱和深切思念的句子是:蓬山此去无多路,青鸟殷勤为探看。","蓬山此去无多路,青鸟殷勤为探看。",,CN-MEM-N42,151-200/full.md第859行（篇目范围实际PDF页：17）
《相见欢》（无言独上西楼）李煜,1,"1. 词人独自登楼, 接着以“月如钩。寂寞梧桐深院锁清秋”描述所处的情境, 织就了一幅凄凉的景色图, 表达了失去自由后的孤独无奈之情。",月如钩。寂寞梧桐深院锁清秋,,CN-MEM-N43,151-200/full.md第863行（篇目范围实际PDF页：17）
《相见欢》（无言独上西楼）李煜,2,"2.本词末尾用比喻将无形化为有形,抒发离愁别绪和亡国之痛的句子是:剪不断,理还乱,是离愁。别是一般滋味在心头。","剪不断,理还乱,是离愁。别是一般滋味在心头。",,CN-MEM-N43,151-200/full.md第865行（篇目范围实际PDF页：17）
《〈论语〉十二章》,1,"1.《〈论语〉十二章》中表达对远道而来的朋友的欢迎的句子是:有朋自远方来,不亦乐乎?","有朋自远方来,不亦乐乎?",,CN-MEM-N44,151-200/full.md第873行（篇目范围实际PDF页：18）
《〈论语〉十二章》,2,"2.《〈论语〉十二章》中,表明一个有修养的人的心境不受别人影响的句子是:人不知而不愠,不亦君子乎?","人不知而不愠,不亦君子乎?",,CN-MEM-N44,151-200/full.md第875行（篇目范围实际PDF页：18）
《〈论语〉十二章》,3,"3.《〈论语〉十二章》中,曾子强调要经常反省自己的为人处世,提升自己的道德修养的句子是:为人谋而不忠乎?与朋友交而不信乎?",为人谋而不忠乎?与朋友交而不信乎?,,CN-MEM-N44,151-200/full.md第877行（篇目范围实际PDF页：18）
《〈论语〉十二章》,4,"4.《〈论语〉十二章》中强调要学会在复习中感悟新知的句子是:温故而知新,可以为师矣。","温故而知新,可以为师矣。",,CN-MEM-N44,151-200/full.md第879行（篇目范围实际PDF页：18）
《〈论语〉十二章》,5,"5.《〈论语〉十二章》中“学而不思则罔,思而不学则殆”简述了学习和思考的辩证关系。","学而不思则罔,思而不学则殆",,CN-MEM-N44,151-200/full.md第881行（篇目范围实际PDF页：18）
《〈论语〉十二章》,6,"6.《〈论语〉十二章》中表达要乐于学习,沉浸于学习,充分感受学习乐趣的句子是:知之者不如好之者,好之者不如乐之者。","知之者不如好之者,好之者不如乐之者。",,CN-MEM-N44,151-200/full.md第883行（篇目范围实际PDF页：18）
《〈论语〉十二章》,7,"7. 当“富贵”与“义”发生冲突时, 孔子在《〈论语〉十二章》中认为对富贵的正确态度是: 不义而富且贵, 于我如浮云。",富贵；义,,CN-MEM-N44,151-200/full.md第885行（篇目范围实际PDF页：18）
《〈论语〉十二章》,8,"8.“见贤思齐焉,见不贤而内自省也。”《〈论语〉十二章》中,孔子也有类似的论述,这两句话是:择其善者而从之,其不善者而改之。","见贤思齐焉,见不贤而内自省也。",,CN-MEM-N44,151-200/full.md第887行（篇目范围实际PDF页：18）
《〈论语〉十二章》,9,"9.孔子漫步河边,看着日夜奔流的河水想到消逝的时光和生命,感慨道:“逝者如斯夫,不舍昼夜。”","逝者如斯夫,不舍昼夜。",,CN-MEM-N44,151-200/full.md第889行（篇目范围实际PDF页：18）
《〈论语〉十二章》,10,10.《〈论语〉十二章》中用“三军可夺帅也，匹夫不可夺志也”来激励仁人志士无论什么时候都应坚定志向。,三军可夺帅也，匹夫不可夺志也,,CN-MEM-N44,151-200/full.md第891行（篇目范围实际PDF页：18）
《〈论语〉十二章》,11,"11.《〈论语〉十二章》中表达既要广博地学习各方面的知识,坚定志向,又要恳切地发问,并多思考当前的事的句子是:博学而笃志,切问而近思。","博学而笃志,切问而近思。",,CN-MEM-N44,151-200/full.md第893行（篇目范围实际PDF页：18）
《诫子书》诸葛亮,1,"1. 诸葛亮在《诫子书》中劝诫儿子以“君子之行”这种高标准的道德规范要求自己,做到“静以修身,俭以养德”。","君子之行；静以修身,俭以养德",,CN-MEM-N45,151-200/full.md第897行（篇目范围实际PDF页：18）
《诫子书》诸葛亮,2,"2.《诫子书》中强调淡泊名利和内心清净的重要性,激励年轻人志存高远的句子是:非淡泊无以明志,非宁静无以致远。","非淡泊无以明志,非宁静无以致远。",,CN-MEM-N45,151-200/full.md第899行（篇目范围实际PDF页：18）
《诫子书》诸葛亮,3,"3.《诫子书》中阐述学、才、志的关系的句子是:非学无以广才,非志无以成学。","非学无以广才,非志无以成学。",,CN-MEM-N45,151-200/full.md第901行（篇目范围实际PDF页：18）
《诫子书》诸葛亮,4,"4.《诫子书》中从反面入手,阐释过度享乐和浮躁不利于人修身养性的句子是:淫慢则不能励精,险躁则不能治性。","淫慢则不能励精,险躁则不能治性。",,CN-MEM-N45,151-200/full.md第903行（篇目范围实际PDF页：18）
《陋室铭》刘禹锡,1,"1. 描写“陋室”环境清幽,赋予景色以人的灵性的句子是:苔痕上阶绿,草色入帘青。",陋室,,CN-MEM-N46,151-200/full.md第907行（篇目范围实际PDF页：18）
《陋室铭》刘禹锡,2,"2. 表现“陋室”主人交往之雅的句子是: 谈笑有鸿儒, 往来无白丁。",陋室,,CN-MEM-N46,151-200/full.md第909行（篇目范围实际PDF页：18）
《陋室铭》刘禹锡,3,"3.“惟吾德馨”是表达作者高洁傲岸的节操和安贫乐道的思想情趣的中心句,也是作者认为“陋室”不陋的原因。",惟吾德馨；陋室,,CN-MEM-N46,151-200/full.md第911行（篇目范围实际PDF页：18）
《陋室铭》刘禹锡,4,"4.《陋室铭》中,表明作者因远离了世俗的娱乐和烦琐的公务而感到无比喜悦的句子是:无丝竹之乱耳、无案牍之劳形。",无丝竹之乱耳、无案牍之劳形。,,CN-MEM-N46,151-200/full.md第913行（篇目范围实际PDF页：18）
《爱莲说》周敦颐,1,"1. 在复杂的社会环境中,我们应该追求崇高的理想,坚守本真,洁身自好,正如周敦颐在《爱莲说》中说的那样,要“出淤泥而不染,濯清涟而不妖”。","出淤泥而不染,濯清涟而不妖",,CN-MEM-N47,151-200/full.md第917行（篇目范围实际PDF页：18）
《爱莲说》周敦颐,2,"2.《爱莲说》中,分别从嗅觉、视觉角度写莲花气味芬芳、洁净挺立的句子是:香远益清,亭亭净植。","香远益清,亭亭净植。",,CN-MEM-N47,151-200/full.md第919行（篇目范围实际PDF页：18）
《三峡》郦道元,1,1.《三峡》中描写群山连绵不断的句子是:两岸连山略无阙处。,两岸连山略无阙处。,,CN-MEM-N48,151-200/full.md第923行（篇目范围实际PDF页：18、19）
《三峡》郦道元,2,"2.《三峡》中极尽夸张,从侧面衬托出山势巍峨高耸,给人以壮美之感的句子是:自非亭午夜分,不见曦月。","自非亭午夜分,不见曦月。",,CN-MEM-N48,151-200/full.md第925行（篇目范围实际PDF页：18、19）
《三峡》郦道元,3,"3.《三峡》中“至于夏水襄陵,沿溯阻绝”描写了夏季江水漫上山陵,航道被阻断的景象。","至于夏水襄陵,沿溯阻绝",,CN-MEM-N48,151-200/full.md第927行（篇目范围实际PDF页：18、19）
《三峡》郦道元,4,"4.《三峡》中,用江船的日行千里侧面衬托江流之急的句子是:有时朝发白帝,暮到江陵。","有时朝发白帝,暮到江陵。",,CN-MEM-N48,151-200/full.md第929行（篇目范围实际PDF页：18、19）
《三峡》郦道元,5,"5.《三峡》中的“(则)素湍绿潭,回清倒影”可以让我们领略到三峡春冬时节潭水的清澈。  ","(则)素湍绿潭,回清倒影",,CN-MEM-N48,151-200/full.md第931行（篇目范围实际PDF页：18、19）
《三峡》郦道元,6,6.《三峡》中概括性描绘三峡春冬之景，并由此引发感叹与赞美的句子是：清荣峻茂，良多趣味。  ,清荣峻茂，良多趣味。  ,,CN-MEM-N48,151-200/full.md第932行（篇目范围实际PDF页：18、19）
《三峡》郦道元,7,"7.《三峡》结尾引用渔歌“巴东三峡巫峡长,猿鸣三声泪沾裳”来表现猿鸣之哀,渲染三峡秋天悲凉肃杀的气氛。","巴东三峡巫峡长,猿鸣三声泪沾裳",,CN-MEM-N48,151-200/full.md第933行（篇目范围实际PDF页：18、19）
《答谢中书书》陶弘景,1,"1.本文中总领全文,起提纲挈领作用的句子是:山川之美,古来共谈。  ","山川之美,古来共谈。  ",,CN-MEM-N49,151-200/full.md第937行（篇目范围实际PDF页：19）
《答谢中书书》陶弘景,2,"2.本文中极力描写山之高、水之净的句子是:高峰入云,清流见底。  ","高峰入云,清流见底。  ",,CN-MEM-N49,151-200/full.md第938行（篇目范围实际PDF页：19）
《答谢中书书》陶弘景,3,"3.本文中写景物色彩配合之美的句子是:两岸石壁,五色交辉。   ","两岸石壁,五色交辉。   ",,CN-MEM-N49,151-200/full.md第939行（篇目范围实际PDF页：19）
《答谢中书书》陶弘景,4,"4.本文中描绘早晚景色变化之美的句子是:晓雾将歇,猿鸟乱鸣;夕日欲颓,沉鳞竞跃。  ","晓雾将歇,猿鸟乱鸣;夕日欲颓,沉鳞竞跃。  ",,CN-MEM-N49,151-200/full.md第940行（篇目范围实际PDF页：19）
《答谢中书书》陶弘景,5,"5.本文中表现作者的得意、惋惜之感的句子是:自康乐以来,未复有能与其奇者。","自康乐以来,未复有能与其奇者。",,CN-MEM-N49,151-200/full.md第941行（篇目范围实际PDF页：19）
《记承天寺夜游》苏轼,1,"1.《记承天寺夜游》中以高度凝练的笔墨,点染出一个空明澄澈、树影摇曳、亦真亦幻的美妙境界,侧面写出月光皎洁的句子是:庭下如积水空明,水中藻、荇交横,盖竹柏影也。  ","庭下如积水空明,水中藻、荇交横,盖竹柏影也。  ",,CN-MEM-N50,151-200/full.md第945行（篇目范围实际PDF页：19）
《记承天寺夜游》苏轼,2,"2.《记承天寺夜游》中强调时时处处有美景,只是少有闲人,含有自嘲、自慰之意的句子是:何夜无月?何处无竹柏?但少闲人如吾两人者耳。",何夜无月?何处无竹柏?但少闲人如吾两人者耳。,,CN-MEM-N50,151-200/full.md第946行（篇目范围实际PDF页：19）
《与朱元思书》吴均,1,"1.文中概括赞叹富春江景的句子是:奇山异水,天下独绝。  ","奇山异水,天下独绝。  ",,CN-MEM-N51,151-200/full.md第950行（篇目范围实际PDF页：19）
《与朱元思书》吴均,2,"2.文中运用比喻描写水速之快的句子是:急湍甚箭,猛浪若奔。  ","急湍甚箭,猛浪若奔。  ",,CN-MEM-N51,151-200/full.md第951行（篇目范围实际PDF页：19）
《与朱元思书》吴均,3,"3.文中通过写蝉和猿的叫声来衬托山林宁静的句子是:蝉则千转不穷,猿则百叫无绝。  ","蝉则千转不穷,猿则百叫无绝。  ",,CN-MEM-N51,151-200/full.md第952行（篇目范围实际PDF页：19）
《与朱元思书》吴均,4,"4.文中作者触景生情,表达爱慕自然、鄙弃名利之情,强调环境可以改变人的心情和态度的句子是:鸢飞戾天者,望峰息心;经纶世务者,窥谷忘反。  ","鸢飞戾天者,望峰息心;经纶世务者,窥谷忘反。  ",,CN-MEM-N51,151-200/full.md第953行（篇目范围实际PDF页：19）
《与朱元思书》吴均,5,5.《与朱元思书》中的“急湍甚箭，猛浪若奔”与 《三峡》中的“虽乘奔御风，不以疾也”有异曲同工之妙。,急湍甚箭，猛浪若奔；虽乘奔御风，不以疾也,,CN-MEM-N51,151-200/full.md第954行（篇目范围实际PDF页：19）
《孟子》三章,1,"1.《得道多助,失道寡助》中,孟子指出决定战争胜负的三要素的句子是:天时不如地利,地利不如人和。  ","天时不如地利,地利不如人和。  ",,CN-MEM-N52,151-200/full.md第960行（篇目范围实际PDF页：19）
《孟子》三章,2,"2. 孟子在《富贵不能淫》中认为大丈夫无论得志与否,都要坚持原则的句子是:得志,与民由之;不得志,独行其道。  ","得志,与民由之;不得志,独行其道。  ",,CN-MEM-N52,151-200/full.md第961行（篇目范围实际PDF页：19）
《孟子》三章,3,"3.《富贵不能淫》中,孟子认为“富贵不能淫,贫贱不能移,威武不能屈”的人是“大丈夫”。  ","富贵不能淫,贫贱不能移,威武不能屈；大丈夫",,CN-MEM-N52,151-200/full.md第962行（篇目范围实际PDF页：19）
《孟子》三章,4,"4.一个人担当大任之前,必先经历磨难,如孟子在《生于忧患,死于安乐》中所说:“必先苦其心志,劳其筋骨,饿其体肤,空乏其身,行拂乱其所为。”这样以后才能增长才干。  ","必先苦其心志,劳其筋骨,饿其体肤,空乏其身,行拂乱其所为。",,CN-MEM-N52,151-200/full.md第963行（篇目范围实际PDF页：19）
《孟子》三章,5,"5. 孟子在《生于忧患, 死于安乐》中认为一个人经过磨难砥砺的益处是: 所以动心忍性, 曾益其所不能。  "," 所以动心忍性, 曾益其所不能。  ",,CN-MEM-N52,151-200/full.md第964行（篇目范围实际PDF页：19）
《孟子》三章,6,"6.《生于忧患,死于安乐》中从内外两个方面说明亡国原因的句子是:入则无法家拂士,出则无敌国外患者。","入则无法家拂士,出则无敌国外患者。",,CN-MEM-N52,151-200/full.md第965行（篇目范围实际PDF页：19）
《愚公移山》《列子》,1,"1. 点明愚公移山的原因的句子是: 惩山北之塞, 出入之迁也。  "," 惩山北之塞, 出入之迁也。  ",,CN-MEM-N53,151-200/full.md第969行（篇目范围实际PDF页：19）
《愚公移山》《列子》,2,"2.点明愚公移山目的的句子是:指通豫南,达于汉阴。  ","指通豫南,达于汉阴。  ",,CN-MEM-N53,151-200/full.md第970行（篇目范围实际PDF页：19）
《愚公移山》《列子》,3,"3.点明愚公自信能成功移山的理由,从发展的观点告诉我们久久为功的句子是:子子孙孙无穷匮也,而山不加增,何苦而不平?  ","子子孙孙无穷匮也,而山不加增,何苦而不平?  ",,CN-MEM-N53,151-200/full.md第971行（篇目范围实际PDF页：19）
《愚公移山》《列子》,4,"4.《愚公移山》中以时节交替表现移山路途遥远的句子是:寒暑易节,始一反焉。","寒暑易节,始一反焉。",,CN-MEM-N53,151-200/full.md第972行（篇目范围实际PDF页：19）
《桃花源记》陶渊明,1,"1.《桃花源记》中描写桃林自然景色的句子是:夹岸数百步,中无杂树,芳草鲜美,落英缤纷。  ","夹岸数百步,中无杂树,芳草鲜美,落英缤纷。  ",,CN-MEM-N54,151-200/full.md第976行（篇目范围实际PDF页：19）
《桃花源记》陶渊明,2,"2.《桃花源记》中“阡陌交通,鸡犬相闻”从视觉、听觉两方面描绘出桃花源宁静和谐的景象,展现了田园生活的美好与安宁。  ","阡陌交通,鸡犬相闻",,CN-MEM-N54,151-200/full.md第977行（篇目范围实际PDF页：19）
《桃花源记》陶渊明,3,"3. 表现桃花源里老人和孩子幸福愉快生活的句子是: 黄发垂髫, 并怡然自乐。  "," 黄发垂髫, 并怡然自乐。  ",,CN-MEM-N54,151-200/full.md第978行（篇目范围实际PDF页：19）
《桃花源记》陶渊明,4,"4.《桃花源记》中“乃不知有汉,无论魏晋”两句形 象地写出了桃花源与外界隔绝时间之久、程度之深。","乃不知有汉,无论魏晋",,CN-MEM-N54,151-200/full.md第979行（篇目范围实际PDF页：19）
《小石潭记》柳宗元,1,"1.《小石潭记》中“潭中鱼可百许头,皆若空游无所依”两句描绘了潭中百来条鱼儿好像在空中游动,没有什么依傍的画面,侧面体现出潭水的清澈。  ","潭中鱼可百许头,皆若空游无所依",,CN-MEM-N55,151-200/full.md第985行（篇目范围实际PDF页：20）
《小石潭记》柳宗元,2,2.《小石潭记》中“俶尔远逝，往来翕忽”两句写出了游鱼的轻快敏捷。  ,俶尔远逝，往来翕忽,,CN-MEM-N55,151-200/full.md第986行（篇目范围实际PDF页：20）
《小石潭记》柳宗元,3,3.巧用比喻写溪水逶迤、时显时隐之状的句子是：斗折蛇行，明灭可见。  ,斗折蛇行，明灭可见。  ,,CN-MEM-N55,151-200/full.md第987行（篇目范围实际PDF页：20）
《小石潭记》柳宗元,4,"4.文中写岸势参差不齐,源头神秘莫测的句子是:其岸势犬牙差互,不可知其源。  ","其岸势犬牙差互,不可知其源。  ",,CN-MEM-N55,151-200/full.md第988行（篇目范围实际PDF页：20）
《小石潭记》柳宗元,5,5.《小石潭记》中的“凄神寒骨，悄怆幽邃”两句集中体现了作者孤寂悲凉的感受。,凄神寒骨，悄怆幽邃,,CN-MEM-N55,151-200/full.md第989行（篇目范围实际PDF页：20）
《北冥有鱼》《庄子》,1,"1.《北冥有鱼》中,对天空颜色深蓝的成因进行探寻并发出疑问的两句是:其正色邪?其远而无所至极邪?   ",其正色邪?其远而无所至极邪?   ,,CN-MEM-N56,151-200/full.md第993行（篇目范围实际PDF页：20）
《北冥有鱼》《庄子》,2,"2.《北冥有鱼》中“怒而飞,其翼若垂天之云”两句运用比喻和夸张的修辞手法,表现了大鹏振翅而飞时的宏大场景。  ","怒而飞,其翼若垂天之云",,CN-MEM-N56,151-200/full.md第994行（篇目范围实际PDF页：20）
《北冥有鱼》《庄子》,3,"3.《北冥有鱼》中“水击三千里,抟扶摇而上者九万里”两句运用丰富的想象、奇特的夸张,描写了大鹏振翼拍水,盘旋飞至九万里高空的景象。","水击三千里,抟扶摇而上者九万里",,CN-MEM-N56,151-200/full.md第995行（篇目范围实际PDF页：20）
《礼记》二则,1,"1.《虽有嘉肴》中表明通过学习和教学实践才能发现问题、提升自己、完善自己的句子是: 是故学然后知不足,教然后知困。  "," 是故学然后知不足,教然后知困。  ",,CN-MEM-N57,151-200/full.md第999行（篇目范围实际PDF页：20）
《礼记》二则,2,2.《虽有嘉肴》认为“教”与“学”的关系是“教学相长”。  ,教；学；教学相长,,CN-MEM-N57,151-200/full.md第1000行（篇目范围实际PDF页：20）
《礼记》二则,3,"3.《大道之行也》中表明在大同社会中人才得到重用,社会成员之间和睦相处的句子是:选贤与能,讲信修睦。  ","选贤与能,讲信修睦。  ",,CN-MEM-N57,151-200/full.md第1001行（篇目范围实际PDF页：20）
《礼记》二则,4,"4.《大道之行也》中表现人人受到社会关爱的句子是:使老有所终,壮有所用,幼有所长,矜、寡、孤、独、废疾者皆有所养。  ","使老有所终,壮有所用,幼有所长,矜、寡、孤、独、废疾者皆有所养。  ",,CN-MEM-N57,151-200/full.md第1002行（篇目范围实际PDF页：20）
《礼记》二则,5,"5.《大道之行也》中,表现社会安定和平、民风淳朴 的句子是: 是故谋闭而不兴, 盗窃乱贼而不作, 故外户而不闭。"," 是故谋闭而不兴, 盗窃乱贼而不作, 故外户而不闭。",,CN-MEM-N57,151-200/full.md第1003行（篇目范围实际PDF页：20）
《马说》韩愈,1,1. 怀才不遇的人常引用《马说》中的“千里马常有，而伯乐不常有”感叹无人赏识。  ,千里马常有，而伯乐不常有,,CN-MEM-N58,151-200/full.md第1009行（篇目范围实际PDF页：20）
《马说》韩愈,2,"2.《马说》一文中揭示千里马的悲惨遭遇的句子是:只辱于奴隶人之手,骈死于槽枥之间。  ","只辱于奴隶人之手,骈死于槽枥之间。  ",,CN-MEM-N58,151-200/full.md第1010行（篇目范围实际PDF页：20）
《马说》韩愈,3,3.《马说》中点明千里马被埋没的根本原因的句子是:食马者不知其能千里而食也。  ,食马者不知其能千里而食也。  ,,CN-MEM-N58,151-200/full.md第1011行（篇目范围实际PDF页：20）
《马说》韩愈,4,4.《马说》中的“其真无马邪？其真不知马也！”两句自问自答，寄寓了作者对人才被压抑、埋没的不平与悲愤。,其真无马邪？其真不知马也！,,CN-MEM-N58,151-200/full.md第1012行（篇目范围实际PDF页：20）
《岳阳楼记》范仲淹,1,"1.《岳阳楼记》中运用动静结合的手法描写洞庭湖波光月影之美的句子是:浮光跃金,静影沉璧。   ","浮光跃金,静影沉璧。   ",静影沉壁→静影沉璧,CN-MEM-N59,151-200/full.md第1016行（篇目范围实际PDF页：20）
《岳阳楼记》范仲淹,2,"2.文中从时间上表现景象变化万千的句子是:朝晖夕阴,气象万千。  ","朝晖夕阴,气象万千。  ",,CN-MEM-N59,151-200/full.md第1017行（篇目范围实际PDF页：20）
《岳阳楼记》范仲淹,3,"3.文中描写鸟儿时飞时歇,鱼儿在水中游来游去的景象的句子是:沙鸥翔集,锦鳞游泳。  ","沙鸥翔集,锦鳞游泳。  ",,CN-MEM-N59,151-200/full.md第1018行（篇目范围实际PDF页：20）
《岳阳楼记》范仲淹,4,4.《岳阳楼记》中，“不以物喜，不以己悲”两句写出了“古仁人”与“迁客骚人”观物之情的不同，表现了作者对古仁人高尚人格的赞扬。  ,不以物喜，不以己悲；古仁人；迁客骚人,,CN-MEM-N59,151-200/full.md第1019行（篇目范围实际PDF页：20）
《岳阳楼记》范仲淹,5,5.《岳阳楼记》中“进亦忧”指的是“居庙堂之高则忧其民”，“退亦忧”指的“处江湖之远则忧其君”。  ,进亦忧；居庙堂之高则忧其民；退亦忧；处江湖之远则忧其君,,CN-MEM-N59,151-200/full.md第1020行（篇目范围实际PDF页：20）
《岳阳楼记》范仲淹,6,6. 范仲淹在《岳阳楼记》中表达了“先天下之忧而忧，后天下之乐而乐”的政治情怀。千百年来，无数仁人志士把这两句话作为座右铭，他们心系苍生，立志为民造福。,先天下之忧而忧，后天下之乐而乐,,CN-MEM-N59,151-200/full.md第1021行（篇目范围实际PDF页：20）
《醉翁亭记》欧阳修,1,"1.文中写出醉翁言在此而意在彼,情趣所在的句子是:醉翁之意不在酒,在乎山水之间也。  ","醉翁之意不在酒,在乎山水之间也。  ",,CN-MEM-N60,151-200/full.md第1025行（篇目范围实际PDF页：20、21）
《醉翁亭记》欧阳修,2,"2.文中描写山间“朝暮之景”的句子是:若夫日出而林霏开,云归而岩穴暝,晦明变化者。  ",朝暮之景,,CN-MEM-N60,151-200/full.md第1026行（篇目范围实际PDF页：20、21）
《醉翁亭记》欧阳修,3,"3.文中描写山间“四时之景”的句子是:野芳发而幽香,佳木秀而繁阴,风霜高洁,水落而石出者。  ",四时之景,,CN-MEM-N60,151-200/full.md第1027行（篇目范围实际PDF页：20、21）
《醉翁亭记》欧阳修,4,"4.文中直接抒发作者对山间四时风光的陶醉之情的句子是:四时之景不同,而乐亦无穷也。","四时之景不同,而乐亦无穷也。",,CN-MEM-N60,151-200/full.md第1028行（篇目范围实际PDF页：20、21）
《醉翁亭记》欧阳修,5,"5.《醉翁亭记》中用简笔勾勒出醉翁之态,可谓醉在其中、乐在其中的两句是:苍颜白发,颓然乎其间者。","苍颜白发,颓然乎其间者。",,CN-MEM-N60,151-200/full.md第1030行（篇目范围实际PDF页：20、21）
《湖心亭看雪》张岱,1,"1.文中从听觉入手,生动地写出大雪后西湖寂静景象的句子是:大雪三日,湖中人鸟声俱绝。  ","大雪三日,湖中人鸟声俱绝。  ",,CN-MEM-N61,151-200/full.md第1034行（篇目范围实际PDF页：21）
《湖心亭看雪》张岱,2,"2.文中用白描手法描写天地间白茫茫一片的雪景的句子是:雾凇沆砀,天与云与山与水,上下一白。   ","雾凇沆砀,天与云与山与水,上下一白。   ",,CN-MEM-N61,151-200/full.md第1035行（篇目范围实际PDF页：21）
《湖心亭看雪》张岱,3,"3.文中借用船夫之语表现作者超凡脱俗的趣味的句子是:莫说相公痴,更有痴似相公者。","莫说相公痴,更有痴似相公者。",,CN-MEM-N61,151-200/full.md第1036行（篇目范围实际PDF页：21）
《鱼我所欲也》《孟子》,1,"1.《鱼我所欲也》告诉我们,当面临“生”和“义”的选择时,正确的做法是:舍生而取义者也。  ",生；义,,CN-MEM-N62,151-200/full.md第1040行（篇目范围实际PDF页：21）
《鱼我所欲也》《孟子》,2,2.《鱼我所欲也》中，“非独贤者有是心”的“是心”指的是：(是故)所欲有甚于生者，所恶有甚于死者。  ,非独贤者有是心；是心,,CN-MEM-N62,151-200/full.md第1041行（篇目范围实际PDF页：21）
《鱼我所欲也》《孟子》,3,3.《鱼我所欲也》中最能体现“性本善”思想的句子是：非独贤者有是心也，人皆有之，贤者能勿丧耳。  ,性本善,,CN-MEM-N62,151-200/full.md第1042行（篇目范围实际PDF页：21）
《鱼我所欲也》《孟子》,4,"4.《鱼我所欲也》中与“不受嗟来之食”意思一致的句子是:呼尔而与之,行道之人弗受。  ",不受嗟来之食,,CN-MEM-N62,151-200/full.md第1043行（篇目范围实际PDF页：21）
《鱼我所欲也》《孟子》,5,"5.《鱼我所欲也》中,强调做人要有自己的原则,要正确对待功名利禄的句子是:万钟则不辩礼义而受之,万钟于我何加焉!","万钟则不辩礼义而受之,万钟于我何加焉!",,CN-MEM-N62,151-200/full.md第1044行（篇目范围实际PDF页：21）
《送东阳马生序》宋濂,1,1.《送东阳马生序》中揭示作者小时候学习就很勤奋的句子是:余幼时即嗜学。  ,余幼时即嗜学。  ,,CN-MEM-N63,151-200/full.md第1048行（篇目范围实际PDF页：21）
《送东阳马生序》宋濂,2,2.《送东阳马生序》中表明作者去百里之外求学的原因的句子是:益慕圣贤之道。又患无硕师名人与游。  ,益慕圣贤之道。又患无硕师名人与游。  ,,CN-MEM-N63,151-200/full.md第1049行（篇目范围实际PDF页：21）
《送东阳马生序》宋濂,3,"3. 宋濂在《送东阳马生序》中用“援疑质理,俯身倾耳以请”两句形象地写出了自己求学时积极提问,专心恭敬地向老师请教的情形。  ","援疑质理,俯身倾耳以请",,CN-MEM-N63,151-200/full.md第1050行（篇目范围实际PDF页：21）
《送东阳马生序》宋濂,4,4.《送东阳马生序》中通过跋涉之苦体现出作者求学之艰的句子是:负箧曳屣行深山巨谷中。  ,负箧曳屣行深山巨谷中。  ,,CN-MEM-N63,151-200/full.md第1051行（篇目范围实际PDF页：21）
《送东阳马生序》宋濂,5,"5.《送东阳马生序》中,作者说自己穿着破旧衣服与衣着华丽的同学在一起却丝毫不羡慕的句子是“以中有足乐者,不知口体之奉不若人也”。","以中有足乐者,不知口体之奉不若人也",,CN-MEM-N63,151-200/full.md第1052行（篇目范围实际PDF页：21）
《曹刿论战》《左传》,1,1.《曹刿论战》中，曹刿坚持求见鲁庄公的原因是： 肉食者鄙，未能远谋。, 肉食者鄙，未能远谋。,,CN-MEM-N64,151-200/full.md第1056行（篇目范围实际PDF页：21）
《曹刿论战》《左传》,2,"2. 政府要想赢得老百姓的信赖, 就得尽职尽责, 做好分内的事, 这正如本文所说, 要取得人民的支持, 必须做到: 小大之狱, 虽不能察, 必以情。  "," 小大之狱, 虽不能察, 必以情。  ",,CN-MEM-N64,151-200/full.md第1060行（篇目范围实际PDF页：21）
《曹刿论战》《左传》,3,"3.文中具体描写曹刿小心谨慎地观察敌情的句子是:下视其辙,登轼而望之。  ","下视其辙,登轼而望之。  ",,CN-MEM-N64,151-200/full.md第1061行（篇目范围实际PDF页：21）
《曹刿论战》《左传》,4,4.文中曹刿不让鲁庄公立刻追击齐军的原因是：夫大国，难测也，惧有伏焉。,夫大国，难测也，惧有伏焉。,,CN-MEM-N64,151-200/full.md第1062行（篇目范围实际PDF页：21）
《邹忌讽齐王纳谏》《战国策》,1,"1.文中描写邹忌外貌的句子是:邹忌修八尺有余,而形貌昳丽。  ","邹忌修八尺有余,而形貌昳丽。  ",,CN-MEM-N65,151-200/full.md第1066行（篇目范围实际PDF页：21）
《邹忌讽齐王纳谏》《战国策》,2,"2.文中邹忌认为“王之蔽甚矣”的原因是:宫妇左右莫不私王,朝廷之臣莫不畏王,四境之内莫不有求于王。  ",王之蔽甚矣,,CN-MEM-N65,151-200/full.md第1067行（篇目范围实际PDF页：21）
《邹忌讽齐王纳谏》《战国策》,3,"3.文中邹忌通过比美类比劝谏齐威王时得出的结论是:由此观之,王之蔽甚矣。  ","由此观之,王之蔽甚矣。  ",,CN-MEM-N65,151-200/full.md第1068行（篇目范围实际PDF页：21）
《邹忌讽齐王纳谏》《战国策》,4,"4.文中齐威王受邹忌启发,用悬赏的方法广泛征求臣民意见。他提出能受下赏的要求是:能谤讥于市朝,闻寡人之耳者。  ","能谤讥于市朝,闻寡人之耳者。  ",,CN-MEM-N65,151-200/full.md第1069行（篇目范围实际PDF页：21）
《邹忌讽齐王纳谏》《战国策》,5,"5.《邹忌讽齐王纳谏》中,描述齐威王纳谏令初下时的大好局面的句子是:群臣进谏,门庭若市。  ","群臣进谏,门庭若市。  ",,CN-MEM-N65,151-200/full.md第1070行（篇目范围实际PDF页：21）
《邹忌讽齐王纳谏》《战国策》,6,"6.文中表现邹忌的讽谏最后收到了效果的句子是:燕、赵、韩、魏闻之,皆朝于齐。","燕、赵、韩、魏闻之,皆朝于齐。",,CN-MEM-N65,151-200/full.md第1071行（篇目范围实际PDF页：21）
《出师表》诸葛亮,1,"1.《出师表》中的“陟罚臧否,不宜异同”与“赏不可不平,罚不可不均”的意思一致。  ","陟罚臧否,不宜异同；赏不可不平,罚不可不均",,CN-MEM-N66,151-200/full.md第1075行（篇目范围实际PDF页：21）
《出师表》诸葛亮,2,"2.诸葛亮认为先汉兴隆的原因是:亲贤臣,远小人。  ","亲贤臣,远小人。  ",,CN-MEM-N66,151-200/full.md第1076行（篇目范围实际PDF页：21）
《出师表》诸葛亮,3,"3.表明诸葛亮淡泊名利的句子是:苟全性命于乱世,不求闻达于诸侯。  ","苟全性命于乱世,不求闻达于诸侯。  ",,CN-MEM-N66,151-200/full.md第1077行（篇目范围实际PDF页：21）
《出师表》诸葛亮,4,"4.《出师表》中表明诸葛亮临危受命的句子是:受任于败军之际,奉命于危难之间。  ","受任于败军之际,奉命于危难之间。  ",,CN-MEM-N66,151-200/full.md第1078行（篇目范围实际PDF页：21）
《出师表》诸葛亮,5,5.诸葛亮在《出师表》中用“庶竭驽钝，攘除奸凶”两句表明自己期望竭尽所能，铲除奸邪势力。,庶竭驽钝，攘除奸凶,,CN-MEM-N66,151-200/full.md第1079行（篇目范围实际PDF页：21）
《伯牙鼓琴》《吕氏春秋》,1,1.《伯牙鼓琴》中表明伯牙“终身不复鼓琴”的根本原因的句子是:以为世无足复为鼓琴者。  ,终身不复鼓琴,,CN-MEM-N67,151-200/full.md第1083行（篇目范围实际PDF页：21）
《伯牙鼓琴》《吕氏春秋》,2,"2.伯牙鼓琴时,锺子期评价俞伯牙之“志”的句子是“巍巍乎若太山”“汤汤乎若流水”。",志；巍巍乎若太山；汤汤乎若流水,,CN-MEM-N67,151-200/full.md第1084行（篇目范围实际PDF页：21）
