字词,类别,原义项序号,原释义与例句,学习核验,专项核读,分册,full_md行号,章节内来源编号,实际PDF页码
安,,1,"(1)安稳,稳定。风雨不动安如山。(《茅屋为秋风所破歌》)",以例句的主干、搭配与前后关系核定本义项；不能把同字的其他例义同时代入。,,251-300,3244—3244,CN-CLASS-W001,48
安,,2,"(2)安乐,安逸。然后知生于忧患而死于安乐也。(《生于忧患,死于安乐》)",以例句的主干、搭配与前后关系核定本义项；不能把同字的其他例义同时代入。,,251-300,3246—3246,CN-CLASS-W001,48
安,,3,(3)安身。衣食所安。(《曹刿论战》),以例句的主干、搭配与前后关系核定本义项；不能把同字的其他例义同时代入。,,251-300,3248—3248,CN-CLASS-W001,48
安,,4,"(4)哪里,怎么。安能辨我是雄雌? (《木兰诗》)",以例句的主干、搭配与前后关系核定本义项；不能把同字的其他例义同时代入。,,251-300,3250—3252,CN-CLASS-W001,48
备,,1,"(1)完备,详尽。前人之述备矣。(《岳阳楼记》)",以例句的主干、搭配与前后关系核定本义项；不能把同字的其他例义同时代入。,,251-300,3256—3256,CN-CLASS-W002,
备,,2,"(2)预备,准备。犹得备晨炊。(《石壕吏》)",以例句的主干、搭配与前后关系核定本义项；不能把同字的其他例义同时代入。,,251-300,3258—3258,CN-CLASS-W002,
备,,3,(3)防备。军细柳:以备胡。(《周亚夫军细柳》),以例句的主干、搭配与前后关系核定本义项；不能把同字的其他例义同时代入。,,251-300,3260—3260,CN-CLASS-W002,
本,,1,"(1)本来,原来。本在冀州之南。(《愚公移山》)",以例句的主干、搭配与前后关系核定本义项；不能把同字的其他例义同时代入。,,251-300,3264—3264,CN-CLASS-W003,48
本,,2,"(2)原来的,固有的。松柏有本性。[《赠从弟》(其二)]",以例句的主干、搭配与前后关系核定本义项；不能把同字的其他例义同时代入。,,251-300,3266—3266,CN-CLASS-W003,48
本,,3,"(3)根源,本源。请循其本。(《庄子与惠子游于濠梁之上》)",以例句的主干、搭配与前后关系核定本义项；不能把同字的其他例义同时代入。,,251-300,3268—3268,CN-CLASS-W003,48
比,,1,"(1) 比较, 较量。心却比, 男儿烈。[《满江红》(小住京华)]",以例句的主干、搭配与前后关系核定本义项；不能把同字的其他例义同时代入。,,251-300,3272—3272,CN-CLASS-W004,48
比,,2,(2)靠近。其两膝相比者。(《核舟记》),以例句的主干、搭配与前后关系核定本义项；不能把同字的其他例义同时代入。,,251-300,3274—3274,CN-CLASS-W004,48
比,,3,(3)等到。比至陈。(《陈涉世家》),以例句的主干、搭配与前后关系核定本义项；不能把同字的其他例义同时代入。,,251-300,3276—3276,CN-CLASS-W004,48
毕,,1,"(1) 尽, 全。吾与汝毕力平险。(《愚公移山》)",以例句的主干、搭配与前后关系核定本义项；不能把同字的其他例义同时代入。,,251-300,3280—3280,CN-CLASS-W005,48
毕,,2,"(2) 完成, 结束。录毕, 走送之。(《送东阳马生序》)",以例句的主干、搭配与前后关系核定本义项；不能把同字的其他例义同时代入。,,251-300,3282—3282,CN-CLASS-W005,48
蔽,,1,"(1)遮挡,遮蔽。隐天蔽日。(《三峡》)",以例句的主干、搭配与前后关系核定本义项；不能把同字的其他例义同时代入。,,251-300,3286—3286,CN-CLASS-W006,48
蔽,,2,"(2)蒙蔽,所受的蒙蔽。由此观之,王之蔽甚矣。(《邹忌讽齐王纳谏》)",以例句的主干、搭配与前后关系核定本义项；不能把同字的其他例义同时代入。,,251-300,3288—3288,CN-CLASS-W006,48
薄,,1,"(1)迫近。薄暮冥冥,虎啸猿啼。(《岳阳楼记》)",以例句的主干、搭配与前后关系核定本义项；不能把同字的其他例义同时代入。,,251-300,3292—3292,CN-CLASS-W007,
薄,,2,"(2)轻视,看不起。不宜妄自菲薄。(《出师表》)",以例句的主干、搭配与前后关系核定本义项；不能把同字的其他例义同时代入。,,251-300,3294—3294,CN-CLASS-W007,
薄,,3,(3)厚度小。薄如钱唇。(《活板》),以例句的主干、搭配与前后关系核定本义项；不能把同字的其他例义同时代入。,,251-300,3296—3298,CN-CLASS-W007,
策,,1,(1) 马鞭。执策面临之。(《马说》),以例句的主干、搭配与前后关系核定本义项；不能把同字的其他例义同时代入。,,251-300,3302—3302,CN-CLASS-W008,48
策,,2,"(2)策书,在策书上记。策勋十二转。(《木兰诗》)",以例句的主干、搭配与前后关系核定本义项；不能把同字的其他例义同时代入。,,251-300,3304—3304,CN-CLASS-W008,48
长,,1,"(1)久,久远。存者且偷生,死者长(cháng)已矣。(《石壕吏》)",以例句的主干、搭配与前后关系核定本义项；不能把同字的其他例义同时代入。,挂胃为识别误字，前章已核原诗挂罥；原释例栏保留提取，正确原诗见对应篇目。,251-300,3308—3308,CN-CLASS-W009,48
长,,2,(2)长度。舟首尾长(cháng)约八分有奇。(《核舟记》),以例句的主干、搭配与前后关系核定本义项；不能把同字的其他例义同时代入。,挂胃为识别误字，前章已核原诗挂罥；原释例栏保留提取，正确原诗见对应篇目。,251-300,3310—3310,CN-CLASS-W009,48
长,,3,(3) 大片。而或长(cháng)烟一空。(《岳阳楼记》),以例句的主干、搭配与前后关系核定本义项；不能把同字的其他例义同时代入。,挂胃为识别误字，前章已核原诗挂罥；原释例栏保留提取，正确原诗见对应篇目。,251-300,3312—3312,CN-CLASS-W009,48
长,,4,"(4) 长, 与“短”相对。北市买长(cháng)鞭。(《木兰诗》)",以例句的主干、搭配与前后关系核定本义项；不能把同字的其他例义同时代入。,挂胃为识别误字，前章已核原诗挂罥；原释例栏保留提取，正确原诗见对应篇目。,251-300,3314—3314,CN-CLASS-W009,48
长,,5,(5)高。高者挂胃长(cháng)林梢。(《茅屋为秋风所破歌》),以例句的主干、搭配与前后关系核定本义项；不能把同字的其他例义同时代入。,挂胃为识别误字，前章已核原诗挂罥；原释例栏保留提取，正确原诗见对应篇目。,251-300,3316—3316,CN-CLASS-W009,48
长,,6,"(6)性行忠厚,有德望。以君为长(zhǎng)者,故不错意也。(《唐雎不辱使命》)",以例句的主干、搭配与前后关系核定本义项；不能把同字的其他例义同时代入。,挂胃为识别误字，前章已核原诗挂罥；原释例栏保留提取，正确原诗见对应篇目。,251-300,3318—3318,CN-CLASS-W009,48
长,,7,"(7)首领。陈胜、吴广皆次当行,为屯长(zhǎng)。(《陈涉世家》)",以例句的主干、搭配与前后关系核定本义项；不能把同字的其他例义同时代入。,挂胃为识别误字，前章已核原诗挂罥；原释例栏保留提取，正确原诗见对应篇目。,251-300,3320—3320,CN-CLASS-W009,48
长,,8,(8)列在首位的。木兰无长(zhǎng)兄。(《木兰诗》),以例句的主干、搭配与前后关系核定本义项；不能把同字的其他例义同时代入。,挂胃为识别误字，前章已核原诗挂罥；原释例栏保留提取，正确原诗见对应篇目。,251-300,3322—3322,CN-CLASS-W009,48
长,,9,(9)长大。幼有所长(zhǎng)。(《大道之行也》),以例句的主干、搭配与前后关系核定本义项；不能把同字的其他例义同时代入。,挂胃为识别误字，前章已核原诗挂罥；原释例栏保留提取，正确原诗见对应篇目。,251-300,3324—3324,CN-CLASS-W009,48
长,,10,"(10) 增长, 振作。暂凭杯酒长 (zhǎng) 精神。(《酬乐天扬州初逢席上见赠》)",以例句的主干、搭配与前后关系核定本义项；不能把同字的其他例义同时代入。,挂胃为识别误字，前章已核原诗挂罥；原释例栏保留提取，正确原诗见对应篇目。,251-300,3326—3326,CN-CLASS-W009,48
朝,,1,(1) 朝见。余朝（cháo）京师。（《送东阳马生序》）,以例句的主干、搭配与前后关系核定本义项；不能把同字的其他例义同时代入。,,251-300,3330—3330,CN-CLASS-W010,48
朝,,2,"(2)朝见的地方,朝廷。于是入朝(cháo)见威王。(《邹忌讽齐王纳谏》)",以例句的主干、搭配与前后关系核定本义项；不能把同字的其他例义同时代入。,,251-300,3332—3332,CN-CLASS-W010,48
朝,,3,(3)早晨。有时朝(zhāo)发白帝。(《三峡》),以例句的主干、搭配与前后关系核定本义项；不能把同字的其他例义同时代入。,,251-300,3334—3334,CN-CLASS-W010,48
称,,1,"(1)称道,称赞。先帝称之曰能。(《出师表》)",以例句的主干、搭配与前后关系核定本义项；不能把同字的其他例义同时代入。,,251-300,3338—3338,CN-CLASS-W011,
称,,2,"(2)号称,称呼。袒右,称大楚。(《陈涉世家》)",以例句的主干、搭配与前后关系核定本义项；不能把同字的其他例义同时代入。,,251-300,3340—3340,CN-CLASS-W011,
称,,3,"(3)著称,扬名。不以千里称也。(《马说》)",以例句的主干、搭配与前后关系核定本义项；不能把同字的其他例义同时代入。,,251-300,3342—3342,CN-CLASS-W011,
诚,,1,(1)诚心。帝感其诚。(《愚公移山》),以例句的主干、搭配与前后关系核定本义项；不能把同字的其他例义同时代入。,,251-300,3346—3346,CN-CLASS-W012,
诚,,2,"(2) 表肯定, 确实, 的确。臣诚知不如徐公美。

(《邹忌讽齐王纳谏》)",以例句的主干、搭配与前后关系核定本义项；不能把同字的其他例义同时代入。,,251-300,3348—3349,CN-CLASS-W012,
诚,,3,"(3)如果。今诚以吾众诈自称公子扶苏、项燕。

(《陈涉世家》)",以例句的主干、搭配与前后关系核定本义项；不能把同字的其他例义同时代入。,,251-300,3351—3352,CN-CLASS-W012,
乘,,1,(1)乘坐。公与之乘(chéng)。(《曹刿论战》),以例句的主干、搭配与前后关系核定本义项；不能把同字的其他例义同时代入。,,251-300,3356—3356,CN-CLASS-W013,49
乘,,2,(2)量词。车六七百乘(shèng)。(《陈涉世家》),以例句的主干、搭配与前后关系核定本义项；不能把同字的其他例义同时代入。,,251-300,3358—3358,CN-CLASS-W013,49
乘,,3,(3) 趁着。从今若许闲乘(chéng)月。(《游山西村》),以例句的主干、搭配与前后关系核定本义项；不能把同字的其他例义同时代入。,,251-300,3360—3360,CN-CLASS-W013,49
出,,1,"(1) 出现, 显露。水落而石出者。(《醉翁亭记》)",以例句的主干、搭配与前后关系核定本义项；不能把同字的其他例义同时代入。,,251-300,3364—3364,CN-CLASS-W014,49
出,,2,"(2)由内到外,与“入”相对。不复出焉。(《桃花源记》)",以例句的主干、搭配与前后关系核定本义项；不能把同字的其他例义同时代入。,,251-300,3366—3366,CN-CLASS-W014,49
出,,3,(3)发出。不敢出一言以复。(《送东阳马生序》),以例句的主干、搭配与前后关系核定本义项；不能把同字的其他例义同时代入。,,251-300,3368—3368,CN-CLASS-W014,49
出,,4,(4)拿出。皆出酒食。(《桃花源记》),以例句的主干、搭配与前后关系核定本义项；不能把同字的其他例义同时代入。,,251-300,3370—3370,CN-CLASS-W014,49
出,,5,(5)在国外。出则无敌国外患者。(《生于忧患，死于安乐》),以例句的主干、搭配与前后关系核定本义项；不能把同字的其他例义同时代入。,,251-300,3372—3372,CN-CLASS-W014,49
辞,,1,"(1)告别,辞别。停数日,辞去。(《桃花源记》)",以例句的主干、搭配与前后关系核定本义项；不能把同字的其他例义同时代入。,,251-300,3376—3376,CN-CLASS-W015,
辞,,2,(2)推托。蒙辞以军中多务。(《孙权劝学》),以例句的主干、搭配与前后关系核定本义项；不能把同字的其他例义同时代入。,,251-300,3378—3378,CN-CLASS-W015,
辞,,3,(3)言辞。未尝稍降辞色。(《送东阳马生序》),以例句的主干、搭配与前后关系核定本义项；不能把同字的其他例义同时代入。,,251-300,3380—3380,CN-CLASS-W015,
从,,1,"(1) 跟, 随。从流飘荡。(《与朱元思书》)",以例句的主干、搭配与前后关系核定本义项；不能把同字的其他例义同时代入。,,251-300,3384—3384,CN-CLASS-W016,49
从,,2,"(2) 听从, 顺从。民弗从也。(《曹刿论战》)",以例句的主干、搭配与前后关系核定本义项；不能把同字的其他例义同时代入。,,251-300,3386—3386,CN-CLASS-W016,49
从,,3,"(3) 自, 由。客从外来, 与坐谈。(《邹忌讽齐王纳谏》)",以例句的主干、搭配与前后关系核定本义项；不能把同字的其他例义同时代入。,,251-300,3388—3388,CN-CLASS-W016,49
从,,4,(4)向。从乡之先达执经叩问。(《送东阳马生序》),以例句的主干、搭配与前后关系核定本义项；不能把同字的其他例义同时代入。,,251-300,3390—3392,CN-CLASS-W016,49
达,,1,"(1)至,到达。达于汉阴。(《愚公移山》)",以例句的主干、搭配与前后关系核定本义项；不能把同字的其他例义同时代入。,,251-300,3396—3396,CN-CLASS-W017,
达,,2,"(2)通,通达。辞甚畅达。(《送东阳马生序》)",以例句的主干、搭配与前后关系核定本义项；不能把同字的其他例义同时代入。,,251-300,3398—3398,CN-CLASS-W017,
达,,3,"(3)显贵,显达。不求闻达于诸侯。(《出师表》)",以例句的主干、搭配与前后关系核定本义项；不能把同字的其他例义同时代入。,,251-300,3400—3400,CN-CLASS-W017,
当,,1,"(1)对着,面对。木兰当(dāng)户织。(《木兰诗》)",以例句的主干、搭配与前后关系核定本义项；不能把同字的其他例义同时代入。,,251-300,3404—3404,CN-CLASS-W018,49
当,,2,"(2) 将, 将要。今当(dāng)远离。(《出师表》)",以例句的主干、搭配与前后关系核定本义项；不能把同字的其他例义同时代入。,,251-300,3406—3406,CN-CLASS-W018,49
当,,3,"(3) 应该, 应当。当 (dāng) 立者乃公子扶苏。

(《陈涉世家》)",以例句的主干、搭配与前后关系核定本义项；不能把同字的其他例义同时代入。,,251-300,3408—3409,CN-CLASS-W018,49
当,,4,"(4)在(某处、某时),当时。咨臣以当(dāng)世之事。(《出师表》)",以例句的主干、搭配与前后关系核定本义项；不能把同字的其他例义同时代入。,,251-300,3411—3411,CN-CLASS-W018,49
道,,1,"(1)道路。伐竹取道,下见小潭。(《小石潭记》)",以例句的主干、搭配与前后关系核定本义项；不能把同字的其他例义同时代入。,,251-300,3415—3415,CN-CLASS-W019,49
道,,2,"(2)途,过程。先帝创业未半而中道崩殂。(《出师表》)",以例句的主干、搭配与前后关系核定本义项；不能把同字的其他例义同时代入。,,251-300,3417—3417,CN-CLASS-W019,49
道,,3,(3) 正确方法。策之不以其道。(《马说》),以例句的主干、搭配与前后关系核定本义项；不能把同字的其他例义同时代入。,,251-300,3419—3419,CN-CLASS-W019,49
道,,4,"(4)道义。伐无道,诛暴秦。(《陈涉世家》)",以例句的主干、搭配与前后关系核定本义项；不能把同字的其他例义同时代入。,,251-300,3421—3421,CN-CLASS-W019,49
道,,5,"(5)说,谈论。不足为外人道也。(《桃花源记》)",以例句的主干、搭配与前后关系核定本义项；不能把同字的其他例义同时代入。,,251-300,3423—3423,CN-CLASS-W019,49
道,,6,(6)学说。益慕圣贤之道。(《送东阳马生序》),以例句的主干、搭配与前后关系核定本义项；不能把同字的其他例义同时代入。,,251-300,3425—3425,CN-CLASS-W019,49
敌,,1,"(1)匹敌,相当。出则无敌国外患者。(《生于忧患,死于安乐》)",以例句的主干、搭配与前后关系核定本义项；不能把同字的其他例义同时代入。,,251-300,3429—3429,CN-CLASS-W020,49
敌,,2,(2)敌人。乃悟前狼假寐，盖以诱敌。（《狼》）,以例句的主干、搭配与前后关系核定本义项；不能把同字的其他例义同时代入。,,251-300,3431—3431,CN-CLASS-W020,49
度,,1,(1)越过。关山度(dù)若飞。(《木兰诗》),以例句的主干、搭配与前后关系核定本义项；不能把同字的其他例义同时代入。,,251-300,3435—3435,CN-CLASS-W021,49
度,,2,"(2)量词,次、回。崔九堂前几度(dù)闻。(《江南逢李龟年》)",以例句的主干、搭配与前后关系核定本义项；不能把同字的其他例义同时代入。,,251-300,3437—3437,CN-CLASS-W021,49
度,,3,"(3) 推测, 估计。度 (duó) 已失期。(《陈涉世家》)",以例句的主干、搭配与前后关系核定本义项；不能把同字的其他例义同时代入。,,251-300,3439—3441,CN-CLASS-W021,49
恶,,1,(1)不好。娇儿恶(è)卧踏里裂。(《茅屋为秋风所破歌》),以例句的主干、搭配与前后关系核定本义项；不能把同字的其他例义同时代入。,,251-300,3445—3445,CN-CLASS-W022,49
恶,,2,"(2)讨厌,憎恨。所恶(wù)有甚于死者。(《鱼我所欲也》)",以例句的主干、搭配与前后关系核定本义项；不能把同字的其他例义同时代入。,,251-300,3447—3449,CN-CLASS-W022,49
发,,1,"(1)兴起,被任用。舜发(fā)于畎亩之中。(《生于忧患,死于安乐》)",以例句的主干、搭配与前后关系核定本义项；不能把同字的其他例义同时代入。,,251-300,3453—3453,CN-CLASS-W023,49、50
发,,2,(2)出发。有时朝发(fā)白帝。(《三峡》),以例句的主干、搭配与前后关系核定本义项；不能把同字的其他例义同时代入。,,251-300,3455—3455,CN-CLASS-W023,49、50
发,,3,(3)(花)开放。野芳发(fā)而幽香。(《醉翁亭记》),以例句的主干、搭配与前后关系核定本义项；不能把同字的其他例义同时代入。,,251-300,3457—3457,CN-CLASS-W023,49、50
发,,4,"(4) 征发, 征召, 征集。发 (fā) 闾左適戍渔阳。(《陈涉世家》)",以例句的主干、搭配与前后关系核定本义项；不能把同字的其他例义同时代入。,,251-300,3459—3459,CN-CLASS-W023,49、50
发,,5,(5) 发射。见其发(fā)矢十中八九。(《卖油翁》),以例句的主干、搭配与前后关系核定本义项；不能把同字的其他例义同时代入。,,251-300,3461—3461,CN-CLASS-W023,49、50
发,,6,"(6) 显露, 流露。征于色, 发(fā)于声, 而后喻。

(《生于忧患, 死于安乐》)",以例句的主干、搭配与前后关系核定本义项；不能把同字的其他例义同时代入。,,251-300,3462—3463,CN-CLASS-W023,49、50
发,,7,(7)头发。黄发(fà)垂髫。(《桃花源记》),以例句的主干、搭配与前后关系核定本义项；不能把同字的其他例义同时代入。,,251-300,3464—3464,CN-CLASS-W023,49、50
方,,1,"(1)古代计量面积用语。后面加上表示长度的数字或数量词,表示纵横若干长度。太行、王屋二山,方七百里,高万仞。(《愚公移山》)",以例句的主干、搭配与前后关系核定本义项；不能把同字的其他例义同时代入。,,251-300,3468—3468,CN-CLASS-W024,50
方,,2,"(2) 地方, 区域。有朋自远方来。(《〈论语〉十二章》)",以例句的主干、搭配与前后关系核定本义项；不能把同字的其他例义同时代入。,,251-300,3470—3470,CN-CLASS-W024,50
方,,3,"(3) 将, 将要。方欲行, 转视积薪后。(《狼》)",以例句的主干、搭配与前后关系核定本义项；不能把同字的其他例义同时代入。,,251-300,3472—3472,CN-CLASS-W024,50
分,,1,(1)分给。必以分(fēn)人。(《曹刿论战》),以例句的主干、搭配与前后关系核定本义项；不能把同字的其他例义同时代入。,,251-300,3476—3476,CN-CLASS-W025,50
分,,2,(2)分开。今天下三分(fēn)。(《出师表》),以例句的主干、搭配与前后关系核定本义项；不能把同字的其他例义同时代入。,,251-300,3478—3478,CN-CLASS-W025,50
分,,3,"(3) 计量单位。舟首尾长约八分 (fēn) 有奇。

(《核舟记》)",以例句的主干、搭配与前后关系核定本义项；不能把同字的其他例义同时代入。,,251-300,3480—3481,CN-CLASS-W025,50
分,,4,"(4) 半, 一半。自非亭午夜分(fēn)。(《三峡》)",以例句的主干、搭配与前后关系核定本义项；不能把同字的其他例义同时代入。,,251-300,3483—3483,CN-CLASS-W025,50
分,,5,"(5)本分,职分。此臣所以报先帝而忠陛下之职分(fèn)也。(《出师表》)",以例句的主干、搭配与前后关系核定本义项；不能把同字的其他例义同时代入。,,251-300,3485—3485,CN-CLASS-W025,50
奉,,1,(1)侍奉。为宫室之美、妻妾之奉、所识穷乏者得我与？(《鱼我所欲也》),以例句的主干、搭配与前后关系核定本义项；不能把同字的其他例义同时代入。,,251-300,3489—3489,CN-CLASS-W026,50
奉,,2,"(2)承受,接受。受任于败军之际,奉命于危难之间。(《出师表》)",以例句的主干、搭配与前后关系核定本义项；不能把同字的其他例义同时代入。,,251-300,3491—3491,CN-CLASS-W026,50
奉,,3,"(3) 供给, 供给品。不知口体之奉不若人也。

(《送东阳马生序》)",以例句的主干、搭配与前后关系核定本义项；不能把同字的其他例义同时代入。,,251-300,3493—3494,CN-CLASS-W026,50
复,,1,"(1)繁复,重复。山重水复疑无路。(《游山西村》)",以例句的主干、搭配与前后关系核定本义项；不能把同字的其他例义同时代入。,,251-300,3498—3498,CN-CLASS-W027,50
复,,2,"(2)再,又。复前行,欲穷其林。(《桃花源记》)",以例句的主干、搭配与前后关系核定本义项；不能把同字的其他例义同时代入。,,251-300,3500—3500,CN-CLASS-W027,50
复,,3,"(3) 回答,答复。不敢出一言以复。(《送东阳马生序》)",以例句的主干、搭配与前后关系核定本义项；不能把同字的其他例义同时代入。,,251-300,3502—3502,CN-CLASS-W027,50
复,,4,(4) 恢复。愿陛下托臣以讨贼兴复之效。(《出师表》),以例句的主干、搭配与前后关系核定本义项；不能把同字的其他例义同时代入。,,251-300,3504—3506,CN-CLASS-W027,50
固,,1,"(1)巩固。固国不以山溪之险。(《得道多助,失道寡助》)",以例句的主干、搭配与前后关系核定本义项；不能把同字的其他例义同时代入。,,251-300,3510—3510,CN-CLASS-W028,50
固,,2,"(2) 固执, 顽固。汝心之固, 固不可彻。(《愚公移山》)",以例句的主干、搭配与前后关系核定本义项；不能把同字的其他例义同时代入。,,251-300,3512—3512,CN-CLASS-W028,50
固,,3,(3)本来。而戍死者固十六七。(《陈涉世家》),以例句的主干、搭配与前后关系核定本义项；不能把同字的其他例义同时代入。,,251-300,3513—3513,CN-CLASS-W028,50
固,,4,"(4)必,一定。其将固可袭而虏也。(《周亚夫军细柳》)",以例句的主干、搭配与前后关系核定本义项；不能把同字的其他例义同时代入。,,251-300,3514—3514,CN-CLASS-W028,50
故,,1,"(1)所以,因此。故天将降大任于是人也。(《生于忧患,死于安乐》)",以例句的主干、搭配与前后关系核定本义项；不能把同字的其他例义同时代入。,,251-300,3518—3518,CN-CLASS-W029,50
故,,2,"(2)旧,旧的事物。引申为从前,原来的。温故而知新。(《〈论语〉十二章》)",以例句的主干、搭配与前后关系核定本义项；不能把同字的其他例义同时代入。,,251-300,3519—3519,CN-CLASS-W029,50
故,,3,(3)故意。广故数言欲亡。(《陈涉世家》),以例句的主干、搭配与前后关系核定本义项；不能把同字的其他例义同时代入。,,251-300,3520—3520,CN-CLASS-W029,50
故,,4,"(4)原因,缘故。公问其故。(《曹刿论战》)",以例句的主干、搭配与前后关系核定本义项；不能把同字的其他例义同时代入。,,251-300,3521—3521,CN-CLASS-W029,50
顾,,1,"(1)看,视。顾野有麦场。(《狼》)",以例句的主干、搭配与前后关系核定本义项；不能把同字的其他例义同时代入。,,251-300,3525—3525,CN-CLASS-W030,50
顾,,2,(2)拜访。三顾臣于草庐之中。(《出师表》),以例句的主干、搭配与前后关系核定本义项；不能把同字的其他例义同时代入。,,251-300,3526—3526,CN-CLASS-W030,50
顾,,3,(3) 回头看。元方入门不顾。(《陈太丘与友期行》),以例句的主干、搭配与前后关系核定本义项；不能把同字的其他例义同时代入。,,251-300,3527—3527,CN-CLASS-W030,50
观,,1,"(1)看,观看。予观夫巴陵胜状。(《岳阳楼记》)",以例句的主干、搭配与前后关系核定本义项；不能把同字的其他例义同时代入。,,251-300,3531—3531,CN-CLASS-W031,
观,,2,(2)景象。此则岳阳楼之大观也。(《岳阳楼记》),以例句的主干、搭配与前后关系核定本义项；不能把同字的其他例义同时代入。,,251-300,3532—3532,CN-CLASS-W031,
归,,1,"(1)出嫁。男有分,女有归。(《大道之行也》)",以例句的主干、搭配与前后关系核定本义项；不能把同字的其他例义同时代入。,,251-300,3536—3536,CN-CLASS-W032,50
归,,2,"(2)返回。朝而往,暮而归。(《醉翁亭记》)",以例句的主干、搭配与前后关系核定本义项；不能把同字的其他例义同时代入。,,251-300,3537—3537,CN-CLASS-W032,50
归,,3,"(3) 结局, 归宿, 引申为一道。吾谁与归? (《岳阳楼记》)",以例句的主干、搭配与前后关系核定本义项；不能把同字的其他例义同时代入。,,251-300,3538—3538,CN-CLASS-W032,50
过,,1,(1)超过。过中不至。(《陈太丘与友期行》),以例句的主干、搭配与前后关系核定本义项；不能把同字的其他例义同时代入。,,251-300,3542—3542,CN-CLASS-W033,50
过,,2,"(2)过于,过分。以其境过清。(《小石潭记》)",以例句的主干、搭配与前后关系核定本义项；不能把同字的其他例义同时代入。,,251-300,3543—3543,CN-CLASS-W033,50
过,,3,"(3)经过,路过。闻道龙标过五溪。(《闻王昌龄左迁龙标遥有此寄》)",以例句的主干、搭配与前后关系核定本义项；不能把同字的其他例义同时代入。,,251-300,3544—3544,CN-CLASS-W033,50
过,,4,"(4)犯错误。人恒过,然后能改。(《生于忧患,死于安乐》)",以例句的主干、搭配与前后关系核定本义项；不能把同字的其他例义同时代入。,,251-300,3545—3547,CN-CLASS-W033,50
和,,1,"(1)和顺,和谐,和乐。政通人和。(《岳阳楼记》)",以例句的主干、搭配与前后关系核定本义项；不能把同字的其他例义同时代入。,,251-300,3551—3551,CN-CLASS-W034,50
和,,2,"(2)温和,谦和。言和而色夷。(《送东阳马生序》)",以例句的主干、搭配与前后关系核定本义项；不能把同字的其他例义同时代入。,,251-300,3552—3552,CN-CLASS-W034,50
和,,3,(3)天气暖和。至若春和景明。(《岳阳楼记》),以例句的主干、搭配与前后关系核定本义项；不能把同字的其他例义同时代入。,,251-300,3553—3553,CN-CLASS-W034,50
会,,1,"(1)适逢,恰巧遇到。会天大雨。(《陈涉世家》)",以例句的主干、搭配与前后关系核定本义项；不能把同字的其他例义同时代入。,,301-350,3—3,CN-CLASS-W035,1
会,,2,"(2) 聚集, 会合。迁客骚人, 多会于此。(《岳阳楼记》)",以例句的主干、搭配与前后关系核定本义项；不能把同字的其他例义同时代入。,,301-350,5—5,CN-CLASS-W035,1
会,,3,(3)终将。长风破浪会有时。[《行路难》(其一)],以例句的主干、搭配与前后关系核定本义项；不能把同字的其他例义同时代入。,,301-350,7—7,CN-CLASS-W035,1
或,,1,"(1)有的,有人。或以为死,或以为亡。(《陈涉世家》)",以例句的主干、搭配与前后关系核定本义项；不能把同字的其他例义同时代入。,,301-350,11—11,CN-CLASS-W036,1
或,,2,(2)有时。或王命急宣。(《三峡》),以例句的主干、搭配与前后关系核定本义项；不能把同字的其他例义同时代入。,,301-350,13—13,CN-CLASS-W036,1
或,,3,"(3)或者,也许。或异二者之为。(《岳阳楼记》)",以例句的主干、搭配与前后关系核定本义项；不能把同字的其他例义同时代入。,,301-350,15—17,CN-CLASS-W036,1
及,,1,"(1)趁着,等到……时候。及鲁肃过寻阳。(《孙权劝学》)",以例句的主干、搭配与前后关系核定本义项；不能把同字的其他例义同时代入。,,301-350,21—21,CN-CLASS-W037,1
及,,2,(2)到。及郡下，诣太守，说如此。（《桃花源记》）,以例句的主干、搭配与前后关系核定本义项；不能把同字的其他例义同时代入。,,301-350,23—23,CN-CLASS-W037,1
及,,3,"(3)赶得上,比得上。君美甚,徐公何能及君也?

(《邹忌讽齐王纳谏》)",以例句的主干、搭配与前后关系核定本义项；不能把同字的其他例义同时代入。,,301-350,25—26,CN-CLASS-W037,1
及,,4,(4)和。若有作奸犯科及为忠善者。(《出师表》),以例句的主干、搭配与前后关系核定本义项；不能把同字的其他例义同时代入。,,301-350,28—28,CN-CLASS-W037,1
极,,1,"(1)极点,尽头。此乐何极!(《岳阳楼记》)",以例句的主干、搭配与前后关系核定本义项；不能把同字的其他例义同时代入。,,301-350,32—32,CN-CLASS-W038,
极,,2,"(2)至,到达。南极潇湘。(《岳阳楼记》)",以例句的主干、搭配与前后关系核定本义项；不能把同字的其他例义同时代入。,,301-350,34—34,CN-CLASS-W038,
极,,3,"(3) 最, 非常, 表示最高程度。初极狭, 才通人。

(《桃花源记》)",以例句的主干、搭配与前后关系核定本义项；不能把同字的其他例义同时代入。,,301-350,36—37,CN-CLASS-W038,
极,,4,"(4)竭尽,终了。感极而悲者矣。(《岳阳楼记》)",以例句的主干、搭配与前后关系核定本义项；不能把同字的其他例义同时代入。,,301-350,39—39,CN-CLASS-W038,
加,,1,"(1) 虚夸, 夸大。牺牲玉帛, 弗敢加也。(《曹刿论战》)",以例句的主干、搭配与前后关系核定本义项；不能把同字的其他例义同时代入。,,301-350,43—43,CN-CLASS-W039,1
加,,2,(2) 增加。而山不加增。(《愚公移山》),以例句的主干、搭配与前后关系核定本义项；不能把同字的其他例义同时代入。,,301-350,45—45,CN-CLASS-W039,1
加,,3,"(3)施与。大王加惠,以大易小。(《唐雎不辱使命》)",以例句的主干、搭配与前后关系核定本义项；不能把同字的其他例义同时代入。,,301-350,47—47,CN-CLASS-W039,1
加,,4,"(4)有益于,引申为益处。万钟于我何加焉!

(《鱼我所欲也》)",以例句的主干、搭配与前后关系核定本义项；不能把同字的其他例义同时代入。,,301-350,49—50,CN-CLASS-W039,1
间,,1,(1)期间。奉命于危难之间(jiān)。(《出师表》),以例句的主干、搭配与前后关系核定本义项；不能把同字的其他例义同时代入。,,301-350,54—54,CN-CLASS-W040,1
间,,2,"(2) 中间。傅说举于版筑之间 (jiān)。(《生于忧患, 死于安乐》)",以例句的主干、搭配与前后关系核定本义项；不能把同字的其他例义同时代入。,,301-350,56—56,CN-CLASS-W040,1
间,,3,"(3)间或,偶然。数月之后,时时而间(jiàn)进。

(《邹忌讽齐王纳谏》)",以例句的主干、搭配与前后关系核定本义项；不能把同字的其他例义同时代入。,,301-350,58—60,CN-CLASS-W040,1
间,,4,(4)私下。又间(jiàn)令吴广之次所旁丛祠中。(《陈涉世家》),以例句的主干、搭配与前后关系核定本义项；不能把同字的其他例义同时代入。,,301-350,62—62,CN-CLASS-W040,1
间,,5,"(5) 隔开, 间隔。遂与外人间 (jiàn) 隔。(《桃花源记》)",以例句的主干、搭配与前后关系核定本义项；不能把同字的其他例义同时代入。,,301-350,64—64,CN-CLASS-W040,1
间,,6,(6)参与。又何间(jiàn)焉？(《曹刿论战》),以例句的主干、搭配与前后关系核定本义项；不能把同字的其他例义同时代入。,,301-350,66—66,CN-CLASS-W040,1
见,,1,(1)看见。昨夜见(jiàn)军帖。(《木兰诗》),以例句的主干、搭配与前后关系核定本义项；不能把同字的其他例义同时代入。,,301-350,70—70,CN-CLASS-W041,1
见,,2,"(2)拜见,谒见。乃入见(jiàn)。(《曹刿论战》)",以例句的主干、搭配与前后关系核定本义项；不能把同字的其他例义同时代入。,,301-350,72—72,CN-CLASS-W041,1
见,,3,(3)了解。见(jiàn)往事耳。(《孙权劝学》),以例句的主干、搭配与前后关系核定本义项；不能把同字的其他例义同时代入。,,301-350,74—74,CN-CLASS-W041,1
见,,4,"(4)同“现”,表现。才美不外见(xiàn)。(《马说》)",以例句的主干、搭配与前后关系核定本义项；不能把同字的其他例义同时代入。,,301-350,76—76,CN-CLASS-W041,1
将,,1,"(1) 扶持, 扶助。出郭相扶将 (jiāng)。(《木兰诗》)",以例句的主干、搭配与前后关系核定本义项；不能把同字的其他例义同时代入。,,301-350,80—80,CN-CLASS-W042,1
将,,2,(2) 将要。公将(jiāng)战。(《曹刿论战》),以例句的主干、搭配与前后关系核定本义项；不能把同字的其他例义同时代入。,,301-350,82—82,CN-CLASS-W042,1
将,,3,"(3)率领,引申为将领。项燕为楚将(jiàng),数有功。(《陈涉世家》)",以例句的主干、搭配与前后关系核定本义项；不能把同字的其他例义同时代入。,,301-350,84—84,CN-CLASS-W042,1
居,,1,(1)停留。不可久居。(《小石潭记》),以例句的主干、搭配与前后关系核定本义项；不能把同字的其他例义同时代入。,,301-350,88—88,CN-CLASS-W043,1
居,,2,"(2) 处在, 位于, 处于。居庙堂之高则忧其民。

(《岳阳楼记》)",以例句的主干、搭配与前后关系核定本义项；不能把同字的其他例义同时代入。,,301-350,90—91,CN-CLASS-W043,1
居,,3,"(3) 居所, 住处。居天下之广居。(《富贵不能淫》)",以例句的主干、搭配与前后关系核定本义项；不能把同字的其他例义同时代入。,,301-350,93—93,CN-CLASS-W043,1
居,,4,(4)居住。面山而居。(《愚公移山》),以例句的主干、搭配与前后关系核定本义项；不能把同字的其他例义同时代入。,,301-350,95—95,CN-CLASS-W043,1
居,,5,(5)经过。居无何。(《周亚夫军细柳》),以例句的主干、搭配与前后关系核定本义项；不能把同字的其他例义同时代入。,,301-350,97—97,CN-CLASS-W043,1
举,,1,"(1)任用。管夷吾举于士。(《生于忧患,死于安乐》)",以例句的主干、搭配与前后关系核定本义项；不能把同字的其他例义同时代入。,,301-350,101—101,CN-CLASS-W044,1
举,,2,"(2)兴起,发动。今亡亦死,举大计亦死。(《陈涉世家》)",以例句的主干、搭配与前后关系核定本义项；不能把同字的其他例义同时代入。,,301-350,103—103,CN-CLASS-W044,1
举,,3,"(3)建树,成就。死即举大名耳。(《陈涉世家》)",以例句的主干、搭配与前后关系核定本义项；不能把同字的其他例义同时代入。,,301-350,105—105,CN-CLASS-W044,1
具,,1,(1) 准备。故人具鸡黍。(《过故人庄》),以例句的主干、搭配与前后关系核定本义项；不能把同字的其他例义同时代入。,,301-350,109—109,CN-CLASS-W045,1
具,,2,"(2)具备,配备。罔不因势象形,各具情态。(《核舟记》)",以例句的主干、搭配与前后关系核定本义项；不能把同字的其他例义同时代入。,,301-350,111—111,CN-CLASS-W045,1
具,,3,(3)详细。此人一一为具言所闻。(《桃花源记》),以例句的主干、搭配与前后关系核定本义项；不能把同字的其他例义同时代入。,,301-350,113—113,CN-CLASS-W045,1
具,,4,"(4) 同“俱”, 全、皆。政通人和, 百废具兴。(《岳阳楼记》)",以例句的主干、搭配与前后关系核定本义项；不能把同字的其他例义同时代入。,,301-350,115—115,CN-CLASS-W045,1
绝,,1,"(1)断,隔断。沿溯阻绝。(《三峡》)",以例句的主干、搭配与前后关系核定本义项；不能把同字的其他例义同时代入。,,301-350,119—119,CN-CLASS-W046,2
绝,,2,"(2)极,非常。佛印绝类弥勒。(《核舟记》)",以例句的主干、搭配与前后关系核定本义项；不能把同字的其他例义同时代入。,,301-350,120—120,CN-CLASS-W046,2
绝,,3,(3)消失。哀转久绝。(《三峡》),以例句的主干、搭配与前后关系核定本义项；不能把同字的其他例义同时代入。,,301-350,121—121,CN-CLASS-W046,2
绝,,4,(4)与外界隔绝的。率妻子邑人来此绝境。(《桃花源记》),以例句的主干、搭配与前后关系核定本义项；不能把同字的其他例义同时代入。,,301-350,123—123,CN-CLASS-W046,2
绝,,5,(5)极高的。绝巘多生怪柏。(《三峡》),以例句的主干、搭配与前后关系核定本义项；不能把同字的其他例义同时代入。,,301-350,125—125,CN-CLASS-W046,2
绝,,6,"(6)独一无二的,绝妙的。天下独绝。(《与朱元思书》)",以例句的主干、搭配与前后关系核定本义项；不能把同字的其他例义同时代入。,,301-350,127—127,CN-CLASS-W046,2
军,,1,(1)军营。至霸上及棘门军。(《周亚夫军细柳》),以例句的主干、搭配与前后关系核定本义项；不能把同字的其他例义同时代入。,,301-350,131—131,CN-CLASS-W047,
军,,2,"(2)驻军,驻扎。军霸上。(《周亚夫军细柳》)",以例句的主干、搭配与前后关系核定本义项；不能把同字的其他例义同时代入。,,301-350,132—134,CN-CLASS-W047,
开,,1,(1) 打开。开我东阁门。(《木兰诗》),以例句的主干、搭配与前后关系核定本义项；不能把同字的其他例义同时代入。,,301-350,138—138,CN-CLASS-W048,2
开,,2,(2)开辟。旁开小窗。(《核舟记》),以例句的主干、搭配与前后关系核定本义项；不能把同字的其他例义同时代入。,,301-350,139—139,CN-CLASS-W048,2
开,,3,(3)散开。若夫日出而林霏开。(《醉翁亭记》),以例句的主干、搭配与前后关系核定本义项；不能把同字的其他例义同时代入。,,301-350,140—140,CN-CLASS-W048,2
开,,4,"(4)舒展,开放。应傍战场开。(《行军九日思长安故园》)",以例句的主干、搭配与前后关系核定本义项；不能把同字的其他例义同时代入。,,301-350,141—141,CN-CLASS-W048,2
可,,1,(1)大约。潭中鱼可百许头。(《小石潭记》),以例句的主干、搭配与前后关系核定本义项；不能把同字的其他例义同时代入。,,301-350,145—145,CN-CLASS-W049,
可,,2,"(2)可以,能。珠可历历数也。(《核舟记》)",以例句的主干、搭配与前后关系核定本义项；不能把同字的其他例义同时代入。,,301-350,146—146,CN-CLASS-W049,
可,,3,"(3)堪,值得。可爱者甚蕃。(《爱莲说》)",以例句的主干、搭配与前后关系核定本义项；不能把同字的其他例义同时代入。,,301-350,147—147,CN-CLASS-W049,
空,,1,"(1)空阔,广大。空(kōng)谷传响。(《三峡》)",以例句的主干、搭配与前后关系核定本义项；不能把同字的其他例义同时代入。,,301-350,151—151,CN-CLASS-W050,2
空,,2,"(2)天空,空中。皆若空(kōng)游无所依。(《小石潭记》)",以例句的主干、搭配与前后关系核定本义项；不能把同字的其他例义同时代入。,,301-350,152—152,CN-CLASS-W050,2
空,,3,"(3) 尽, 没有, 消散。而或长烟一空 (kōng)。(《岳阳楼记》)",以例句的主干、搭配与前后关系核定本义项；不能把同字的其他例义同时代入。,,301-350,153—153,CN-CLASS-W050,2
空,,4,"(4) 空乏,穷困。空(kòng)乏其身。(《生于忧患,死于安乐》)",以例句的主干、搭配与前后关系核定本义项；不能把同字的其他例义同时代入。,,301-350,154—156,CN-CLASS-W050,2
良,,1,"(1)甚,很。清荣峻茂,良多趣味。(《三峡》)",以例句的主干、搭配与前后关系核定本义项；不能把同字的其他例义同时代入。,,301-350,160—160,CN-CLASS-W051,2
良,,2,"(2)好,精良。有良田、美池、桑竹之属。(《桃花源记》)",以例句的主干、搭配与前后关系核定本义项；不能把同字的其他例义同时代入。,,301-350,161—161,CN-CLASS-W051,2
临,,1,"(1)到达,登上。东临碣石。(《观沧海》)",以例句的主干、搭配与前后关系核定本义项；不能把同字的其他例义同时代入。,,301-350,165—165,CN-CLASS-W052,2
临,,2,(2)居高面下。有亭翼然临于泉上者。(《醉翁亭记》),以例句的主干、搭配与前后关系核定本义项；不能把同字的其他例义同时代入。,,301-350,166—166,CN-CLASS-W052,2
临,,3,"(3)面对。临表涕零,不知所言。(《出师表》)",以例句的主干、搭配与前后关系核定本义项；不能把同字的其他例义同时代入。,,301-350,167—167,CN-CLASS-W052,2
乱,,1,"(1)叛乱,战乱,祸乱。自云先世避秦时乱。(《桃花源记》)",以例句的主干、搭配与前后关系核定本义项；不能把同字的其他例义同时代入。,,301-350,171—171,CN-CLASS-W053,2
乱,,2,(2) 扰乱。无丝竹之乱耳。(《陋室铭》),以例句的主干、搭配与前后关系核定本义项；不能把同字的其他例义同时代入。,,301-350,172—172,CN-CLASS-W053,2
乱,,3,"(3)混乱,杂乱。晓雾将歇,猿鸟乱鸣。(《答谢中书书》)",以例句的主干、搭配与前后关系核定本义项；不能把同字的其他例义同时代入。,,301-350,173—175,CN-CLASS-W053,2
面,,1,(1) 脸。居右者椎髻仰面。(《核舟记》),以例句的主干、搭配与前后关系核定本义项；不能把同字的其他例义同时代入。,,301-350,179—179,CN-CLASS-W054,2
面,,2,(2)面向。面山而居。(《愚公移山》),以例句的主干、搭配与前后关系核定本义项；不能把同字的其他例义同时代入。,,301-350,180—180,CN-CLASS-W054,2
面,,3,"(3)当面。群臣吏民能面刺寡人之过者,受上赏。(《邹忌讽齐王纳谏》)",以例句的主干、搭配与前后关系核定本义项；不能把同字的其他例义同时代入。,,301-350,181—181,CN-CLASS-W054,2
面,,4,"(4)方面,方位。四面竹树环合。(《小石潭记》)",以例句的主干、搭配与前后关系核定本义项；不能把同字的其他例义同时代入。,,301-350,182—182,CN-CLASS-W054,2
名,,1,"(1)命名,取名。名之者谁? (《醉翁亭记》)",以例句的主干、搭配与前后关系核定本义项；不能把同字的其他例义同时代入。,,301-350,186—186,CN-CLASS-W055,2
名,,2,"(2)名字。军书十二卷,卷卷有爷名。(《木兰诗》)",以例句的主干、搭配与前后关系核定本义项；不能把同字的其他例义同时代入。,,301-350,187—187,CN-CLASS-W055,2
名,,3,"(3)出名,有名。有仙则名。(《陋室铭》)",以例句的主干、搭配与前后关系核定本义项；不能把同字的其他例义同时代入。,,301-350,188—188,CN-CLASS-W055,2
明,,1,"(1)明亮,光明,引申为白天。晦明变化者。(《醉翁亭记》)",以例句的主干、搭配与前后关系核定本义项；不能把同字的其他例义同时代入。,今之次是原提取短释，义为第二天，不能译今天。,301-350,192—192,CN-CLASS-W056,2
明,,2,"(2) 明智, 贤明。以伤先帝之明。(《出师表》)",以例句的主干、搭配与前后关系核定本义项；不能把同字的其他例义同时代入。,今之次是原提取短释，义为第二天，不能译今天。,301-350,193—193,CN-CLASS-W056,2
明,,3,"(3)今之次,第二天(月、年)。明日徐公来。(《邹忌讽齐王纳谏》)",以例句的主干、搭配与前后关系核定本义项；不能把同字的其他例义同时代入。,今之次是原提取短释，义为第二天，不能译今天。,301-350,194—196,CN-CLASS-W056,2
期,,1,(1)约定。陈太丘与友期(qī)行。(《陈太丘与友期行》),以例句的主干、搭配与前后关系核定本义项；不能把同字的其他例义同时代入。,,301-350,200—200,CN-CLASS-W057,2
期,,2,(2)期限。度已失期(qī)。(《陈涉世家》),以例句的主干、搭配与前后关系核定本义项；不能把同字的其他例义同时代入。,,301-350,201—201,CN-CLASS-W057,2
期,,3,(3) 满一整年。期 (jī) 年之后。(《邹忌讽齐王纳谏》),以例句的主干、搭配与前后关系核定本义项；不能把同字的其他例义同时代入。,,301-350,202—202,CN-CLASS-W057,2
清,,1,(1) 清澈。清荣峻茂。(《三峡》),以例句的主干、搭配与前后关系核定本义项；不能把同字的其他例义同时代入。,,301-350,206—206,CN-CLASS-W058,3
清,,2,"(2)清水,清波。回清倒影。(《三峡》)",以例句的主干、搭配与前后关系核定本义项；不能把同字的其他例义同时代入。,,301-350,208—208,CN-CLASS-W058,3
清,,3,(3)凄清。以其境过清。(《小石潭记》),以例句的主干、搭配与前后关系核定本义项；不能把同字的其他例义同时代入。,,301-350,210—210,CN-CLASS-W058,3
清,,4,(4) 清爽。左刻“清风徐来，水波不兴”。(《核舟记》),以例句的主干、搭配与前后关系核定本义项；不能把同字的其他例义同时代入。,,301-350,212—212,CN-CLASS-W058,3
穷,,1,"(1)贫困,穷困。为宫室之美、妻妾之奉、所识穷乏者得我与？(《鱼我所欲也》)",以例句的主干、搭配与前后关系核定本义项；不能把同字的其他例义同时代入。,,301-350,216—216,CN-CLASS-W059,3
穷,,2,"(2)极,尽。复前行,欲穷其林。(《桃花源记》)",以例句的主干、搭配与前后关系核定本义项；不能把同字的其他例义同时代入。,,301-350,218—218,CN-CLASS-W059,3
穷,,3,"(3)止,息。蝉则千转不穷。(《与朱元思书》)",以例句的主干、搭配与前后关系核定本义项；不能把同字的其他例义同时代入。,,301-350,220—220,CN-CLASS-W059,3
求,,1,"(1) 责求, 要求。安求其能千里也? (《马说》)",以例句的主干、搭配与前后关系核定本义项；不能把同字的其他例义同时代入。,,301-350,224—224,CN-CLASS-W060,3
求,,2,(2)探求。予尝求古仁人之心。(《岳阳楼记》),以例句的主干、搭配与前后关系核定本义项；不能把同字的其他例义同时代入。,,301-350,226—226,CN-CLASS-W060,3
求,,3,"(3)请求。客之美我者,欲有求于我也。(《邹忌讽齐王纳谏》)",以例句的主干、搭配与前后关系核定本义项；不能把同字的其他例义同时代入。,,301-350,228—228,CN-CLASS-W060,3
去,,1,"(1)离开。委而去之。(《得道多助,失道寡助》)",以例句的主干、搭配与前后关系核定本义项；不能把同字的其他例义同时代入。,,301-350,232—232,CN-CLASS-W061,3
去,,2,(2)表示行为的趋向。公然抱茅入竹去。(《茅屋为秋风所破歌》),以例句的主干、搭配与前后关系核定本义项；不能把同字的其他例义同时代入。,,301-350,234—234,CN-CLASS-W061,3
去,,3,(3)过去的。去年天气旧亭台。[《浣溪沙》(一曲新词酒一杯)],以例句的主干、搭配与前后关系核定本义项；不能把同字的其他例义同时代入。,,301-350,236—236,CN-CLASS-W061,3
去,,4,"(4) 损失, 失去, 丧失。年与时驰, 意与日去。

(《诫子书》)",以例句的主干、搭配与前后关系核定本义项；不能把同字的其他例义同时代入。,,301-350,238—241,CN-CLASS-W061,3
任,,1,"(1) 任凭, 听凭, 听任。从流飘荡, 任意东西。(《与朱元思书》)",以例句的主干、搭配与前后关系核定本义项；不能把同字的其他例义同时代入。,,301-350,245—245,CN-CLASS-W062,3
任,,2,"(2) 委任, 任命。受任于败军之际, 奉命于危难之间。(《出师表》)",以例句的主干、搭配与前后关系核定本义项；不能把同字的其他例义同时代入。,,301-350,247—247,CN-CLASS-W062,3
任,,3,"(3)责任,职责。至于斟酌损益,进尽忠言,则攸之、祎、允之任也。(《出师表》)",以例句的主干、搭配与前后关系核定本义项；不能把同字的其他例义同时代入。,,301-350,249—249,CN-CLASS-W062,3
日,,1,(1)太阳。隐天蔽日。(《三峡》),以例句的主干、搭配与前后关系核定本义项；不能把同字的其他例义同时代入。,,301-350,253—253,CN-CLASS-W063,3
日,,2,"(2)每天,一天天。吾日三省吾身。(《〈论语〉十二章》)",以例句的主干、搭配与前后关系核定本义项；不能把同字的其他例义同时代入。,,301-350,255—255,CN-CLASS-W063,3
日,,3,"(3)日子,某一时间。元丰六年十月十二日夜。

(《记承天寺夜游》)",以例句的主干、搭配与前后关系核定本义项；不能把同字的其他例义同时代入。,,301-350,257—258,CN-CLASS-W063,3
日,,4,(4)一天。士别三日。(《孙权劝学》),以例句的主干、搭配与前后关系核定本义项；不能把同字的其他例义同时代入。,,301-350,260—260,CN-CLASS-W063,3
如,,1,"(1)好像,如同。如鸣珮环。(《小石潭记》)",以例句的主干、搭配与前后关系核定本义项；不能把同字的其他例义同时代入。,,301-350,264—264,CN-CLASS-W064,3
如,,2,"(2)及,比得上。孰视之,自以为不如。(《邹忌讽齐王纳谏》)",以例句的主干、搭配与前后关系核定本义项；不能把同字的其他例义同时代入。,,301-350,266—268,CN-CLASS-W064,3
生,,1,"(1)草木生长,长出。绝巘多生怪柏。(《三峡》)",以例句的主干、搭配与前后关系核定本义项；不能把同字的其他例义同时代入。,,301-350,272—272,CN-CLASS-W065,3
生,,2,(2)生育。子又生孙。(《愚公移山》),以例句的主干、搭配与前后关系核定本义项；不能把同字的其他例义同时代入。,,301-350,274—274,CN-CLASS-W065,3
生,,3,"(3)生存,活。然后知生于忧患而死于安乐也。(《生于忧患,死于安乐》)",以例句的主干、搭配与前后关系核定本义项；不能把同字的其他例义同时代入。,,301-350,276—276,CN-CLASS-W065,3
生,,4,"(4)生命。生,亦我所欲也。(《鱼我所欲也》)",以例句的主干、搭配与前后关系核定本义项；不能把同字的其他例义同时代入。,,301-350,278—278,CN-CLASS-W065,3
生,,5,(5)读书人的通称。同舍生皆被绮绣。(《送东阳马生序》),以例句的主干、搭配与前后关系核定本义项；不能把同字的其他例义同时代入。,,301-350,280—280,CN-CLASS-W065,3
胜,,1,"(1) 经得住, 能承担。臣不胜受恩感激。(《出师表》)",以例句的主干、搭配与前后关系核定本义项；不能把同字的其他例义同时代入。,,301-350,284—284,CN-CLASS-W066,3
胜,,2,"(2) 美好, 优美。予观夫巴陵胜状。(《岳阳楼记》)",以例句的主干、搭配与前后关系核定本义项；不能把同字的其他例义同时代入。,,301-350,286—286,CN-CLASS-W066,3
胜,,3,"(3)取胜,胜利。此所谓战胜于朝廷。(《邹忌讽齐王纳谏》)",以例句的主干、搭配与前后关系核定本义项；不能把同字的其他例义同时代入。,,301-350,288—288,CN-CLASS-W066,3
时,,1,"(1)季,季节。四时俱备。(《答谢中书书》)",以例句的主干、搭配与前后关系核定本义项；不能把同字的其他例义同时代入。,,301-350,292—292,CN-CLASS-W067,3
时,,2,"(2) 时间, 光阴, 引申为时候。余幼时即嗜学。

(《送东阳马生序》)",以例句的主干、搭配与前后关系核定本义项；不能把同字的其他例义同时代入。,,301-350,294—295,CN-CLASS-W067,3
时,,3,(3)按时。学而时习之。(《〈论语〉十二章》),以例句的主干、搭配与前后关系核定本义项；不能把同字的其他例义同时代入。,,301-350,297—297,CN-CLASS-W067,3
时,,4,"(4)当时,那时。元方时年七岁。(《陈太丘与友期行》)",以例句的主干、搭配与前后关系核定本义项；不能把同字的其他例义同时代入。,,301-350,299—299,CN-CLASS-W067,3
时,,5,"(5)时代,时期。自云先世避秦时乱。(《桃花源记》)",以例句的主干、搭配与前后关系核定本义项；不能把同字的其他例义同时代入。,,301-350,301—301,CN-CLASS-W067,3
时,,6,"(6)时机,时势。天时不如地利。(《得道多助,失道寡助》)",以例句的主干、搭配与前后关系核定本义项；不能把同字的其他例义同时代入。,,301-350,303—303,CN-CLASS-W067,3
时,,7,"(7)时常,时时。时时而间进。(《邹忌讽齐王纳谏》)",以例句的主干、搭配与前后关系核定本义项；不能把同字的其他例义同时代入。,,301-350,305—305,CN-CLASS-W067,3
食,,1,"(1)同“饲”,喂。食(sì)马者不知其能千里而食(sì)也。(《马说》)",以例句的主干、搭配与前后关系核定本义项；不能把同字的其他例义同时代入。,,301-350,309—309,CN-CLASS-W068,3
食,,2,"(2)供养,给……吃。寓逆旅,主人日再食(sì)。(《送东阳马生序》)",以例句的主干、搭配与前后关系核定本义项；不能把同字的其他例义同时代入。,,301-350,311—311,CN-CLASS-W068,3
食,,3,"(3)吃。食(shí)不饱,力不足。(《马说》)",以例句的主干、搭配与前后关系核定本义项；不能把同字的其他例义同时代入。,,301-350,313—313,CN-CLASS-W068,3
食,,4,"(4) 吃的东西, 食物。一箪食 (shí), 一豆羹。

(《鱼我所欲也》)",以例句的主干、搭配与前后关系核定本义项；不能把同字的其他例义同时代入。,,301-350,315—316,CN-CLASS-W068,3
使,,1,"(1)命令,派遣。安陵君因使唐雎使于秦。(《唐雎不辱使命》)",以例句的主干、搭配与前后关系核定本义项；不能把同字的其他例义同时代入。,,301-350,320—320,CN-CLASS-W069,4
使,,2,(2)出使。安陵君因使唐雎使于秦。(《唐雎不辱使命》),以例句的主干、搭配与前后关系核定本义项；不能把同字的其他例义同时代入。,,301-350,322—322,CN-CLASS-W069,4
使,,3,"(3)假使,如果。使人之所恶莫甚于死者,则凡可以辟患者何不为也?(《鱼我所欲也》)",以例句的主干、搭配与前后关系核定本义项；不能把同字的其他例义同时代入。,,301-350,324—324,CN-CLASS-W069,4
市,,1,"(1)集市。百里奚举于市。(《生于忧患,死于安乐》)",以例句的主干、搭配与前后关系核定本义项；不能把同字的其他例义同时代入。,,301-350,328—328,CN-CLASS-W070,4
市,,2,"(2)买。愿为市鞍马,从此替爷征。(《木兰诗》)",以例句的主干、搭配与前后关系核定本义项；不能把同字的其他例义同时代入。,,301-350,330—330,CN-CLASS-W070,4
是,,1,(1)表判断。问今是何世。(《桃花源记》),以例句的主干、搭配与前后关系核定本义项；不能把同字的其他例义同时代入。,,301-350,334—334,CN-CLASS-W071,
是,,2,"(2)这,此。是日更定矣。(《湖心亭看雪》)",以例句的主干、搭配与前后关系核定本义项；不能把同字的其他例义同时代入。,,301-350,336—336,CN-CLASS-W071,
书,,1,(1)写。乃丹书帛曰“陈胜王”。(《陈涉世家》),以例句的主干、搭配与前后关系核定本义项；不能把同字的其他例义同时代入。,,301-350,340—340,CN-CLASS-W072,
书,,2,(2)书信。乡书何处达？(《次北固山下》),以例句的主干、搭配与前后关系核定本义项；不能把同字的其他例义同时代入。,,301-350,342—342,CN-CLASS-W072,
书,,3,(3)书籍。无从致书以观。(《送东阳马生序》),以例句的主干、搭配与前后关系核定本义项；不能把同字的其他例义同时代入。,,301-350,344—344,CN-CLASS-W072,
书,,4,(4)文书。军书十二卷。(《木兰诗》),以例句的主干、搭配与前后关系核定本义项；不能把同字的其他例义同时代入。,,301-350,346—346,CN-CLASS-W072,
数,,1,(1) 几。又数(shù) 刀毙之。(《狼》),以例句的主干、搭配与前后关系核定本义项；不能把同字的其他例义同时代入。,,301-350,350—350,CN-CLASS-W073,4
数,,2,(2)屡次。扶苏以数(shuò)谏故。(《陈涉世家》),以例句的主干、搭配与前后关系核定本义项；不能把同字的其他例义同时代入。,,301-350,352—352,CN-CLASS-W073,4
数,,3,"(3)数,计算。珠可历历数(shǔ)也。(《核舟记》)",以例句的主干、搭配与前后关系核定本义项；不能把同字的其他例义同时代入。,,301-350,354—354,CN-CLASS-W073,4
属,,1,(1) 类似。神情与苏、黄不属（shǔ）。(《核舟记》),以例句的主干、搭配与前后关系核定本义项；不能把同字的其他例义同时代入。,,301-350,358—358,CN-CLASS-W074,4
属,,2,(2) 同“嘱”，嘱托。属（zhǔ）予作文以记之。（《岳阳楼记》）,以例句的主干、搭配与前后关系核定本义项；不能把同字的其他例义同时代入。,,301-350,360—360,CN-CLASS-W074,4
属,,3,(3)类。忠之属(shǔ)也。(《曹刿论战》),以例句的主干、搭配与前后关系核定本义项；不能把同字的其他例义同时代入。,,301-350,362—362,CN-CLASS-W074,4
属,,4,(4) 连接。属(zhǔ)引凄异。(《三峡》),以例句的主干、搭配与前后关系核定本义项；不能把同字的其他例义同时代入。,,301-350,364—364,CN-CLASS-W074,4
属,,5,"(5)部属,亲属。徒属(shǔ)皆曰。(《陈涉世家》)",以例句的主干、搭配与前后关系核定本义项；不能把同字的其他例义同时代入。,,301-350,366—366,CN-CLASS-W074,4
素,,1,(1)不加装饰的。可以调素琴。(《陋室铭》),以例句的主干、搭配与前后关系核定本义项；不能把同字的其他例义同时代入。,,301-350,370—370,CN-CLASS-W075,
素,,2,"(2) 白色。则素湍绿潭, 回清倒影。(《三峡》)",以例句的主干、搭配与前后关系核定本义项；不能把同字的其他例义同时代入。,,301-350,372—372,CN-CLASS-W075,
素,,3,"(3)一向,平素。吴广素爱人。(《陈涉世家》)",以例句的主干、搭配与前后关系核定本义项；不能把同字的其他例义同时代入。,,301-350,374—376,CN-CLASS-W075,
通,,1,"(1)通过。初极狭,才通人。(《桃花源记》)",以例句的主干、搭配与前后关系核定本义项；不能把同字的其他例义同时代入。,,301-350,380—380,CN-CLASS-W076,4
通,,2,"(2)贯通。中通外直,不蔓不枝。(《爱莲说》)",以例句的主干、搭配与前后关系核定本义项；不能把同字的其他例义同时代入。,,301-350,382—382,CN-CLASS-W076,4
通,,3,(3)通晓。鸣之而不能通其意。(《马说》),以例句的主干、搭配与前后关系核定本义项；不能把同字的其他例义同时代入。,,301-350,384—384,CN-CLASS-W076,4
通,,4,"(4)达,到达。然则北通巫峡,南极潇湘。(《岳阳楼记》)",以例句的主干、搭配与前后关系核定本义项；不能把同字的其他例义同时代入。,,301-350,386—386,CN-CLASS-W076,4
通,,5,"(5)畅达,顺利。政通人和。(《岳阳楼记》)",以例句的主干、搭配与前后关系核定本义项；不能把同字的其他例义同时代入。,,301-350,388—388,CN-CLASS-W076,4
通,,6,"(6)共,总共。通计一舟,为人五。(《核舟记》)",以例句的主干、搭配与前后关系核定本义项；不能把同字的其他例义同时代入。,,301-350,390—390,CN-CLASS-W076,4
徒,,1,"(1)裸露。布衣之怒，亦免冠徒跣，以头抢地尔。

(《唐雎不辱使命》)",以例句的主干、搭配与前后关系核定本义项；不能把同字的其他例义同时代入。,,301-350,394—395,CN-CLASS-W077,4
徒,,2,"(2)只,仅仅。徒以有先生也。(《唐雎不辱使命》)",以例句的主干、搭配与前后关系核定本义项；不能把同字的其他例义同时代入。,,301-350,397—397,CN-CLASS-W077,4
徒,,3,"(3)随从,部下。召令徒属曰。(《陈涉世家》)",以例句的主干、搭配与前后关系核定本义项；不能把同字的其他例义同时代入。,,301-350,399—401,CN-CLASS-W077,4
亡,,1,"(1)逃跑,逃亡。今亡(wáng)亦死。(《陈涉世家》)",以例句的主干、搭配与前后关系核定本义项；不能把同字的其他例义同时代入。,,301-350,405—405,CN-CLASS-W078,4
亡,,2,"(2)灭亡,消亡。入则无法家拂士,出则无敌国外患者,国恒亡(wáng)。(《生于忧患,死于安乐》)",以例句的主干、搭配与前后关系核定本义项；不能把同字的其他例义同时代入。,,301-350,407—407,CN-CLASS-W078,4
亡,,3,"(3)无,没有。河曲智叟亡(wú)以应。(《愚公移山》)",以例句的主干、搭配与前后关系核定本义项；不能把同字的其他例义同时代入。,,301-350,409—409,CN-CLASS-W078,4
谓,,1,"(1)告诉,对……说。朝服衣冠,窥镜,谓其妻曰。(《邹忌讽齐王纳谏》)",以例句的主干、搭配与前后关系核定本义项；不能把同字的其他例义同时代入。,,301-350,413—413,CN-CLASS-W079,4
谓,,2,"(2)称,说。自谓少时用心于学甚劳。(《送东阳马生序》)",以例句的主干、搭配与前后关系核定本义项；不能把同字的其他例义同时代入。,,301-350,415—415,CN-CLASS-W079,4
谓,,3,(3)叫作。此之谓失其本心。(《鱼我所欲也》),以例句的主干、搭配与前后关系核定本义项；不能把同字的其他例义同时代入。,,301-350,417—417,CN-CLASS-W079,4
谓,,4,"(4) 认为, 以为。予谓菊, 花之隐逸者也。(《爱莲说》)",以例句的主干、搭配与前后关系核定本义项；不能把同字的其他例义同时代入。,,301-350,419—419,CN-CLASS-W079,4
谓,,5,"(5)为,是。太守谓谁?庐陵欧阳修也。(《醉翁亭记》)",以例句的主干、搭配与前后关系核定本义项；不能把同字的其他例义同时代入。,,301-350,421—421,CN-CLASS-W079,4
谓,,6,"(6)指称,意指。其此之谓乎! (《虽有嘉肴》)",以例句的主干、搭配与前后关系核定本义项；不能把同字的其他例义同时代入。,,301-350,423—423,CN-CLASS-W079,4
闻,,1,"(1) 听见, 听到。鸡犬相闻。(《桃花源记》)",以例句的主干、搭配与前后关系核定本义项；不能把同字的其他例义同时代入。,,301-350,427—427,CN-CLASS-W080,4
闻,,2,"(2) 见闻, 见识, 收获。卒获有所闻。(《送东阳马生序》)",以例句的主干、搭配与前后关系核定本义项；不能把同字的其他例义同时代入。,,301-350,429—429,CN-CLASS-W080,4
闻,,3,"(3)闻名,扬名。不求闻达于诸侯。(《出师表》)",以例句的主干、搭配与前后关系核定本义项；不能把同字的其他例义同时代入。,,301-350,431—433,CN-CLASS-W080,4
鲜,,1,(1)新鲜。芳草鲜(xiān)美。(《桃花源记》),以例句的主干、搭配与前后关系核定本义项；不能把同字的其他例义同时代入。,,301-350,437—437,CN-CLASS-W081,5
鲜,,2,(2)少。陶后鲜(xiǎn)有闻。(《爱莲说》),以例句的主干、搭配与前后关系核定本义项；不能把同字的其他例义同时代入。,,301-350,439—439,CN-CLASS-W081,5
向,,1,"(1)面对,朝着。眈眈相向。(《狼》)",以例句的主干、搭配与前后关系核定本义项；不能把同字的其他例义同时代入。,,301-350,443—443,CN-CLASS-W082,5
向,,2,"(2)从前,往昔。便扶向路。(《桃花源记》)",以例句的主干、搭配与前后关系核定本义项；不能把同字的其他例义同时代入。,,301-350,445—445,CN-CLASS-W082,5
向,,3,(3) 接近。秋天漠漠向昏黑。(《茅屋为秋风所破歌》),以例句的主干、搭配与前后关系核定本义项；不能把同字的其他例义同时代入。,,301-350,447—447,CN-CLASS-W082,5
信,,1,"(1)信用,诚信。日中不至,则是无信。(《陈太丘与友期行》)",以例句的主干、搭配与前后关系核定本义项；不能把同字的其他例义同时代入。,,301-350,451—451,CN-CLASS-W083,5
信,,2,"(2)信任,相信。愿陛下亲之信之。(《出师表》)",以例句的主干、搭配与前后关系核定本义项；不能把同字的其他例义同时代入。,,301-350,453—453,CN-CLASS-W083,5
信,,3,"(3)言语真实,诚实,引申为实情。牺牲玉帛,弗敢加也,必以信。(《曹刿论战》)",以例句的主干、搭配与前后关系核定本义项；不能把同字的其他例义同时代入。,,301-350,455—455,CN-CLASS-W083,5
兴,,1,"(1)兴办,举办。百废具兴(xīng)。(《岳阳楼记》)",以例句的主干、搭配与前后关系核定本义项；不能把同字的其他例义同时代入。,,301-350,459—459,CN-CLASS-W084,5
兴,,2,"(2)发扬,倡导。若无兴(xīng)德之言。(《出师表》)",以例句的主干、搭配与前后关系核定本义项；不能把同字的其他例义同时代入。,,301-350,461—461,CN-CLASS-W084,5
兴,,3,"(3)兴盛。亲贤臣,远小人,此先汉所以兴(xīng)隆也。(《出师表》)",以例句的主干、搭配与前后关系核定本义项；不能把同字的其他例义同时代入。,,301-350,463—463,CN-CLASS-W084,5
兴,,4,"(4)兴起,产生。左刻“清风徐来,水波不兴(xīng)”。(《核舟记》)",以例句的主干、搭配与前后关系核定本义项；不能把同字的其他例义同时代入。,,301-350,465—465,CN-CLASS-W084,5
兴,,5,"(5)兴致。兴(xìng)尽晚回舟,误入藕花深处。

[《如梦令》(常记溪亭日暮)]",以例句的主干、搭配与前后关系核定本义项；不能把同字的其他例义同时代入。,,301-350,467—468,CN-CLASS-W084,5
行,,1,"(1) 行走, 前行。缘溪行 (xíng), 忘路之远近。

(《桃花源记》)",以例句的主干、搭配与前后关系核定本义项；不能把同字的其他例义同时代入。,,301-350,472—473,CN-CLASS-W085,5
行,,2,(2)运行。日月之行(xíng)，若出其中。（《观沧海》）,以例句的主干、搭配与前后关系核定本义项；不能把同字的其他例义同时代入。,,301-350,475—475,CN-CLASS-W085,5
行,,3,"(3) 做, 实行, 实施。事无大小, 悉以咨之, 然后施行 (xíng)。(《出师表》)",以例句的主干、搭配与前后关系核定本义项；不能把同字的其他例义同时代入。,,301-350,477—477,CN-CLASS-W085,5
行,,4,"(4) 品行, 德行。将军向宠, 性行 (xíng) 淑均。

(《出师表》)",以例句的主干、搭配与前后关系核定本义项；不能把同字的其他例义同时代入。,,301-350,479—480,CN-CLASS-W085,5
行,,5,"(5)行列,指军队。必能使行(háng)阵和睦,优劣得所。(《出师表》)",以例句的主干、搭配与前后关系核定本义项；不能把同字的其他例义同时代入。,,301-350,482—482,CN-CLASS-W085,5
修,,1,"(1)修治(使趋于完善)。讲信修睦。(《大道之

行也》)",以例句的主干、搭配与前后关系核定本义项；不能把同字的其他例义同时代入。,原附录核桃与篇文选材名称顺序不同，保留原释例，不据此改变原篇正文。,301-350,486—488,CN-CLASS-W086,5
修,,2,(2)修建。乃重修岳阳楼。(《岳阳楼记》),以例句的主干、搭配与前后关系核定本义项；不能把同字的其他例义同时代入。,原附录核桃与篇文选材名称顺序不同，保留原释例，不据此改变原篇正文。,301-350,490—490,CN-CLASS-W086,5
修,,3,"(3)长,引申为身高。邹忌修八尺有余。(《邹忌讽齐王纳谏》)",以例句的主干、搭配与前后关系核定本义项；不能把同字的其他例义同时代入。,原附录核桃与篇文选材名称顺序不同，保留原释例，不据此改变原篇正文。,301-350,492—492,CN-CLASS-W086,5
修,,4,"(4) 高的, 长的。盖简核桃修狭者为之。(《核舟记》)",以例句的主干、搭配与前后关系核定本义项；不能把同字的其他例义同时代入。,原附录核桃与篇文选材名称顺序不同，保留原释例，不据此改变原篇正文。,301-350,494—494,CN-CLASS-W086,5
许,,1,"(1)大约,上下。高可二黍许。(《核舟记》)",以例句的主干、搭配与前后关系核定本义项；不能把同字的其他例义同时代入。,,301-350,498—498,CN-CLASS-W087,
许,,2,(2)赞同。杂然相许。(《愚公移山》),以例句的主干、搭配与前后关系核定本义项；不能把同字的其他例义同时代入。,,301-350,500—500,CN-CLASS-W087,
许,,3,(3)答应。遂许先帝以驱驰。(《出师表》),以例句的主干、搭配与前后关系核定本义项；不能把同字的其他例义同时代入。,,301-350,502—504,CN-CLASS-W087,
易,,1,(1)更替。寒暑易节。(《愚公移山》),以例句的主干、搭配与前后关系核定本义项；不能把同字的其他例义同时代入。,,301-350,508—508,CN-CLASS-W088,5
易,,2,(2)交换。寡人欲以五百里之地易安陵。(《唐雎不辱使命》),以例句的主干、搭配与前后关系核定本义项；不能把同字的其他例义同时代入。,,301-350,510—510,CN-CLASS-W088,5
益,,1,(1)更加。香远益清。(《爱莲说》),以例句的主干、搭配与前后关系核定本义项；不能把同字的其他例义同时代入。,,301-350,514—514,CN-CLASS-W089,5
益,,2,(2)益处。斟酌损益。(《出师表》),以例句的主干、搭配与前后关系核定本义项；不能把同字的其他例义同时代入。,,301-350,516—516,CN-CLASS-W089,5
益,,3,"(3) 增加。曾益其所不能。(《生于忧患, 死于安乐》)",以例句的主干、搭配与前后关系核定本义项；不能把同字的其他例义同时代入。,,301-350,518—518,CN-CLASS-W089,5
意,,1,(1)意图。卜者知其指意。(《陈涉世家》),以例句的主干、搭配与前后关系核定本义项；不能把同字的其他例义同时代入。,,301-350,522—522,CN-CLASS-W090,5
意,,2,"(2)神情,态度。久之,目似瞑,意暇甚。(《狼》)",以例句的主干、搭配与前后关系核定本义项；不能把同字的其他例义同时代入。,,301-350,524—524,CN-CLASS-W090,5
意,,3,"(3) 意趣, 情趣。醉翁之意不在酒。(《醉翁亭记》)",以例句的主干、搭配与前后关系核定本义项；不能把同字的其他例义同时代入。,,301-350,526—526,CN-CLASS-W090,5
意,,4,(4)意思。鸣之而不能通其意。(《马说》),以例句的主干、搭配与前后关系核定本义项；不能把同字的其他例义同时代入。,,301-350,528—528,CN-CLASS-W090,5
意,,5,"(5)随意。从流飘荡,任意东西。(《与朱元思书》)",以例句的主干、搭配与前后关系核定本义项；不能把同字的其他例义同时代入。,,301-350,530—530,CN-CLASS-W090,5
意,,6,"(6)意志。年与时驰,意与日去。(《诫子书》)",以例句的主干、搭配与前后关系核定本义项；不能把同字的其他例义同时代入。,,301-350,532—532,CN-CLASS-W090,5
遗,,1,"(1)遗留,剩下。邻人京城氏之孀妻有遗(yí)男。(《愚公移山》)",以例句的主干、搭配与前后关系核定本义项；不能把同字的其他例义同时代入。,,301-350,536—536,CN-CLASS-W091,5
遗,,2,(2)给予。是以先帝简拔以遗(wèi)陛下。(《出师表》),以例句的主干、搭配与前后关系核定本义项；不能把同字的其他例义同时代入。,,301-350,538—538,CN-CLASS-W091,5
已,,1,"(1)停止,完毕。烈士暮年,壮心不已。(《龟虽寿》)",以例句的主干、搭配与前后关系核定本义项；不能把同字的其他例义同时代入。,,301-350,542—542,CN-CLASS-W092,5
已,,2,(2) 已经。待君久不至，已去。（《陈太丘与友期行》）,以例句的主干、搭配与前后关系核定本义项；不能把同字的其他例义同时代入。,,301-350,544—544,CN-CLASS-W092,5
已,,3,(3)不久。已而之细柳军。(《周亚夫军细柳》),以例句的主干、搭配与前后关系核定本义项；不能把同字的其他例义同时代入。,,301-350,546—546,CN-CLASS-W092,5
因,,1,"(1)趁,乘。未若柳絮因风起。(《咏雪》)",以例句的主干、搭配与前后关系核定本义项；不能把同字的其他例义同时代入。,,301-350,550—550,CN-CLASS-W093,6
因,,2,"(2)顺着,就着。罔不因势象形。(《核舟记》)",以例句的主干、搭配与前后关系核定本义项；不能把同字的其他例义同时代入。,,301-350,552—552,CN-CLASS-W093,6
因,,3,"(3)于是,就。安陵君因使唐雎使于秦。(《唐雎不辱使命》)",以例句的主干、搭配与前后关系核定本义项；不能把同字的其他例义同时代入。,,301-350,554—554,CN-CLASS-W093,6
因,,4,(4)因此。余因得遍观群书。(《送东阳马生序》),以例句的主干、搭配与前后关系核定本义项；不能把同字的其他例义同时代入。,,301-350,556—556,CN-CLASS-W093,6
引,,1,(1)拉。下车引之。(《陈太丘与友期行》),以例句的主干、搭配与前后关系核定本义项；不能把同字的其他例义同时代入。,,301-350,560—560,CN-CLASS-W094,
引,,2,(2) 引用。引喻失义。(《出师表》),以例句的主干、搭配与前后关系核定本义项；不能把同字的其他例义同时代入。,,301-350,562—562,CN-CLASS-W094,
引,,3,(3)延长。属引凄异。(《三峡》),以例句的主干、搭配与前后关系核定本义项；不能把同字的其他例义同时代入。,,301-350,564—564,CN-CLASS-W094,
余,,1,"(1) 残余的。以残年余力，曾不能毁山之一毛。

(《愚公移山》)",以例句的主干、搭配与前后关系核定本义项；不能把同字的其他例义同时代入。,,301-350,568—569,CN-CLASS-W095,6
余,,2,"(2)其余,此外。余人各复延至其家。(《桃花源记》)",以例句的主干、搭配与前后关系核定本义项；不能把同字的其他例义同时代入。,,301-350,571—571,CN-CLASS-W095,6
余,,3,"(3)整数后表示不定的零数。邹忌修八尺有余。

(《邹忌讽齐王纳谏》)",以例句的主干、搭配与前后关系核定本义项；不能把同字的其他例义同时代入。,,301-350,573—574,CN-CLASS-W095,6
余,,4,"(4)遗留,剩下。但余钟磬音。(《题破山寺后禅院》)",以例句的主干、搭配与前后关系核定本义项；不能把同字的其他例义同时代入。,,301-350,576—576,CN-CLASS-W095,6
余,,5,(5)我。余拏一小舟。(《湖心亭看雪》),以例句的主干、搭配与前后关系核定本义项；不能把同字的其他例义同时代入。,,301-350,578—578,CN-CLASS-W095,6
语,,1,"(1)与人谈论,说。卒中往往语(yǔ)。(《陈涉世家》)",以例句的主干、搭配与前后关系核定本义项；不能把同字的其他例义同时代入。,,301-350,582—582,CN-CLASS-W096,6
语,,2,"(2)说的话,引申为口信。凭君传语(yǔ)报平安。(《逢入京使》)",以例句的主干、搭配与前后关系核定本义项；不能把同字的其他例义同时代入。,,301-350,584—584,CN-CLASS-W096,6
语,,3,(3)告诉。此中人语(yù)云。(《桃花源记》),以例句的主干、搭配与前后关系核定本义项；不能把同字的其他例义同时代入。,,301-350,586—586,CN-CLASS-W096,6
喻,,1,"(1)了解,明白。征于色,发于声,而后喻。(《生于忧患,死于安乐》)",以例句的主干、搭配与前后关系核定本义项；不能把同字的其他例义同时代入。,,301-350,590—590,CN-CLASS-W097,6
喻,,2,(2)比喻。引喻失义。(《出师表》),以例句的主干、搭配与前后关系核定本义项；不能把同字的其他例义同时代入。,,301-350,592—592,CN-CLASS-W097,6
止,,1,"(1) 只, 仅。止有剩骨。(《狼》)",以例句的主干、搭配与前后关系核定本义项；不能把同字的其他例义同时代入。,,301-350,598—598,CN-CLASS-W098,6
止,,2,"(2)停止,停留。一狼得骨止。(《狼》)",以例句的主干、搭配与前后关系核定本义项；不能把同字的其他例义同时代入。,,301-350,600—600,CN-CLASS-W098,6
止,,3,"(3)阻止,禁止。河曲智叟笑而止之曰。(《愚公移山》)",以例句的主干、搭配与前后关系核定本义项；不能把同字的其他例义同时代入。,,301-350,602—602,CN-CLASS-W098,6
志,,1,"(1)志向,心意。匹夫不可夺志也。(《〈论语〉十",以例句的主干、搭配与前后关系核定本义项；不能把同字的其他例义同时代入。,,301-350,606—606,CN-CLASS-W099,6
志,二章》),2,(2)做记号。寻向所志。(《桃花源记》),以例句的主干、搭配与前后关系核定本义项；不能把同字的其他例义同时代入。,,301-350,610—610,CN-CLASS-W099,6
志,二章》),3,"(3)记载。《齐谐》者,志怪者也。(《北冥有鱼》)",以例句的主干、搭配与前后关系核定本义项；不能把同字的其他例义同时代入。,,301-350,612—612,CN-CLASS-W099,6
至,,1,"(1)到,到来。后狼止而前狼又至。(《狼》)",以例句的主干、搭配与前后关系核定本义项；不能把同字的其他例义同时代入。,,301-350,616—616,CN-CLASS-W100,6
至,,2,"(2) 达到极点, 引申为周到。色愈恭, 礼愈至。

(《送东阳马生序》)",以例句的主干、搭配与前后关系核定本义项；不能把同字的其他例义同时代入。,,301-350,618—619,CN-CLASS-W100,6
至,,3,"(3)极,最。虽有至道,弗学,不知其善也。(《虽有嘉肴》)",以例句的主干、搭配与前后关系核定本义项；不能把同字的其他例义同时代入。,,301-350,621—621,CN-CLASS-W100,6
致,,1,"(1)得到。家贫,无从致书以观。(《送东阳马生序》)",以例句的主干、搭配与前后关系核定本义项；不能把同字的其他例义同时代入。,,301-350,625—625,CN-CLASS-W101,6
致,,2,(2)达到。非宁静无以致远。(《诫子书》),以例句的主干、搭配与前后关系核定本义项；不能把同字的其他例义同时代入。,,301-350,627—627,CN-CLASS-W101,6
致,,3,(3)表达。听妇前致词。(《石壕吏》),以例句的主干、搭配与前后关系核定本义项；不能把同字的其他例义同时代入。,,301-350,629—629,CN-CLASS-W101,6
治,,1,(1)修养。险躁则不能治性。(《诫子书》),以例句的主干、搭配与前后关系核定本义项；不能把同字的其他例义同时代入。,,301-350,633—633,CN-CLASS-W102,6
治,,2,(2) 研究。孤岂欲卿治经为博士邪！(《孙权劝学》),以例句的主干、搭配与前后关系核定本义项；不能把同字的其他例义同时代入。,,301-350,635—635,CN-CLASS-W102,6
治,,3,"(3)惩治,治罪。不效,则治臣之罪。(《出师表》)",以例句的主干、搭配与前后关系核定本义项；不能把同字的其他例义同时代入。,,301-350,637—637,CN-CLASS-W102,6
自,,1,"(1) 自己, 自身。不宜妄自菲薄。(《出师表》)",以例句的主干、搭配与前后关系核定本义项；不能把同字的其他例义同时代入。,,301-350,641—641,CN-CLASS-W103,6
自,,2,"(2)从。有朋自远方来,不亦乐乎?(《〈论语〉十二章》)",以例句的主干、搭配与前后关系核定本义项；不能把同字的其他例义同时代入。,,301-350,643—643,CN-CLASS-W103,6
自,,3,(3)在。自三峡七百里中。(《三峡》),以例句的主干、搭配与前后关系核定本义项；不能把同字的其他例义同时代入。,,301-350,645—645,CN-CLASS-W103,6
自,,4,"(4)如果,假如。自非亭午夜分,不见曦月。(《三峡》)",以例句的主干、搭配与前后关系核定本义项；不能把同字的其他例义同时代入。,,301-350,647—647,CN-CLASS-W103,6
自,,5,(5)亲自。上自劳军。(《周亚夫军细柳》),以例句的主干、搭配与前后关系核定本义项；不能把同字的其他例义同时代入。,,301-350,649—649,CN-CLASS-W103,6
足,,1,"(1)值得,配。不足为外人道也。(《桃花源记》)",以例句的主干、搭配与前后关系核定本义项；不能把同字的其他例义同时代入。,,301-350,653—653,CN-CLASS-W104,
足,,2,"(2)充足,足够。食不饱,力不足。(《马说》)",以例句的主干、搭配与前后关系核定本义项；不能把同字的其他例义同时代入。,,301-350,655—655,CN-CLASS-W104,
足,,3,(3)脚。东坡现右足。(《核舟记》),以例句的主干、搭配与前后关系核定本义项；不能把同字的其他例义同时代入。,,301-350,657—657,CN-CLASS-W104,
作,,1,(1)鼓起。一鼓作气。(《曹刿论战》),以例句的主干、搭配与前后关系核定本义项；不能把同字的其他例义同时代入。,,301-350,661—661,CN-CLASS-W105,6
作,,2,"(2) 奋起, 有所作为。困于心, 衡于虑, 而后作。

(《生于忧患,死于安乐》)",以例句的主干、搭配与前后关系核定本义项；不能把同字的其他例义同时代入。,,301-350,663—665,CN-CLASS-W105,6
作,,3,(3) 做。设酒杀鸡作食。(《桃花源记》),以例句的主干、搭配与前后关系核定本义项；不能把同字的其他例义同时代入。,,301-350,667—667,CN-CLASS-W105,6
作,,4,(4)兴起。盗窃乱贼而不作。(《大道之行也》),以例句的主干、搭配与前后关系核定本义项；不能把同字的其他例义同时代入。,,301-350,669—669,CN-CLASS-W105,6
作,,5,"(5)发出。泉水激石,泠泠作响。(《与朱元思书》)",以例句的主干、搭配与前后关系核定本义项；不能把同字的其他例义同时代入。,,301-350,671—671,CN-CLASS-W105,6
作,,6,(6)写。属予作文以记之。(《岳阳楼记》),以例句的主干、搭配与前后关系核定本义项；不能把同字的其他例义同时代入。,,301-350,673—673,CN-CLASS-W105,6
作,,7,(7)建造。作亭者谁？(《醉翁亭记》),以例句的主干、搭配与前后关系核定本义项；不能把同字的其他例义同时代入。,,301-350,675—675,CN-CLASS-W105,6
而,连词,1,"(1)表并列关系,可译为“与”“和”,或不译。中峨冠而多髯者为东坡。(《核舟记》)",以例句的主干、搭配与前后关系核定本义项；不能把同字的其他例义同时代入。,,301-350,681—681,CN-CLASS-W106,7
而,连词,2,"(2)表承接关系,可译为“然后”“接着”。温故而知新。(《〈论语〉十二章》)",以例句的主干、搭配与前后关系核定本义项；不能把同字的其他例义同时代入。,,301-350,682—682,CN-CLASS-W106,7
而,连词,3,"(3)表递进关系,可译为“而且”“还”。饮少辄醉,而年又最高。(《醉翁亭记》)",以例句的主干、搭配与前后关系核定本义项；不能把同字的其他例义同时代入。,,301-350,683—683,CN-CLASS-W106,7
而,连词,4,"(4)表转折关系,可译为“但是”“却”。千里马常有,而伯乐不常有。(《马说》)",以例句的主干、搭配与前后关系核定本义项；不能把同字的其他例义同时代入。,,301-350,684—684,CN-CLASS-W106,7
而,连词,5,"(5)表修饰关系,不译。面山而居。(《愚公移山》)",以例句的主干、搭配与前后关系核定本义项；不能把同字的其他例义同时代入。,,301-350,685—685,CN-CLASS-W106,7
而,连词,6,"(6)表因果关系,可译为“因而”。四时之景不同,而乐亦无穷也。(《醉翁亭记》)",以例句的主干、搭配与前后关系核定本义项；不能把同字的其他例义同时代入。,,301-350,686—686,CN-CLASS-W106,7
而,助词,,"词缀,用于表时间的词之后。俄而雪骤。(《咏雪》)",以例句的主干、搭配与前后关系核定本义项；不能把同字的其他例义同时代入。,,301-350,690—690,CN-CLASS-W106,7
之,助词,1,"(1) 表修饰作用 (定语 + 之 + 中心词), 可译为 “的”。予尝求古仁人之心。(《岳阳楼记》)",以例句的主干、搭配与前后关系核定本义项；不能把同字的其他例义同时代入。,,301-350,696—696,CN-CLASS-W107,7
之,助词,2,"(2)用在主语和谓语间,取消句子独立性,可不译。吾妻之美我者。(《邹忌讽齐王纳谏》)",以例句的主干、搭配与前后关系核定本义项；不能把同字的其他例义同时代入。,,301-350,697—697,CN-CLASS-W107,7
之,助词,3,"(3)宾语前置的标志(宾语+之+谓语),可不译。

何陋之有? (《陋室铭》)",以例句的主干、搭配与前后关系核定本义项；不能把同字的其他例义同时代入。,,301-350,698—699,CN-CLASS-W107,7
之,助词,4,"(4) 定语后置的标志, 可不译。马之千里者。

(《马说》)",以例句的主干、搭配与前后关系核定本义项；不能把同字的其他例义同时代入。,,301-350,700—701,CN-CLASS-W107,7
之,助词,5,"(5)起补足音节作用,可不译。公将鼓之。(《曹刿论战》)",以例句的主干、搭配与前后关系核定本义项；不能把同字的其他例义同时代入。,,301-350,702—702,CN-CLASS-W107,7
之,代词,1,"(1)代指人物,可译为“他(她)”“他(她)们”“他(她)的”“他(她)们的”。公与之乘,战于长勺。(《曹刿论战》)",以例句的主干、搭配与前后关系核定本义项；不能把同字的其他例义同时代入。,,301-350,706—706,CN-CLASS-W107,7
之,代词,2,"(2)代指事物,可译为“它(们)”。愿终守之。

(《唐雎不辱使命》)",以例句的主干、搭配与前后关系核定本义项；不能把同字的其他例义同时代入。,,301-350,707—708,CN-CLASS-W107,7
之,代词,3,"(3)代指事理,可译为“它(们)”。我知之濠上也。

(《庄子与惠子游于濠梁之上》)",以例句的主干、搭配与前后关系核定本义项；不能把同字的其他例义同时代入。,,301-350,709—711,CN-CLASS-W107,7
之,代词,4,"(4)指示代词,可译为“这”“此”。人皆有之,贤者能勿丧耳。(《鱼我所欲也》)",以例句的主干、搭配与前后关系核定本义项；不能把同字的其他例义同时代入。,,301-350,713—713,CN-CLASS-W107,7
之,动词,,可译为“去”“到”“往”。辍耕之垄上。（《陈涉世家》）,以例句的主干、搭配与前后关系核定本义项；不能把同字的其他例义同时代入。,,301-350,717—717,CN-CLASS-W107,7
以,介词,1,"(1)表示动作行为所用的工具、凭借的条件等,可译为“用”“凭借”。醒能述以文者。(《醉翁亭记》)",以例句的主干、搭配与前后关系核定本义项；不能把同字的其他例义同时代入。,,301-350,723—723,CN-CLASS-W108,7
以,介词,2,"(2)表示动作行为发生的根据,可译为“依照”“按照”。策之不以其道。(《马说》)",以例句的主干、搭配与前后关系核定本义项；不能把同字的其他例义同时代入。,,301-350,724—724,CN-CLASS-W108,7
以,介词,3,"(3)表示动作行为产生的原因。可译为“因为”“由于”。不以物喜,不以己悲。(《岳阳楼记》)",以例句的主干、搭配与前后关系核定本义项；不能把同字的其他例义同时代入。,,301-350,725—725,CN-CLASS-W108,7
以,介词,4,"(4)表示动作行为的对象,可译为“把”。先帝知臣谨慎,故临崩寄臣以大事也。(《出师表》)",以例句的主干、搭配与前后关系核定本义项；不能把同字的其他例义同时代入。,,301-350,726—726,CN-CLASS-W108,7
以,连词,1,"(1)表目的,可译为“来”“用来”。属予作文以记之。(《岳阳楼记》)",以例句的主干、搭配与前后关系核定本义项；不能把同字的其他例义同时代入。,,301-350,730—730,CN-CLASS-W108,7
以,连词,2,"(2)表结果,可译为“以致”。恐托付不效,以伤先帝之明。(《出师表》)",以例句的主干、搭配与前后关系核定本义项；不能把同字的其他例义同时代入。,,301-350,731—731,CN-CLASS-W108,7
以,连词,3,"(3)表连接,可译为“而”,或不译。近岸,卷石底以出。(《小石潭记》)",以例句的主干、搭配与前后关系核定本义项；不能把同字的其他例义同时代入。,,301-350,732—732,CN-CLASS-W108,7
以,动词,,"表示心理活动,可译为“认为”。皆以美于徐公。

(《邹忌讽齐王纳谏》)",以例句的主干、搭配与前后关系核定本义项；不能把同字的其他例义同时代入。,,301-350,736—737,CN-CLASS-W108,7
为,介词,1,"(1)介绍与动作行为相关联的对象,可译为“替”“给”。为人谋而不忠乎?（《〈论语〉十二章》）",以例句的主干、搭配与前后关系核定本义项；不能把同字的其他例义同时代入。,士卒多为用按全句吴广和士卒关系，译多愿为他效力；若按被用理解仍需说明省略对象，不凭为字唯一判被动。,301-350,743—743,CN-CLASS-W109,7、8
为,介词,2,"(2)表示动作发生的原因或目的,可译为“为了”。为宫室之美、妻妾之奉、所识穷乏者得我与?(《鱼我所欲也》)",以例句的主干、搭配与前后关系核定本义项；不能把同字的其他例义同时代入。,士卒多为用按全句吴广和士卒关系，译多愿为他效力；若按被用理解仍需说明省略对象，不凭为字唯一判被动。,301-350,744—744,CN-CLASS-W109,7、8
为,介词,3,"(3)表示被动,可译为“被”。吴广素爱人,士卒多为用者。(《陈涉世家》)",以例句的主干、搭配与前后关系核定本义项；不能把同字的其他例义同时代入。,士卒多为用按全句吴广和士卒关系，译多愿为他效力；若按被用理解仍需说明省略对象，不凭为字唯一判被动。,301-350,745—745,CN-CLASS-W109,7、8
为,动词,1,"(1)表判断,可译为“是”。若为佣耕,何富贵也?

(《陈涉世家》)",以例句的主干、搭配与前后关系核定本义项；不能把同字的其他例义同时代入。,士卒多为用按全句吴广和士卒关系，译多愿为他效力；若按被用理解仍需说明省略对象，不凭为字唯一判被动。,301-350,749—750,CN-CLASS-W109,7、8
为,动词,2,"(2)根据不同语境表示不同动作意义,如“雕刻”“建造”“当作”等。盖简桃核修狭者为之。(《核舟记》)",以例句的主干、搭配与前后关系核定本义项；不能把同字的其他例义同时代入。,士卒多为用按全句吴广和士卒关系，译多愿为他效力；若按被用理解仍需说明省略对象，不凭为字唯一判被动。,301-350,752—752,CN-CLASS-W109,7、8
为,名词,,"表行为,可译为“表现”。或异二者之为。(《岳阳楼记》)",以例句的主干、搭配与前后关系核定本义项；不能把同字的其他例义同时代入。,士卒多为用按全句吴广和士卒关系，译多愿为他效力；若按被用理解仍需说明省略对象，不凭为字唯一判被动。,301-350,756—756,CN-CLASS-W109,7、8
其,副词,1,"(1)用在“如……何”前,加强反问语气,可译为“岂”“难道”。其如土石何?(《愚公移山》)",以例句的主干、搭配与前后关系核定本义项；不能把同字的其他例义同时代入。,,301-350,762—762,CN-CLASS-W110,8
其,副词,2,"(2)表示祈使语气,可译为“可要”。安陵君其许寡人!(《唐雎不辱使命》)",以例句的主干、搭配与前后关系核定本义项；不能把同字的其他例义同时代入。,,301-350,764—764,CN-CLASS-W110,8
其,副词,3,"(3)表推测、估计语气,可译为“大概”“或许”“恐怕”等。其真不知马也!(《马说》)",以例句的主干、搭配与前后关系核定本义项；不能把同字的其他例义同时代入。,,301-350,766—766,CN-CLASS-W110,8
其,代词,1,"(1)人称代词,可译为“他(她、它)”“他(她、它)们”“他(她、它)的”“他(她、它)们的”。必先苦其心志。(《生于忧患,死于安乐》)",以例句的主干、搭配与前后关系核定本义项；不能把同字的其他例义同时代入。,,301-350,770—770,CN-CLASS-W110,8
其,代词,2,"(2)指示代词,可译为“那”“那些”。其人视端容寂。(《核舟记》)",以例句的主干、搭配与前后关系核定本义项；不能把同字的其他例义同时代入。,,301-350,772—772,CN-CLASS-W110,8
其,连词,1,"(1)表假设关系,可译为“如果”。其业有不精、德有不成者。(《送东阳马生序》)",以例句的主干、搭配与前后关系核定本义项；不能把同字的其他例义同时代入。,,301-350,776—776,CN-CLASS-W110,8
其,连词,2,"(2)表选择关系,可译为“是……还是……”。天之苍苍,其正色邪?其远而无所至极邪?(《北冥有鱼》)",以例句的主干、搭配与前后关系核定本义项；不能把同字的其他例义同时代入。,,301-350,778—778,CN-CLASS-W110,8
于,介词,1,"(1)引进比较对象(形容词+于),可译为“比”。皆以美于徐公。(《邹忌讽齐王纳谏》)",以例句的主干、搭配与前后关系核定本义项；不能把同字的其他例义同时代入。,,301-350,784—784,CN-CLASS-W111,8
于,介词,2,"(2) 介绍与动作发生相关的时间、地点、对象、范围。

a. 可译为“在”。傅说举于版筑之间。（《生于忧患，死于安乐》）

b. 可译为“到”。安陵君因使唐雎使于秦。（《唐雎不辱使命》）

c. 可译为“从”。而泻出于两峰之间者。（《醉翁亭记》）",以例句的主干、搭配与前后关系核定本义项；不能把同字的其他例义同时代入。,,301-350,786—792,CN-CLASS-W111,8
于,介词,3,"(3)介绍行为动作所涉及的对象。

a. 可译为“向”。每假借于藏书之家。（《送东阳马生序》）

b. 可译为“给”。故天将降大任于是人也。（《生于忧患，死于安乐》）

c. 可译为“对”。未尝不叹息痛恨于桓、灵也。（《出师表》）",以例句的主干、搭配与前后关系核定本义项；不能把同字的其他例义同时代入。,,301-350,794—800,CN-CLASS-W111,8
然,连词,,"表转折关系,可译为“然而”“但是”。然侍卫之臣不懈于内。(《出师表》)",以例句的主干、搭配与前后关系核定本义项；不能把同字的其他例义同时代入。,,301-350,806—806,CN-CLASS-W112,8
然,助词,1,"(1)用于词尾,可译为“……的样子”。杂然相许。

(《愚公移山》)",以例句的主干、搭配与前后关系核定本义项；不能把同字的其他例义同时代入。,,301-350,810—811,CN-CLASS-W112,8
然,助词,2,"(2)用于句尾,常与“如”“若”连用,构成“如……然”“若……然”的格式,可译为“好像……的样子”。其人视端容寂,若听茶声然。(《核舟记》)",以例句的主干、搭配与前后关系核定本义项；不能把同字的其他例义同时代入。,,301-350,813—813,CN-CLASS-W112,8
然,代词,,"起指示作用,可译为“这样”“如此”。然而不胜者。(《得道多助,失道寡助》)",以例句的主干、搭配与前后关系核定本义项；不能把同字的其他例义同时代入。,,301-350,817—817,CN-CLASS-W112,8
然,形容词,,"表示正确或肯定,可译为“对的”“正确的”。吴广以为然。(《陈涉世家》)",以例句的主干、搭配与前后关系核定本义项；不能把同字的其他例义同时代入。,,301-350,821—821,CN-CLASS-W112,8
乃,副词,1,"(1)表示时间的紧相衔接,可译为“就”。于是上乃使使持节诏将军。(《周亚夫军细柳》)",以例句的主干、搭配与前后关系核定本义项；不能把同字的其他例义同时代入。,,301-350,827—827,CN-CLASS-W113,8、9
乃,副词,2,"(2)表示两事顺承,可译为“才”。太丘舍去,去后乃至。(《陈太丘与友期行》)",以例句的主干、搭配与前后关系核定本义项；不能把同字的其他例义同时代入。,,301-350,829—829,CN-CLASS-W113,8、9
乃,副词,3,"(3)表示出人意料,可译为“竟”“竟然”。问今是何世,乃不知有汉。(《桃花源记》)",以例句的主干、搭配与前后关系核定本义项；不能把同字的其他例义同时代入。,,301-350,831—831,CN-CLASS-W113,8、9
乃,副词,4,"(4)表示肯定,可译为“是”“就是”。当立者乃公子扶苏。(《陈涉世家》)",以例句的主干、搭配与前后关系核定本义项；不能把同字的其他例义同时代入。,,301-350,833—833,CN-CLASS-W113,8、9
乃,连词,,"表示顺接,可译为“于是”“便”。乃重修岳阳楼。(《岳阳楼记》)",以例句的主干、搭配与前后关系核定本义项；不能把同字的其他例义同时代入。,,301-350,837—837,CN-CLASS-W113,8、9
者,助词,,"语气助词,常用在判断句中,引出判断,可不译。

陈胜者,阳城人也。(《陈涉世家》)",以例句的主干、搭配与前后关系核定本义项；不能把同字的其他例义同时代入。,,301-350,843—844,CN-CLASS-W114,9
者,代词,,"与前面词语组合,相当于名词性短语。

a. 可译为“……的人”。若有作奸犯科及为忠善者，宜付有司论其刑赏。（《出师表》）

b. 可译为“……的原因”。而安陵以五十里之地存者，徒以有先生也。（《唐雎不辱使命》）",以例句的主干、搭配与前后关系核定本义项；不能把同字的其他例义同时代入。,,301-350,848—852,CN-CLASS-W114,9
焉,助词,,"语气助词,可译为“呢”“了”“啊”等。肉食者谋之,又何间焉? (《曹刿论战》)",以例句的主干、搭配与前后关系核定本义项；不能把同字的其他例义同时代入。,,301-350,858—858,CN-CLASS-W115,9
焉,代词,,"疑问代词,可译为“怎么”“哪里”。是焉得为大丈夫乎?（《富贵不能淫》）",以例句的主干、搭配与前后关系核定本义项；不能把同字的其他例义同时代入。,,301-350,862—862,CN-CLASS-W115,9
焉,兼词,,相当于“于之”“于此”，“于”为介词，“之”“此”为代词，可译为“在这里”“从这里”“在其中”等。三人行，必有我师焉。（《〈论语〉十二章》）,以例句的主干、搭配与前后关系核定本义项；不能把同字的其他例义同时代入。,,301-350,866—866,CN-CLASS-W115,9
且,连词,1,"(1)表示递进关系,可译为“况且”。且焉置土石?

(《愚公移山》)",以例句的主干、搭配与前后关系核定本义项；不能把同字的其他例义同时代入。,原年且九十译将近说明数目前约近值；其他句且至可为将要，不能把全部将来时都译将近数量。,301-350,872—873,CN-CLASS-W116,9
且,连词,2,"(2)表示让步关系,可译为“犹,尚且”。且欲与常马等不可得。(《马说》)",以例句的主干、搭配与前后关系核定本义项；不能把同字的其他例义同时代入。,原年且九十译将近说明数目前约近值；其他句且至可为将要，不能把全部将来时都译将近数量。,301-350,875—875,CN-CLASS-W116,9
且,副词,,"表示动作行为将要发生,可译为“将近”。北山愚公者,年且九十。(《愚公移山》)",以例句的主干、搭配与前后关系核定本义项；不能把同字的其他例义同时代入。,原年且九十译将近说明数目前约近值；其他句且至可为将要，不能把全部将来时都译将近数量。,301-350,879—879,CN-CLASS-W116,9
则,连词,1,"(1)表示转折,可译为“却”“可是”。余则缊袍敝

衣处其间。(《送东阳马生序》)",以例句的主干、搭配与前后关系核定本义项；不能把同字的其他例义同时代入。,原入则无法家拂士并不按单个则固定假设词：入指国内、则引其情境，条件义来自整段结构。,301-350,885—887,CN-CLASS-W117,9
则,连词,2,"(2)表示假设,可译为“如果”。入则无法家拂士。

(《生于忧患,死于安乐》)",以例句的主干、搭配与前后关系核定本义项；不能把同字的其他例义同时代入。,原入则无法家拂士并不按单个则固定假设词：入指国内、则引其情境，条件义来自整段结构。,301-350,889—890,CN-CLASS-W117,9
则,连词,3,"(3)表示承接,可译为“便”“就”。登斯楼也,则有去国怀乡……感极而悲者矣。(《岳阳楼记》)",以例句的主干、搭配与前后关系核定本义项；不能把同字的其他例义同时代入。,原入则无法家拂士并不按单个则固定假设词：入指国内、则引其情境，条件义来自整段结构。,301-350,891—891,CN-CLASS-W117,9
则,连词,4,(4)一般为“……则……，……则……”的形式，可不译。居庙堂之高则忧其民，处江湖之远则忧其君。（《岳阳楼记》）,以例句的主干、搭配与前后关系核定本义项；不能把同字的其他例义同时代入。,原入则无法家拂士并不按单个则固定假设词：入指国内、则引其情境，条件义来自整段结构。,301-350,892—892,CN-CLASS-W117,9
则,副词,,"表示加强判断,可译为“就”“就是”。此则岳阳楼之大观也。(《岳阳楼记》)",以例句的主干、搭配与前后关系核定本义项；不能把同字的其他例义同时代入。,原入则无法家拂士并不按单个则固定假设词：入指国内、则引其情境，条件义来自整段结构。,301-350,896—896,CN-CLASS-W117,9
虽,连词,1,"(1)与后文构成转折关系,可译为“虽然”。故余虽愚,卒获有所闻。(《送东阳马生序》)",以例句的主干、搭配与前后关系核定本义项；不能把同字的其他例义同时代入。,,301-350,902—902,CN-CLASS-W118,9
虽,连词,2,"(2)表示假设关系,可译为“即使”。虽我之死,有子存焉。(《愚公移山》)",以例句的主干、搭配与前后关系核定本义项；不能把同字的其他例义同时代入。,,301-350,903—903,CN-CLASS-W118,9
乎,助词,1,"(1)表示反问语气,可译为“吗”“呢”。学而时习之,不亦说乎?(《〈论语〉十二章》)",以例句的主干、搭配与前后关系核定本义项；不能把同字的其他例义同时代入。,,301-350,909—909,CN-CLASS-W119,9
乎,助词,2,"(2)表示商量语气,可译为“吧”“吗”。等死,死国可乎?(《陈涉世家》)",以例句的主干、搭配与前后关系核定本义项；不能把同字的其他例义同时代入。,,301-350,910—910,CN-CLASS-W119,9
乎,助词,3,"(3)表感叹语气,相当于“啊”“呀”。巍巍乎若太山。(《伯牙鼓琴》)",以例句的主干、搭配与前后关系核定本义项；不能把同字的其他例义同时代入。,,301-350,911—911,CN-CLASS-W119,9
乎,介词,,引出时间、对象、处所等，可译为“于”。醉翁之意不在酒，在乎山水之间也。（《醉翁亭记》）,以例句的主干、搭配与前后关系核定本义项；不能把同字的其他例义同时代入。,,301-350,915—915,CN-CLASS-W119,9
何,副词,,可译为“多么”“何等”。水何澹澹，山岛竦峙。（《观沧海》）,以例句的主干、搭配与前后关系核定本义项；不能把同字的其他例义同时代入。,,301-350,921—921,CN-CLASS-W120,9
何,疑问代词,1,(1)可译为“什么”。白雪纷纷何所似？（《咏雪》）,以例句的主干、搭配与前后关系核定本义项；不能把同字的其他例义同时代入。,,301-350,925—925,CN-CLASS-W120,9
何,疑问代词,2,"(2)可译为“为什么”。肉食者谋之，又何间焉？

(《曹刿论战》)",以例句的主干、搭配与前后关系核定本义项；不能把同字的其他例义同时代入。,,301-350,926—927,CN-CLASS-W120,9
何,疑问代词,3,(3)可译为“怎么样”。如太行、王屋何？(《愚公移山》),以例句的主干、搭配与前后关系核定本义项；不能把同字的其他例义同时代入。,,301-350,928—928,CN-CLASS-W120,9
