类型,项目,原说明,教学边界,来源编号,定位
边塞诗,概述,"以边疆地区军民生活和自然风光为题材的诗。一般认为,边塞诗初步发展于汉魏六朝时期,隋代开始兴盛,唐时进入发展黄金期。",类别是入口，不限定唯一情感；用正文复核，可有交叉,CN-POEM-C01,151-200/full.md第1210行
边塞诗,基本主题,"(1)奋勇杀敌、保家卫国、建功立业的壮志豪情。(2)塞外生活的艰辛,连年征战的惨烈。(3)征人思乡、闺妇盼归的情愁。(4)浓郁的反战情绪,沉痛的反战思考。(5)雄奇瑰丽、奇异独特的边塞风光。",类别是入口，不限定唯一情感；用正文复核，可有交叉,CN-POEM-C01,151-200/full.md第1210行
羁旅诗,概述,"诗人远离家国,用诗歌反映客居异乡的艰难、漂泊无定的辛苦并引发对亲人的思念、对故乡的思归、对自己人生处境的感慨等。",类别是入口，不限定唯一情感；用正文复核，可有交叉,CN-POEM-C01,151-200/full.md第1210行
羁旅诗,基本主题,"(1)叙写客居他乡的艰难,抒发漂泊无定的孤苦。(2)感念亲情,表达对亲人的思念。(3)表达人生感叹,流露年华易逝的苦闷。(4)抒发独居他乡、怀才不遇的孤寂、忧愤之情。",类别是入口，不限定唯一情感；用正文复核，可有交叉,CN-POEM-C01,151-200/full.md第1210行
送别诗,概述,"由于古代交通不便,亲人朋友之间往往一别数载难以相见,故古人特别看重离别。古人离别之际,往往设酒饯别,折柳相送,有时还要吟诗话别,表达依依不舍之情。",类别是入口，不限定唯一情感；用正文复核，可有交叉,CN-POEM-C01,151-200/full.md第1210行
送别诗,基本主题,送别诗的标题中常有“送”“别”等字眼(1)依依不舍的留恋。(2)情深意长的劝勉、鼓励、安慰。(3)一吐心中积愤或表明心志。(4)对别后情境的想象、担忧以及对友人的思念。,类别是入口，不限定唯一情感；用正文复核，可有交叉,CN-POEM-C01,151-200/full.md第1210行
咏史怀古诗,概述,"一般以怀念古代的人物和事迹为主要内容,往往将史实与现实联系到一起,或感慨个人遭遇,或抨击社会现实,或表达昔盛今衰的兴替之感。",类别是入口，不限定唯一情感；用正文复核，可有交叉,CN-POEM-C01,151-200/full.md第1243行
咏史怀古诗,基本主题,"(1)表达要像古人那样有建立功业的志向,抒发对古人的缅怀之情。(2)抒发昔盛今衰的感慨,暗含对现实的不满甚至批判,借古讽今。(3)忧国伤时,揭露统治阶级的昏庸腐朽,同情下层人民的疾苦,担忧国家民族的前途命运。(4)悲叹怀才不遇、壮志难酬,抒发年华消逝、功业无成的感慨。",类别是入口，不限定唯一情感；用正文复核，可有交叉,CN-POEM-C01,151-200/full.md第1243行
山水田园诗,概述,"以描写自然风光、安逸恬淡的隐居生活见长,诗境隽永优美,风格恬静淡雅,语言清丽洗练。",类别是入口，不限定唯一情感；用正文复核，可有交叉,CN-POEM-C01,151-200/full.md第1243行
山水田园诗,基本主题,"(1)归隐田园,表现人与自然的和谐。(2)描绘山川美景,表达热爱祖国河山之情。(3)表达对黑暗的官场的厌倦和对现实的不满,表现自己决不同流合污的高洁品格。(4)歌颂劳动生活,抒发对人生的感慨。分为山水诗和田园诗",类别是入口，不限定唯一情感；用正文复核，可有交叉,CN-POEM-C01,151-200/full.md第1243行
咏物言志诗,概述,"以客观事物为描写对象,抒发思想感情或暗示自己的志向情操。此类诗多表达诗人壮志难酬的无奈、报国无门的感慨、一展抱负的渴望或乐观旷达的胸襟等。",类别是入口，不限定唯一情感；用正文复核，可有交叉,CN-POEM-C01,151-200/full.md第1243行
咏物言志诗,基本主题,"(1)不畏磨难,对前途自信乐观。(2)表现不为苦难所磨灭的追求与向往。(3)表现勇于担当重任、热爱和平生活的品质。",类别是入口，不限定唯一情感；用正文复核，可有交叉,CN-POEM-C01,151-200/full.md第1243行
爱国忧民诗,概述,"以自身经历或平凡人物的事迹为抒写对象,表达对普通百姓的关注和同情、对统治阶级的尖锐控诉、对国家命运的忧虑以及深深的爱国之情。",类别是入口，不限定唯一情感；用正文复核，可有交叉,CN-POEM-C01,151-200/full.md第1243行
爱国忧民诗,基本主题,"(1)表现忠贞爱国、视死如归的决心。(2)表达虽然脱离官场,但仍不忘报国之志。(3)揭露封建社会剥削、压迫人民的现实,批判封建社会、兵役制度等,表达对人民的同情、对战争的厌恶。(4)表达忧国伤时、念家悲己的感情。(5)表现体察人间冷暖、渴望广济苍生的博大胸怀。",类别是入口，不限定唯一情感；用正文复核，可有交叉,CN-POEM-C01,151-200/full.md第1243行
即事感怀诗,概述,"因某事或因眼中所见引发了心中的某种思绪,于是描写当时之事或景物来抒发自己的感慨。",类别是入口，不限定唯一情感；用正文复核，可有交叉,CN-POEM-C01,151-200/full.md第1243行
即事感怀诗,基本主题,"(1)寄情山水,或表达对和平宁静生活的热爱,或表现乐观旷达的生活态度。(2)表现了诗人向往悠闲舒适的隐居生活的情趣。(3)抒写政治上的失意和对世事的感慨,发出人生多艰、命途多舛的悲叹。(4)抒发壮志难酬、怀才不遇的抑郁悲愤之情。(5)表达对年华易逝、物是人非、好景不长的惆怅之情。",类别是入口，不限定唯一情感；用正文复核，可有交叉,CN-POEM-C01,151-200/full.md第1243行
