意象,原含义与例句,判读边界,来源编号,定位
月,"月 ①表达思乡怀人之情。如:但愿人长久,千里共婵娟。[苏轼《水调歌头》(明月几时有)]②表示陪伴关心。如:我寄愁心与明月,随君直到夜郎西。(李白《闻王昌龄左迁龙标遥有此寄》)③表现悠闲惬意。如:从今若许闲乘月,拄杖无时夜叩门。(陆游《游山西村》)",明月可怀人、陪伴或闲游，须看寄、共、乘等动作与对象；不能只选思乡。,CN-POEM-C02,151-200/full.md第1257行
水,"水 ①表示时光流逝。如:滚滚长江东逝水。(杨慎《临江仙》) ②表现绵绵愁思、离愁别恨。如:仍怜故乡水,万里送行舟。(李白《渡荆门送别》)",流水可联时间，故乡水拟人可联乡情；流逝与离愁不是每处水同时有。,CN-POEM-C02,151-200/full.md第1259行
梅花,"梅花 象征高洁人格。如:零落成泥碾作尘,只有香如故。(陆游《卜算子·咏梅》) 性高傲",本例以香不改连人格；只有梅的名称不足以判高洁。,CN-POEM-C02,151-200/full.md第1261行
菊花,"菊花 ①象征坚强品格。如:荷尽已无擎雨盖,菊残犹有傲霜枝。(苏轼《赠刘景文》)②象征清高气质、高洁志向。如:采菊东篱下,悠然见南山。[陶渊明《饮酒》(其五)]",傲霜枝与悠然采菊依据不同，一例偏坚贞，一例偏归隐。,CN-POEM-C02,151-200/full.md第1263行
酒,酒 ①传达豪情壮志。如：酒酣胸胆尚开张。鬓微霜，又何妨！（苏轼《江城子·密州出猎》）②表现苦闷、不得志。如：浊酒一杯家万里，燕然未勒归无计。（范仲淹《渔家傲·秋思》）,同有饮酒，酒酣与家万里、归无计指向不同处境。,CN-POEM-C02,151-200/full.md第1265行
风,"风 ①东风:一般指春风,含有生机勃勃之意,也比喻重要条件。如:东风不与周郎便,铜雀春深锁二乔。(杜牧《赤壁》)②西风:秋风,常象征秋之肃杀。如:枯藤老树昏鸦,小桥流水人家,古道西风瘦马。(马致远《天净沙·秋思》)③北风:冬风,常象征冬之苦寒。如:北风卷地白草折,胡天八月即飞雪。(岑参《白雪歌送武判官归京》)",风向季节只是此表入口；赤壁东风还关战局，不能把每个东风一律解释生机。,CN-POEM-C02,151-200/full.md第1267行
雨,"雨 ①写生活环境艰难、政治环境险恶。如:山河破碎风飘絮,身世浮沉雨打萍。(文天祥《过零丁洋》)②写离愁,诉相思。如:君问归期未有期,巴山夜雨涨秋池。(李商隐《夜雨寄北》)",比喻雨打萍与实际夜雨分别核，雨不是天然政治象征。,CN-POEM-C02,151-200/full.md第1269行
云,"云 ①表达欣赏自然、享受自然的情趣。如:孤山寺北贾亭西,水面初平云脚低。(白居易《钱塘湖春行》)②比喻困难或敌对势力。如:不畏浮云遮望眼,自缘身在最高层。(王安石《登飞来峰》)③比喻时间流逝。如:黄鹤一去不复返,白云千载空悠悠。(崔颢《黄鹤楼》)",低云自然景、浮云障碍与千载白云时间感分别对应原句；旁注另提漂泊，未配专例。,CN-POEM-C02,151-200/full.md第1271行
日（夕阳）,日（夕阳） ①表达怀人思乡的惆怅。如：夕阳西下，断肠人在天涯。（马致远《天净沙·秋思》）②表达闲适隐逸的恬淡。如：山气日夕佳，飞鸟相与还。[陶渊明《饮酒》(其五)]③表达世事变迁的感伤。如：夕阳西下几时回？[晏殊《浣溪沙》(一曲新词酒一杯)]④表现壮丽雄奇的苍凉。如：大漠孤烟直，长河落日圆。（王维《使至塞上》）,夕阳可乡愁、归隐、流逝或雄奇苍凉，景的颜色不能决定全诗感情。,CN-POEM-C02,151-200/full.md第1312行
柳,"柳 ①表惜别。如:渭城朝雨浥轻尘,客舍青青柳色新。(王维《送元二使安西》)②表思乡。如:此夜曲中闻折柳,何人不起故园情。(李白《春夜洛城闻笛》)③代表美好春光。如:山重水复疑无路,柳暗花明又一村。(陆游《游山西村》)",折柳曲连故园，柳暗连村路美景；柳字出现不保证送别。,CN-POEM-C02,151-200/full.md第1314行
松柏,"松柏 象征孤直耐寒的品格。如：岂不罹凝寒？松柏有本性。
[刘桢《赠从弟》(其二)]",本性与凝寒形成坚持关系，文学象征不是植物绝不受损的科学结论。,CN-POEM-C02,151-200/full.md第1316行
杜鹃（子规）,杜鹃（子规）⑨ 表悲苦。如：杨花落尽子规啼，闻道龙标过五溪。（李白《闻王昌龄左迁龙标遥有此寄》）,原杜鹃啼血解释属于传说；啼声与愁心语境相接，不能当鸟类生理事实。,CN-POEM-C02,151-200/full.md第1319行
雁,雁．①表凄冷、肃杀之感。如：衡阳雁去无留意。（范仲淹《渔家傲·秋思》）②表达思乡之情。如：乡书何处达，归雁洛阳边。（王湾《次北固山下》）▲雁是候鸟，每年秋季南迁,按原两例区分南迁塞景与归雁传书；迁徙的原概括不推广所有雁种。,CN-POEM-C02,151-200/full.md第1321行
燕,"燕 ①代表春天的美好。如:几处早莺争暖树,谁家新燕啄春泥。(白居易《钱塘湖春行》)②抒发物是人非、世事变迁、昔盛今衰之感。如:无可奈何花落去,似曾相识燕归来。[晏殊《浣溪沙》(一曲新词酒一杯)]",新燕泥与似曾相识归燕分别连春天与物是人非，不能同名同义套用。,CN-POEM-C02,151-200/full.md第1323行
猿啼,"猿啼 表悲伤。如:杜甫《登高》中的“风急天高猿啸哀,渚清沙白鸟飞回”,诗句的意思是天空高远,秋风急促,猿鸣愈显悲哀,河洲一片凄清,沙子雪白,鸟在急风中盘旋,这两句诗勾勒出一幅萧瑟、空旷的秋景图,渲染出凄凉的气氛,为全诗奠定了悲秋的基调。",登高明确啸哀、急风空阔形成悲秋依据；不能假定任何猿声都悲伤。,CN-POEM-C02,151-200/full.md第1325行
落花,"落花 ①感叹年华易逝。如:无可奈何花落去,似曾相识燕归来。[晏殊《浣溪沙》(一曲新词酒一杯)]②抒发报国之志。如:落红不是无情物,化作春泥更护花。[龚自珍《己亥杂诗》(其五)]",花落年华与落红护花价值转向不同，落花并非一律消极。,CN-POEM-C02,151-200/full.md第1327行
山,"山⑩ ①表达隐逸的情怀。如:采菊东篱下,悠然见南山。[陶渊明《饮酒》(其五)]②表达豪迈的气概。如:会当凌绝顶,一览众山小。(杜甫《望岳》)③表达对友人的依依不舍。如:山回路转不见君,雪上空留马行处。(岑参《白雪歌送武判官归京》)④象征艰难险阻。如:政入万山围子里,一山放出一山拦。[杨万里《过松源晨炊漆公店》(其五)]⑤表现阔大景象。如:山随平野尽,江入大荒流。(李白《渡荆门送别》)",登临、阻路、送别、归隐与平野尽各有关系，不按山字固定性格。,CN-POEM-C02,151-200/full.md第1329行
烟,"烟 ①表达游子的思乡之情。如:日暮乡关何处是?烟波江上使人愁。(崔颢《黄鹤楼》)②渲染苍凉的气氛。如:大漠孤烟直,长河落日圆。(王维《使至塞上》)③渲染迷蒙冷寂的气氛。如:烟笼寒水月笼沙,夜泊秦淮近酒家。(杜牧《泊秦淮》)",乡关烟波、孤烟直与寒水月沙分别连愁、苍凉与迷蒙，需读修饰与后句。,CN-POEM-C02,151-200/full.md第1331行
羌笛,"羌笛 ①表现宴饮的热烈场面。如:中军置酒饮归客,胡琴琵琶与羌笛。(岑参《白雪歌送武判官归京》)②表现征人思乡之情。羌管悠悠霜满地，人不寐，将军白发征夫泪。（范仲淹《渔家傲·秋思》）",乐器可宴饮也可思乡，置酒与人不寐才区分情绪。,CN-POEM-C02,151-200/full.md第1333行
杨花（柳絮）,杨花（柳絮） ①暮春飘飞，表现漂泊愁绪。如：杨花落尽子规啼，闻道龙标过五溪。（李白《闻王昌龄左迁龙标遥有此寄》）②风卷柳絮，象征国势危亡。如：山河破碎风飘絮，身世浮沉雨打萍。（文天祥《过零丁洋》）,原飘落子规与风飘絮比喻国势分别解释；花的物性不单独证明政治主题。,CN-POEM-C02,151-200/full.md第1335行
蓬草,"蓬草 象征天涯游子。如:征蓬出汉塞,归雁入胡天。(王维《使至塞上》)",征蓬比游子重在飘转无定，与出塞处境相应。,CN-POEM-C02,151-200/full.md第1337行
草,"草 ①报春使者,表现爱春惜春之情。如:乱花渐欲迷人眼,浅草才能没马蹄。(白居易《钱塘湖春行》)②象征顽强的生命力。如:离离原上草,一岁一枯荣。(白居易《赋得古原草送别》)③表现荒凉衰败。如:国破山河在,城春草木深。(杜甫《春望》)",浅草新春、古原再生与荒城草深的状态有别。,CN-POEM-C02,151-200/full.md第1339行
霜,"霜 ①凄清苦寒,表现征人思乡之情。如:羌管悠悠霜满地,人不寐,将军白发征夫泪。(范仲淹《渔家傲·秋思》)②清寒冷湿,表现凄苦愁思。如:鸡声茅店月,人迹板桥霜。(温庭筠《商山早行》)",满地与板桥脚迹涉及地点时刻，不自编温度读数解释苦寒。,CN-POEM-C02,151-200/full.md第1341行
鹤,"鹤 直冲云霄,表现胸中有大志。如:晴空一鹤排云上,便引诗情到碧霄。[刘禹锡《秋词》(其一)]",排云上和引诗情共同显示积极精神，不是看到鹤就说明升迁。,CN-POEM-C02,151-200/full.md第1343行
舟,"舟 ①表达渴望入仕之意。如:欲济无舟楫,端居耻圣明。(孟浩然《望洞庭湖上张丞相》)②象征乘风破浪,实现人生理想。如:长风破浪会有时,直挂云帆济沧海。[李白《行路难》(其一)]③表现羁旅之思。如:姑苏城外寒山寺,夜半钟声到客船。(张继《枫桥夜泊》)",无舟欲济隐喻求荐、云帆志向、客船羁旅各按相应全诗核。,CN-POEM-C02,151-200/full.md第1345行
天涯,"天涯 ①表现远离桎梏,豪放洒脱之感。如:浩荡离愁白日斜,吟鞭东指即天涯。[龚自珍《己亥杂诗》(其五)]②极远之地,表现游子思乡之情。如:夕阳西下,断肠人在天涯。(马致远《天净沙·秋思》)",远地与人物离愁、断肠关系要合看，豪放和悲苦可以兼有。,CN-POEM-C02,151-200/full.md第1347行
