类型,原要点,来源编号,定位
劝说,"(1)根据对方的身份、年龄、职业等确定合适称呼。(2)明确就什么问题劝说别人、劝说的目的和要达到的结果。(3)注意用语礼貌、委婉,做到尊重他人。",CN-ACT-A01,151-200/full.md第139行；原表跨实际PDF第4—5页，边栏另行识别
建议,"(1)紧紧围绕所要解决的问题从不同角度思考解决方案。(2)联系生活实际,力求使解决方案切实可行。(3)明确表达希望他人怎么做。",CN-ACT-A01,151-200/full.md第139行；原表跨实际PDF第4—5页，边栏另行识别
讲述,"(1)注意讲述的对象与场合。(2)重点突出,条理清楚,运用一些说话技巧。(3)注意口语表达的特点。",CN-ACT-A01,151-200/full.md第139行；原表跨实际PDF第4—5页，边栏另行识别
复述与转述,"(1)把握信息要点,弄清所强调的信息。(2)根据说话对象,抓住时间、地点以及人称的变化。(3)表达得体、简明,注意说话者的身份、说话场合等因素。",CN-ACT-A01,151-200/full.md第139行；原表跨实际PDF第4—5页，边栏另行识别
应对,"(1)准确判断对方态度。(2)掌握一定的应对技巧,如自嘲、巧换概念、针锋相对等。",CN-ACT-A01,151-200/full.md第139行；原表跨实际PDF第4—5页，边栏另行识别
采访,"(1)明确对象,考虑采访对象的身份、地位、知识水平等。(2)采访主题明确,让受访者有话可说。(3)所设问题具体清晰,能触及事件本质,反映事物本来面貌。(4)用语得体,根据情况选择发言。",CN-ACT-A01,151-200/full.md第139行；原表跨实际PDF第4—5页，边栏另行识别
谈观点、看法,"(1)表明自己的观点或态度。(2)引用材料或结合生活实际摆事实,讲道理。(3)最后总结陈述,强调观点或发出号召。",CN-ACT-A01,151-200/full.md第139行；原表跨实际PDF第4—5页，边栏另行识别
讨论,"(1)围绕议题有的放矢,突出重点。(2)理性客观地发表意见,言无不尽,包容合作。",CN-ACT-A01,151-200/full.md第139行；原表跨实际PDF第4—5页，边栏另行识别
邀请语,"(1)使用恰当的称呼、礼貌的问候语。(2)进行自我介绍,包括姓名、身份等;阐明活动要点,包括时间、地点、活动名称等。(3)委婉询问对方能否出席。",CN-ACT-A01,151-200/full.md第139行；原表跨实际PDF第4—5页，边栏另行识别
辩论,"(1)旗帜鲜明地亮出自己的观点,声情并茂。(2)运用论据支撑自己的观点,保持己方观点一致。(3)语言严谨准确,简洁有力。",CN-ACT-A01,151-200/full.md第139行；原表跨实际PDF第4—5页，边栏另行识别
即席讲话,"(1)根据背景、场合确定说什么、怎么说,以当时的人、事、景、物、情为切入点,让自己的讲话妥当、得体。(2)不宜长篇大论,要观点明确,针对性强。(3)语言特色鲜明。",CN-ACT-A01,151-200/full.md第139行；原表跨实际PDF第4—5页，边栏另行识别
开场白,"(1)明确参与活动的对象,采用合适的称呼语和问候语。(2)紧扣活动主题,介绍活动的内容、方式等要素。(3)营造氛围,引出下面的活动,语言有感染力和号召力。",CN-ACT-A01,151-200/full.md第139行；原表跨实际PDF第4—5页，边栏另行识别
串词,"(1)确定串联点和情境,扩展语句。(2)运用修辞手法、描写方法等,使语言有文采。(3)可以使用祈使句引出活动。",CN-ACT-A01,151-200/full.md第139行；原表跨实际PDF第4—5页，边栏另行识别
结束语,"(1)采用合适的称呼。(2)概括活动内容,对参与人员表示感谢。(3)指出活动的目的、意义,表达对下一次活动的期待。",CN-ACT-A01,151-200/full.md第139行；原表跨实际PDF第4—5页，边栏另行识别
介绍、推荐语,"(1)人物介绍、推荐语:1述说人物的主要事迹;2抓住人物的精神品质,准确描述,阐明理由;3客观准确评价人物。(2)事物介绍、推荐语:1明确事物特点,如性状、作用等;2介绍事物主要特点或阐述推荐理由;3条理清晰,言简意赅。(3)风景介绍、推荐语:1述说风景的名称、特色;2追溯历史渊源,讲述趣味故事;3表明赞赏之情,强化其吸引力。",CN-ACT-A01,151-200/full.md第139行；原表跨实际PDF第4—5页，边栏另行识别
颁奖词,"(1)要高度概括获奖者的闪光点。(2)语言风格应根据获奖者的不同而有所不同。或明快,或凝重,或平和,或庄严,做到和谐得体。(3)话语要准确中肯,感情要真挚动人。",CN-ACT-A01,151-200/full.md第139行；原表跨实际PDF第4—5页，边栏另行识别
感谢语,"(1)审清情境,明确感谢的对象,开头要有礼貌的称呼。(2)表明事由,向对方表达感谢。(3)用语亲切,饱含真情,表达对对方的关心和祝愿。(4)再次感谢对方的关心与帮助。",CN-ACT-A01,151-200/full.md第139行；原表跨实际PDF第4—5页，边栏另行识别
