表类,类型,结构与特征,原例句,使用边界,分册,原文件,原文行号
句子成分,主语,"被陈述的对象,常由名词、代词或短语充当,指明说的是“谁”或“什么”。｜主语下双线","龙须沟啊,不是坏地方。",按实际意义与结构关系判断；原典型例句不是所有语境的排他规则。 符号按已核实际PDF第36页恢复，OCR将单双线识成同形。,51-100,732ab222-dcbb-4b77-abef-8c7b41f456c2_origin.pdf,3188
句子成分,谓语,"陈述主语的动作、行为等,常由动词、形容词或短语充当,说明主语“做什么”或“怎么样”。｜谓语下单线",我赞美白杨树!,按实际意义与结构关系判断；原典型例句不是所有语境的排他规则。 符号按已核实际PDF第36页恢复，OCR将单双线识成同形。,51-100,732ab222-dcbb-4b77-abef-8c7b41f456c2_origin.pdf,3188
句子成分,宾语,"谓语支配的对象,表示动作、行为涉及的人或事物,回答“谁”或“什么”一类的问题,能作主语的词或短语一般都能作宾语。｜宾语下波浪线",她从来不打骂我们。,按实际意义与结构关系判断；原典型例句不是所有语境的排他规则。 符号按已核实际PDF第36页恢复，OCR将单双线识成同形。,51-100,732ab222-dcbb-4b77-abef-8c7b41f456c2_origin.pdf,3188
句子成分,定语,"名词前的修饰语,用来修饰、限制名词,常由名词、代词、形容词、数量词或短语充当,说明人或事物的性状、数量、所属等,分为描写性定语和限制性定语。｜圆括号",(肥胖)的黄蜂伏在菜花上。定语重要标志,按实际意义与结构关系判断；原典型例句不是所有语境的排他规则。 符号按已核实际PDF第36页恢复，OCR将单双线识成同形。,51-100,732ab222-dcbb-4b77-abef-8c7b41f456c2_origin.pdf,3188
句子成分,状语,"动词或形容词前的修饰语,用来修饰、限制动词或形容词,常由形容词、副词或介宾短语充当,表示动作、行为的方式、时间、处所、程度等。｜方括号",他们[轻飘飘]地浮在水上。状语重要标志,按实际意义与结构关系判断；原典型例句不是所有语境的排他规则。 符号按已核实际PDF第36页恢复，OCR将单双线识成同形。,51-100,732ab222-dcbb-4b77-abef-8c7b41f456c2_origin.pdf,3188
句子成分,补语,"谓语的补充成分,用来补充说明动作、行为的情态、结果、程度、趋向、时间、处所、数量等,常由形容词、动词、副词、数量词或介宾短语充当。｜尖括号",厚厚的积雪把一切都盖得〈严严实实〉。补语重要标志,按实际意义与结构关系判断；原典型例句不是所有语境的排他规则。 符号按已核实际PDF第36页恢复，OCR将单双线识成同形。,51-100,732ab222-dcbb-4b77-abef-8c7b41f456c2_origin.pdf,3188
语气分类,陈述句,肯定句｜用“是”字句或一般肯定句表达。,蓝天上飘着白云。,按实际意义与结构关系判断；原典型例句不是所有语境的排他规则。,51-100,732ab222-dcbb-4b77-abef-8c7b41f456c2_origin.pdf,3212
语气分类,陈述句,否定句｜句中有“不”“没有”等表否定的词。,他没有读过书。,按实际意义与结构关系判断；原典型例句不是所有语境的排他规则。,51-100,732ab222-dcbb-4b77-abef-8c7b41f456c2_origin.pdf,3212
语气分类,句子结尾用问号疑问句,特指问｜用疑问代词或由它组成的短语表示疑问。,她是谁?,按实际意义与结构关系判断；原典型例句不是所有语境的排他规则。,51-100,732ab222-dcbb-4b77-abef-8c7b41f456c2_origin.pdf,3212
语气分类,句子结尾用问号疑问句,是非问｜用陈述句加疑问语调(疑问词)提问。,这条项链你喜欢吗?,按实际意义与结构关系判断；原典型例句不是所有语境的排他规则。,51-100,732ab222-dcbb-4b77-abef-8c7b41f456c2_origin.pdf,3212
语气分类,句子结尾用问号疑问句,选择问｜要求对方从并列项目中选一种回答。,你是走还是留在这儿?,按实际意义与结构关系判断；原典型例句不是所有语境的排他规则。,51-100,732ab222-dcbb-4b77-abef-8c7b41f456c2_origin.pdf,3212
语气分类,句子结尾用问号疑问句,正反问｜用肯定、否定相叠的方式提问。,你有没有听懂我的话?,按实际意义与结构关系判断；原典型例句不是所有语境的排他规则。,51-100,732ab222-dcbb-4b77-abef-8c7b41f456c2_origin.pdf,3212
语气分类,祈使句,"祈使句｜表示命令、请求、劝阻等,多用省略句或非主谓句加祈使语调表达。",请您尽快来我家里!,按实际意义与结构关系判断；原典型例句不是所有语境的排他规则。,51-100,732ab222-dcbb-4b77-abef-8c7b41f456c2_origin.pdf,3212
语气分类,感叹句,"感叹句｜表示某种强烈的感情,有的感叹句由叹词构成。",天气真好啊!,按实际意义与结构关系判断；原典型例句不是所有语境的排他规则。,51-100,732ab222-dcbb-4b77-abef-8c7b41f456c2_origin.pdf,3212
单句结构,主谓句,名词谓语句｜名词性词语充当谓语。,明天圣诞节。,按实际意义与结构关系判断；原典型例句不是所有语境的排他规则。,51-100,732ab222-dcbb-4b77-abef-8c7b41f456c2_origin.pdf,3216
单句结构,主谓句,动词谓语句｜动词性词语充当谓语。,汽车开走了。,按实际意义与结构关系判断；原典型例句不是所有语境的排他规则。,51-100,732ab222-dcbb-4b77-abef-8c7b41f456c2_origin.pdf,3216
单句结构,主谓句,形容词谓语句｜形容词性词语充当谓语。,他非常健康。,按实际意义与结构关系判断；原典型例句不是所有语境的排他规则。,51-100,732ab222-dcbb-4b77-abef-8c7b41f456c2_origin.pdf,3216
单句结构,非主谓句,名词性非主谓句｜由名词或定中短语构成。,蝴蝶!,按实际意义与结构关系判断；原典型例句不是所有语境的排他规则。,51-100,732ab222-dcbb-4b77-abef-8c7b41f456c2_origin.pdf,3216
单句结构,非主谓句,动词性非主谓句｜由动词构成。,站住!,按实际意义与结构关系判断；原典型例句不是所有语境的排他规则。,51-100,732ab222-dcbb-4b77-abef-8c7b41f456c2_origin.pdf,3216
单句结构,非主谓句,形容词性非主谓句｜由形容词或形容词性短语构成。,漂亮极了!,按实际意义与结构关系判断；原典型例句不是所有语境的排他规则。,51-100,732ab222-dcbb-4b77-abef-8c7b41f456c2_origin.pdf,3216
单句结构,非主谓句,感叹句｜由叹词构成。,哎呀!,按实际意义与结构关系判断；原典型例句不是所有语境的排他规则。,51-100,732ab222-dcbb-4b77-abef-8c7b41f456c2_origin.pdf,3216
单句结构,非主谓句,拟声词句｜由拟声词构成。,哗哗!,按实际意义与结构关系判断；原典型例句不是所有语境的排他规则。,51-100,732ab222-dcbb-4b77-abef-8c7b41f456c2_origin.pdf,3216
特殊句式,“把”字句,用“把”字把动词所涉及的对象放在动词之前的一种句型。｜主语+“把”+宾语+谓语动词,我们把房间打扫一下。,按实际意义与结构关系判断；原典型例句不是所有语境的排他规则。,51-100,732ab222-dcbb-4b77-abef-8c7b41f456c2_origin.pdf,3220
特殊句式,“被”字句,"主语是受事者,动词前用“被”引出施事者。｜主语(受事者)+“被”+宾语(施事者)+谓语动词",我被这动人情景吸引了。,按实际意义与结构关系判断；原典型例句不是所有语境的排他规则。,51-100,732ab222-dcbb-4b77-abef-8c7b41f456c2_origin.pdf,3220
特殊句式,“是”字句,由表判断的动词“是”和它的宾语构成的动宾短语作谓语的句子。｜主语+“(不)是”+宾语,正方形是四条边等长的四边形。,按实际意义与结构关系判断；原典型例句不是所有语境的排他规则。 原正方形示例只给四边等长的必要性质，不能作完整数学定义，还需直角条件；本行用途是语法结构。,51-100,732ab222-dcbb-4b77-abef-8c7b41f456c2_origin.pdf,3263
特殊句式,连谓句,"谓语由两个或两个以上的动词或动词性短语连接而成。在意思上每一个动词都与同一个主语构成主谓关系。谓语之间没有语音停顿,次序也不能颠倒。｜谓语由两个或两个以上的动词或动词性短语连接而成。在意思上每一个动词都与同一个主语构成主谓关系。谓语之间没有语音停顿,次序也不能颠倒。",我去图书馆借本书。,按实际意义与结构关系判断；原典型例句不是所有语境的排他规则。,51-100,732ab222-dcbb-4b77-abef-8c7b41f456c2_origin.pdf,3263
特殊句式,兼语句,"由一个动宾短语套叠一个主谓短语当谓语,前面动宾短语的宾语同时是后面主谓短语的主语,常用使令性动词“叫”“让”“派”“使”“请”“命令”“号召”等,有时也用“有”。｜由一个动宾短语套叠一个主谓短语当谓语,前面动宾短语的宾语同时是后面主谓短语的主语,常用使令性动词“叫”“让”“派”“使”“请”“命令”“号召”等,有时也用“有”。",你叫他进来。,按实际意义与结构关系判断；原典型例句不是所有语境的排他规则。,51-100,732ab222-dcbb-4b77-abef-8c7b41f456c2_origin.pdf,3263
特殊句式,存现句,"主语由表示处所或时间的词语充当;表示存在或隐现的动词充当谓语;从语义看,宾语多为动作的发出者。｜处所词(时间词)+存现动词+名词",天空中飞着一只老鹰。,按实际意义与结构关系判断；原典型例句不是所有语境的排他规则。,51-100,732ab222-dcbb-4b77-abef-8c7b41f456c2_origin.pdf,3263
特殊句式,双宾句,"谓语中心语之后先后出现近宾语、远宾语,并且两个宾语间没有结构关系。｜谓语中心语之后先后出现近宾语、远宾语,并且两个宾语间没有结构关系。",妈妈告诉我一个坏消息。,按实际意义与结构关系判断；原典型例句不是所有语境的排他规则。,51-100,732ab222-dcbb-4b77-abef-8c7b41f456c2_origin.pdf,3263
复句关系,并列复句,"分别叙述几件事情或说明相关的几种情况,分句是并列关系,没有主次之分。｜也,又,并且,又......又......,既......又,一边......一边......,一方面......另一方面......,不是......而是......","我一边吃饭,一边看电视。",按实际意义与结构关系判断；原典型例句不是所有语境的排他规则。 分句关系以内容核，关联词可省；假设与条件有联系，不能只据虚拟现实二分全部用法。,51-100,732ab222-dcbb-4b77-abef-8c7b41f456c2_origin.pdf,3275
复句关系,承接复句,"也叫顺承复句。分句间的关系是时间、动作上的承接,前后分句表示的情况是连续发生的。｜一......就......,于是,然后,便,首先......接着......","雨停了,于是大家纷纷走出家门。",按实际意义与结构关系判断；原典型例句不是所有语境的排他规则。 分句关系以内容核，关联词可省；假设与条件有联系，不能只据虚拟现实二分全部用法。,51-100,732ab222-dcbb-4b77-abef-8c7b41f456c2_origin.pdf,3275
复句关系,递进复句,"后一分句表示的意思比前一分句更进一层,一般为由小到大、由少到多、由浅到深、由轻到重、由易到难。｜不但(不仅、不光、不只)......而且(并且)......,何况,不但......反而......,况且,尚且......何况(更)......,还","见面尚且怕,更不必说向他提意见了。",按实际意义与结构关系判断；原典型例句不是所有语境的排他规则。 分句关系以内容核，关联词可省；假设与条件有联系，不能只据虚拟现实二分全部用法。,51-100,732ab222-dcbb-4b77-abef-8c7b41f456c2_origin.pdf,3275
复句关系,选择复句,"表示两种可能的情况有所取舍(取舍选择句)或只提出几种可能的情况(无取舍选择句)。｜或者......或者......,不是......就是......,要么......要么......,是......还是......,与其......不如......,宁可......也不......","不是你去,就是我去。",按实际意义与结构关系判断；原典型例句不是所有语境的排他规则。 分句关系以内容核，关联词可省；假设与条件有联系，不能只据虚拟现实二分全部用法。,51-100,732ab222-dcbb-4b77-abef-8c7b41f456c2_origin.pdf,3275
复句关系,转折复句,"前后分句的意思是相反或相对的。｜虽然(固然、尽管)......但是(可是、却、也)......,不过","我虽然年龄小,但是很坚强。",按实际意义与结构关系判断；原典型例句不是所有语境的排他规则。 分句关系以内容核，关联词可省；假设与条件有联系，不能只据虚拟现实二分全部用法。,51-100,732ab222-dcbb-4b77-abef-8c7b41f456c2_origin.pdf,3275
复句关系,因果复句,"一个分句说明原因,另一个分句说明这个原因产生的结果;或前一个分句提出依据或前提,后一个分句得出结论。｜说明因果关系......所以(因此、因而)......,因为(由于)......所以......,之所以......是因为......,既然......就(便、那么)......推论因果关系","既然懂得时间宝贵,那么就不要浪费一分一秒。",按实际意义与结构关系判断；原典型例句不是所有语境的排他规则。 分句关系以内容核，关联词可省；假设与条件有联系，不能只据虚拟现实二分全部用法。,51-100,732ab222-dcbb-4b77-abef-8c7b41f456c2_origin.pdf,3275
复句关系,假设复句,"前一个分句假设存在或出现了某种情况,后一个分句说明产生的结果。｜如果(假如、倘若、要是)......就(那么)......,即使(纵使、哪怕)......也(还是)......","即使工作再困难,他也不会退缩的。",按实际意义与结构关系判断；原典型例句不是所有语境的排他规则。 分句关系以内容核，关联词可省；假设与条件有联系，不能只据虚拟现实二分全部用法。,51-100,732ab222-dcbb-4b77-abef-8c7b41f456c2_origin.pdf,3275
复句关系,条件复句9,"前一个分句提出条件,后一个分句说明在这种条件下产生的结果。｜只要......就......,只有......才......,除非......否则......,不论(无论、不管、任凭)......都(也、还)......","除非身体支撑不住,否则他不会离开自己的工作岗位。",按实际意义与结构关系判断；原典型例句不是所有语境的排他规则。 分句关系以内容核，关联词可省；假设与条件有联系，不能只据虚拟现实二分全部用法。,51-100,732ab222-dcbb-4b77-abef-8c7b41f456c2_origin.pdf,3275
复句关系,总分复句,"由总提和分说两部分组成。通常总提是一个分句,分说与总提相对应,由几个分句构成。｜一般不用关联词","战争分为两类:一类是正义的,一类是非正义的。",按实际意义与结构关系判断；原典型例句不是所有语境的排他规则。 分句关系以内容核，关联词可省；假设与条件有联系，不能只据虚拟现实二分全部用法。,51-100,732ab222-dcbb-4b77-abef-8c7b41f456c2_origin.pdf,3275
复句关系,目的复句,"前一个分句表示一种行为,后一个分句表示这种行为的目的。｜......以求......,......为的是......,......以免......,......省得......",他如此努力为的是在期末考出好成绩。,按实际意义与结构关系判断；原典型例句不是所有语境的排他规则。 分句关系以内容核，关联词可省；假设与条件有联系，不能只据虚拟现实二分全部用法。,51-100,732ab222-dcbb-4b77-abef-8c7b41f456c2_origin.pdf,3275
