分类,名称,形式,主要用途,适用边界与资料范围,来源
点号,句号,。,完整陈述或较缓祈使感叹结束,原有例句；反问原例的规范差异单独说明,CN-PUN-K01；CN-PUN-K12
点号,问号,？,疑问语段结束；选择问通常全句末,原有例句；不能按疑问词单独判断,CN-PUN-K01；CN-PUN-K12
点号,叹号,！,强烈语气或短促声音结束,原有例句；强烈问叹兼有可？！，不随意连用,CN-PUN-K01；CN-PUN-K12
点号,逗号,，,句内一般停顿,原有例句；不是所有换气处,CN-PUN-K01；CN-PUN-K12
点号,顿号,、,同层并列词语或某些序次停顿,原有例句及原题；概数与准确缩略不同,CN-PUN-K01；CN-PUN-K12
点号,分号,；,复句较高层分组或分项列举,原有例句及原题；非并列多重复句也可用,CN-PUN-K01；CN-PUN-K12
点号,冒号,：,提示解释、总结或称谓后,原有例句；提示范围须与后文一致,CN-PUN-K01；CN-PUN-K12
标号,引号,“”及‘’,直接引用或特别指出成分,原有例句及原题；嵌套外双内单,CN-PUN-K01；CN-PUN-K12
标号,括号,（）［］〔〕【】,附注、补充、出处等,原有例句；六角形按原页恢复，内外点号分查,CN-PUN-K01；CN-PUN-K12
标号,破折号,——,说明、总结提示、话题声音语意变化,原有五组例句；保持两格完整,CN-PUN-K01；CN-PUN-K12
标号,省略号,……,省文省项、意思未尽、讲话断续,原有例句及辨析；六点两格，不同功能分别判,CN-PUN-K01；CN-PUN-K12
标号,着重号,文字下方的点,强调或指明需要注意的文字,原有功能说明，未配该符号独立例题,CN-PUN-K01；CN-PUN-K12
标号,连接号,-、—、～,相关成分连接,原有功能说明，未配该符号独立例题；不可等同破折号,CN-PUN-K01；CN-PUN-K12
标号,间隔号,·,外国或少数民族人名内部、标题等成分分界,原有功能说明及沁园春·雪；中点非句号,CN-PUN-K01；CN-PUN-K12
标号,书名号,《》及〈〉,作品、报刊、文件等名称,原有例句及原题；活动主题另用引号,CN-PUN-K01；CN-PUN-K12
标号,专名号,文字下方横线,古籍或某些文史著作中专有名词,原有功能说明，未配该符号独立例题,CN-PUN-K01；CN-PUN-K12
标号,分隔号,/,诗行节拍或相关文字分界,原有功能说明，未配该符号独立例题,CN-PUN-K01；CN-PUN-K12
