拼写,原位置条件,教学读音,原例词,适用边界,来源
a,重读开音节中,/eɪ/,"name,late,take",按英式常见读音；after/class/dance等有英美差别，hospital弱尾可写ə+l或成音节l，不必绝对无音。,EN-PHONSPELL-K01；e649526f-aac7-4e02-b645-509d5acfb147_origin.pdf实际PDF12页；full.md1596—1598行
a,重读闭音节中,/æ/,"that,man,fat,bag,glad",按英式常见读音；after/class/dance等有英美差别，hospital弱尾可写ə+l或成音节l，不必绝对无音。,EN-PHONSPELL-K01；e649526f-aac7-4e02-b645-509d5acfb147_origin.pdf实际PDF12页；full.md1596—1598行
a,非重读音节中,/ə/,"China,about,Christmas",按英式常见读音；after/class/dance等有英美差别，hospital弱尾可写ə+l或成音节l，不必绝对无音。,EN-PHONSPELL-K01；e649526f-aac7-4e02-b645-509d5acfb147_origin.pdf实际PDF12页；full.md1596—1598行
a,非重读音节中,/ɪ/,village,按英式常见读音；after/class/dance等有英美差别，hospital弱尾可写ə+l或成音节l，不必绝对无音。,EN-PHONSPELL-K01；e649526f-aac7-4e02-b645-509d5acfb147_origin.pdf实际PDF12页；full.md1596—1598行
a,非重读音节中,不发音,hospital,按英式常见读音；after/class/dance等有英美差别，hospital弱尾可写ə+l或成音节l，不必绝对无音。,EN-PHONSPELL-K01；e649526f-aac7-4e02-b645-509d5acfb147_origin.pdf实际PDF12页；full.md1596—1598行
a,在ft、ss、st、sp、sk、th、n(ce)之前,/ɑː/,"after,class,past,grasp,basket,father,dance",按英式常见读音；after/class/dance等有英美差别，hospital弱尾可写ə+l或成音节l，不必绝对无音。,EN-PHONSPELL-K01；e649526f-aac7-4e02-b645-509d5acfb147_origin.pdf实际PDF12页；full.md1596—1598行
a,在w或wh之后,/ɒ/,"watch,wash,want,what",按英式常见读音；after/class/dance等有英美差别，hospital弱尾可写ə+l或成音节l，不必绝对无音。,EN-PHONSPELL-K01；e649526f-aac7-4e02-b645-509d5acfb147_origin.pdf实际PDF12页；full.md1596—1598行
a,在w或wh之后,/ɔː/,water,按英式常见读音；after/class/dance等有英美差别，hospital弱尾可写ə+l或成音节l，不必绝对无音。,EN-PHONSPELL-K01；e649526f-aac7-4e02-b645-509d5acfb147_origin.pdf实际PDF12页；full.md1596—1598行
e,重读开音节中,/iː/,"he,me,she,these",非重读弱元音或无声需认具体e，concentrate是词尾silent e，不能把所有非重读e皆省。,EN-PHONSPELL-K02；e649526f-aac7-4e02-b645-509d5acfb147_origin.pdf实际PDF12页；full.md1600—1602行
e,重读闭音节中,/e/,"forget,let,desk",非重读弱元音或无声需认具体e，concentrate是词尾silent e，不能把所有非重读e皆省。,EN-PHONSPELL-K02；e649526f-aac7-4e02-b645-509d5acfb147_origin.pdf实际PDF12页；full.md1600—1602行
e,重读闭音节中,/ɪ/,"English,England",非重读弱元音或无声需认具体e，concentrate是词尾silent e，不能把所有非重读e皆省。,EN-PHONSPELL-K02；e649526f-aac7-4e02-b645-509d5acfb147_origin.pdf实际PDF12页；full.md1600—1602行
e,非重读音节中,/ɪ/,begin,非重读弱元音或无声需认具体e，concentrate是词尾silent e，不能把所有非重读e皆省。,EN-PHONSPELL-K02；e649526f-aac7-4e02-b645-509d5acfb147_origin.pdf实际PDF12页；full.md1600—1602行
e,非重读音节中,/ə/,"open,moment,cinema",非重读弱元音或无声需认具体e，concentrate是词尾silent e，不能把所有非重读e皆省。,EN-PHONSPELL-K02；e649526f-aac7-4e02-b645-509d5acfb147_origin.pdf实际PDF12页；full.md1600—1602行
e,非重读音节中,不发音,concentrate,非重读弱元音或无声需认具体e，concentrate是词尾silent e，不能把所有非重读e皆省。,EN-PHONSPELL-K02；e649526f-aac7-4e02-b645-509d5acfb147_origin.pdf实际PDF12页；full.md1600—1602行
e,在词尾,不发音,"nurse,table,nice",非重读弱元音或无声需认具体e，concentrate是词尾silent e，不能把所有非重读e皆省。,EN-PHONSPELL-K02；e649526f-aac7-4e02-b645-509d5acfb147_origin.pdf实际PDF12页；full.md1600—1602行
i,重读开音节中,/aɪ/,"bike, mine, like",先核重音；nd/ld、尾se/ze是此表实例条件，不保证未知词无例外。,EN-PHONSPELL-K03；e649526f-aac7-4e02-b645-509d5acfb147_origin.pdf实际PDF12页；full.md1604—1610行
i,重读闭音节中,/ɪ/,"big, sit, hill, him, his",先核重音；nd/ld、尾se/ze是此表实例条件，不保证未知词无例外。,EN-PHONSPELL-K03；e649526f-aac7-4e02-b645-509d5acfb147_origin.pdf实际PDF12页；full.md1604—1610行
i,非重读音节中,/ə/,"holiday,family",先核重音；nd/ld、尾se/ze是此表实例条件，不保证未知词无例外。,EN-PHONSPELL-K03；e649526f-aac7-4e02-b645-509d5acfb147_origin.pdf实际PDF12页；full.md1604—1610行
i,非重读音节中,/ɪ/,"visit,chemical",先核重音；nd/ld、尾se/ze是此表实例条件，不保证未知词无例外。,EN-PHONSPELL-K03；e649526f-aac7-4e02-b645-509d5acfb147_origin.pdf实际PDF12页；full.md1604—1610行
i,在nd、ld前,/aɪ/,"find,child,wild",先核重音；nd/ld、尾se/ze是此表实例条件，不保证未知词无例外。,EN-PHONSPELL-K03；e649526f-aac7-4e02-b645-509d5acfb147_origin.pdf实际PDF12页；full.md1604—1610行
i,在词尾的se或ze之前,/aɪ/,"exercise,organize",先核重音；nd/ld、尾se/ze是此表实例条件，不保证未知词无例外。,EN-PHONSPELL-K03；e649526f-aac7-4e02-b645-509d5acfb147_origin.pdf实际PDF12页；full.md1604—1610行
o,重读开音节中,/əʊ/,"no,photo,close,smoke",先区分重音和具体o；into/onto弱/u/不等书中book短/ʊ/；person/cotton尾可弱ə+n或成音节n。,EN-PHONSPELL-K04；e649526f-aac7-4e02-b645-509d5acfb147_origin.pdf实际PDF12页；full.md1612—1614行
o,重读闭音节中,/ɒ/,"hot,long,shop,box",先区分重音和具体o；into/onto弱/u/不等书中book短/ʊ/；person/cotton尾可弱ə+n或成音节n。,EN-PHONSPELL-K04；e649526f-aac7-4e02-b645-509d5acfb147_origin.pdf实际PDF12页；full.md1612—1614行
o,非重读音节中,/ə/,"collect,second",先区分重音和具体o；into/onto弱/u/不等书中book短/ʊ/；person/cotton尾可弱ə+n或成音节n。,EN-PHONSPELL-K04；e649526f-aac7-4e02-b645-509d5acfb147_origin.pdf实际PDF12页；full.md1612—1614行
o,非重读音节中,/u/,"into,onto",先区分重音和具体o；into/onto弱/u/不等书中book短/ʊ/；person/cotton尾可弱ə+n或成音节n。,EN-PHONSPELL-K04；e649526f-aac7-4e02-b645-509d5acfb147_origin.pdf实际PDF12页；full.md1612—1614行
o,非重读音节中,不发音,"person,cotton",先区分重音和具体o；into/onto弱/u/不等书中book短/ʊ/；person/cotton尾可弱ə+n或成音节n。,EN-PHONSPELL-K04；e649526f-aac7-4e02-b645-509d5acfb147_origin.pdf实际PDF12页；full.md1612—1614行
o,在m、n、v、th之前,/ʌ/,"some,son,love,mother",先区分重音和具体o；into/onto弱/u/不等书中book短/ʊ/；person/cotton尾可弱ə+n或成音节n。,EN-PHONSPELL-K04；e649526f-aac7-4e02-b645-509d5acfb147_origin.pdf实际PDF12页；full.md1612—1614行
o,在st、ld、th之前,/əʊ/,"post,old,both",先区分重音和具体o；into/onto弱/u/不等书中book短/ʊ/；person/cotton尾可弱ə+n或成音节n。,EN-PHONSPELL-K04；e649526f-aac7-4e02-b645-509d5acfb147_origin.pdf实际PDF12页；full.md1612—1614行
u,重读开音节中,/juː/,"use,student,duty",u可/juː ʌ ʊ uː/，l/r/j条件按实际字母l而非数字1；读音有口音与弱化差别。,EN-PHONSPELL-K05；e649526f-aac7-4e02-b645-509d5acfb147_origin.pdf实际PDF12页；full.md1616—1618行
u,重读闭音节中,/ʌ/,"sun,but,cut",u可/juː ʌ ʊ uː/，l/r/j条件按实际字母l而非数字1；读音有口音与弱化差别。,EN-PHONSPELL-K05；e649526f-aac7-4e02-b645-509d5acfb147_origin.pdf实际PDF12页；full.md1616—1618行
u,重读闭音节中,/ʊ/,"put,full,pull",u可/juː ʌ ʊ uː/，l/r/j条件按实际字母l而非数字1；读音有口音与弱化差别。,EN-PHONSPELL-K05；e649526f-aac7-4e02-b645-509d5acfb147_origin.pdf实际PDF12页；full.md1616—1618行
u,非重读音节中,/ə/,difficult,u可/juː ʌ ʊ uː/，l/r/j条件按实际字母l而非数字1；读音有口音与弱化差别。,EN-PHONSPELL-K05；e649526f-aac7-4e02-b645-509d5acfb147_origin.pdf实际PDF12页；full.md1616—1618行
u,非重读音节中,/ʊ/,July,u可/juː ʌ ʊ uː/，l/r/j条件按实际字母l而非数字1；读音有口音与弱化差别。,EN-PHONSPELL-K05；e649526f-aac7-4e02-b645-509d5acfb147_origin.pdf实际PDF12页；full.md1616—1618行
u,非重读音节中,/ɪ/,minute,u可/juː ʌ ʊ uː/，l/r/j条件按实际字母l而非数字1；读音有口音与弱化差别。,EN-PHONSPELL-K05；e649526f-aac7-4e02-b645-509d5acfb147_origin.pdf实际PDF12页；full.md1616—1618行
u,"在重读音节中,且在1、r、j之后",/uː/,"lunar,rule,June",u可/juː ʌ ʊ uː/，l/r/j条件按实际字母l而非数字1；读音有口音与弱化差别。,EN-PHONSPELL-K05；e649526f-aac7-4e02-b645-509d5acfb147_origin.pdf实际PDF12页；full.md1616—1618行
b,在多数情况下,/b/,"blue, black, boy, blind, bank",单字母受邻音和词义影响，原示例不是排他定律；后缀-s看前音，咝擦含ʒ，词根s不套后缀规则。,EN-PHONSPELL-K06；e649526f-aac7-4e02-b645-509d5acfb147_origin.pdf实际PDF13页；full.md1620—1622行
b,在词尾 mb 或 bt 中,不发音,"climb, doubt",单字母受邻音和词义影响，原示例不是排他定律；后缀-s看前音，咝擦含ʒ，词根s不套后缀规则。,EN-PHONSPELL-K06；e649526f-aac7-4e02-b645-509d5acfb147_origin.pdf实际PDF13页；full.md1620—1622行
c,在 e、i、y 等前,/s/,"rice, city, bicycle",单字母受邻音和词义影响，原示例不是排他定律；后缀-s看前音，咝擦含ʒ，词根s不套后缀规则。,EN-PHONSPELL-K06；e649526f-aac7-4e02-b645-509d5acfb147_origin.pdf实际PDF13页；full.md1620—1622行
c,在元音字母 a、o、u 和辅音字母 l、r 前及词尾,/k/,"American, call, become, excuse, class, cry, music",单字母受邻音和词义影响，原示例不是排他定律；后缀-s看前音，咝擦含ʒ，词根s不套后缀规则。,EN-PHONSPELL-K06；e649526f-aac7-4e02-b645-509d5acfb147_origin.pdf实际PDF13页；full.md1620—1622行
c,(有时)在 e 之前,/ʃ/,ocean,单字母受邻音和词义影响，原示例不是排他定律；后缀-s看前音，咝擦含ʒ，词根s不套后缀规则。,EN-PHONSPELL-K06；e649526f-aac7-4e02-b645-509d5acfb147_origin.pdf实际PDF13页；full.md1620—1622行
d,在一般情况下,/d/,"door, send, grade",单字母受邻音和词义影响，原示例不是排他定律；后缀-s看前音，咝擦含ʒ，词根s不套后缀规则。,EN-PHONSPELL-K06；e649526f-aac7-4e02-b645-509d5acfb147_origin.pdf实际PDF13页；full.md1620—1622行
d,少数情况下,不发音,"handsome, grandfather",单字母受邻音和词义影响，原示例不是排他定律；后缀-s看前音，咝擦含ʒ，词根s不套后缀规则。,EN-PHONSPELL-K06；e649526f-aac7-4e02-b645-509d5acfb147_origin.pdf实际PDF13页；full.md1620—1622行
f,在一般情况下,/f/,"wife, five, floor, fast",单字母受邻音和词义影响，原示例不是排他定律；后缀-s看前音，咝擦含ʒ，词根s不套后缀规则。,EN-PHONSPELL-K06；e649526f-aac7-4e02-b645-509d5acfb147_origin.pdf实际PDF13页；full.md1620—1622行
g,在多数情况下,/g/,"angry, hungry, glad",单字母受邻音和词义影响，原示例不是排他定律；后缀-s看前音，咝擦含ʒ，词根s不套后缀规则。,EN-PHONSPELL-K06；e649526f-aac7-4e02-b645-509d5acfb147_origin.pdf实际PDF13页；full.md1620—1622行
g,在字母 e 前,/dʒ/,"page, orange, stage",单字母受邻音和词义影响，原示例不是排他定律；后缀-s看前音，咝擦含ʒ，词根s不套后缀规则。,EN-PHONSPELL-K06；e649526f-aac7-4e02-b645-509d5acfb147_origin.pdf实际PDF13页；full.md1620—1622行
h,在多数情况下,/h/,"history, home, high, half",单字母受邻音和词义影响，原示例不是排他定律；后缀-s看前音，咝擦含ʒ，词根s不套后缀规则。,EN-PHONSPELL-K06；e649526f-aac7-4e02-b645-509d5acfb147_origin.pdf实际PDF13页；full.md1620—1622行
h,在词首的少数情况下,不发音,"hour, honour",单字母受邻音和词义影响，原示例不是排他定律；后缀-s看前音，咝擦含ʒ，词根s不套后缀规则。,EN-PHONSPELL-K06；e649526f-aac7-4e02-b645-509d5acfb147_origin.pdf实际PDF13页；full.md1620—1622行
j,在一般情况下,/dʒ/,"just, join, Japanese, enjoy",单字母受邻音和词义影响，原示例不是排他定律；后缀-s看前音，咝擦含ʒ，词根s不套后缀规则。,EN-PHONSPELL-K06；e649526f-aac7-4e02-b645-509d5acfb147_origin.pdf实际PDF13页；full.md1620—1622行
k,在多数情况下,/k/,"kite, kiss, king, key",单字母受邻音和词义影响，原示例不是排他定律；后缀-s看前音，咝擦含ʒ，词根s不套后缀规则。,EN-PHONSPELL-K06；e649526f-aac7-4e02-b645-509d5acfb147_origin.pdf实际PDF13页；full.md1620—1622行
k,在/n/之前,不发音,"knife, know",单字母受邻音和词义影响，原示例不是排他定律；后缀-s看前音，咝擦含ʒ，词根s不套后缀规则。,EN-PHONSPELL-K06；e649526f-aac7-4e02-b645-509d5acfb147_origin.pdf实际PDF13页；full.md1620—1622行
l,通常情况下,/l/,"colour, learn, class, lesson, lost, little, middle",单字母受邻音和词义影响，原示例不是排他定律；后缀-s看前音，咝擦含ʒ，词根s不套后缀规则。,EN-PHONSPELL-K06；e649526f-aac7-4e02-b645-509d5acfb147_origin.pdf实际PDF13页；full.md1620—1622行
m,在一般情况下,/m/,"make, main, marry",单字母受邻音和词义影响，原示例不是排他定律；后缀-s看前音，咝擦含ʒ，词根s不套后缀规则。,EN-PHONSPELL-K06；e649526f-aac7-4e02-b645-509d5acfb147_origin.pdf实际PDF13页；full.md1620—1622行
n,在多数情况下,/n/,"November, nice, night",单字母受邻音和词义影响，原示例不是排他定律；后缀-s看前音，咝擦含ʒ，词根s不套后缀规则。,EN-PHONSPELL-K06；e649526f-aac7-4e02-b645-509d5acfb147_origin.pdf实际PDF13页；full.md1620—1622行
n,在/k/与/g/前,/ŋ/,"uncle, think, English",单字母受邻音和词义影响，原示例不是排他定律；后缀-s看前音，咝擦含ʒ，词根s不套后缀规则。,EN-PHONSPELL-K06；e649526f-aac7-4e02-b645-509d5acfb147_origin.pdf实际PDF13页；full.md1620—1622行
n,在/m/后且在词尾,不发音,autumn,单字母受邻音和词义影响，原示例不是排他定律；后缀-s看前音，咝擦含ʒ，词根s不套后缀规则。,EN-PHONSPELL-K06；e649526f-aac7-4e02-b645-509d5acfb147_origin.pdf实际PDF13页；full.md1620—1622行
p,在一般情况下,/p/,"pen, people",单字母受邻音和词义影响，原示例不是排他定律；后缀-s看前音，咝擦含ʒ，词根s不套后缀规则。,EN-PHONSPELL-K06；e649526f-aac7-4e02-b645-509d5acfb147_origin.pdf实际PDF13页；full.md1620—1622行
q,在词首的 qu 中,/kw/,"quiet, quite, quick",单字母受邻音和词义影响，原示例不是排他定律；后缀-s看前音，咝擦含ʒ，词根s不套后缀规则。,EN-PHONSPELL-K06；e649526f-aac7-4e02-b645-509d5acfb147_origin.pdf实际PDF13页；full.md1620—1622行
r,在一般情况下,/r/,"read, write, rice",单字母受邻音和词义影响，原示例不是排他定律；后缀-s看前音，咝擦含ʒ，词根s不套后缀规则。,EN-PHONSPELL-K06；e649526f-aac7-4e02-b645-509d5acfb147_origin.pdf实际PDF13页；full.md1620—1622行
s,在词首(多数情况下),/s/,"sit, sister, sea",单字母受邻音和词义影响，原示例不是排他定律；后缀-s看前音，咝擦含ʒ，词根s不套后缀规则。,EN-PHONSPELL-K06；e649526f-aac7-4e02-b645-509d5acfb147_origin.pdf实际PDF13页；full.md1620—1622行
s,在辅音字母前,/s/,"fast, test, task",单字母受邻音和词义影响，原示例不是排他定律；后缀-s看前音，咝擦含ʒ，词根s不套后缀规则。,EN-PHONSPELL-K06；e649526f-aac7-4e02-b645-509d5acfb147_origin.pdf实际PDF13页；full.md1620—1622行
s,在清辅音后及 在词尾双写时,/s/,"maths, perhaps, miss, across",单字母受邻音和词义影响，原示例不是排他定律；后缀-s看前音，咝擦含ʒ，词根s不套后缀规则。,EN-PHONSPELL-K06；e649526f-aac7-4e02-b645-509d5acfb147_origin.pdf实际PDF13页；full.md1620—1622行
s,在两个元音字母之间,/z/,"these,lose,surprise,visit",单字母受邻音和词义影响，原示例不是排他定律；后缀-s看前音，咝擦含ʒ，词根s不套后缀规则。,EN-PHONSPELL-K06；e649526f-aac7-4e02-b645-509d5acfb147_origin.pdf实际PDF13页；full.md1620—1622行
s,在元音或浊辅音后,/z/,"Tuesday,observe",单字母受邻音和词义影响，原示例不是排他定律；后缀-s看前音，咝擦含ʒ，词根s不套后缀规则。,EN-PHONSPELL-K06；e649526f-aac7-4e02-b645-509d5acfb147_origin.pdf实际PDF13页；full.md1620—1622行
s,在元音字母后且在词尾,/s/或/z/,"bus,this,is,has",单字母受邻音和词义影响，原示例不是排他定律；后缀-s看前音，咝擦含ʒ，词根s不套后缀规则。,EN-PHONSPELL-K06；e649526f-aac7-4e02-b645-509d5acfb147_origin.pdf实际PDF13页；full.md1620—1622行
s,在u、ia之前或在字母组合ssion中,/ʃ/,"sure,Russian,permission",单字母受邻音和词义影响，原示例不是排他定律；后缀-s看前音，咝擦含ʒ，词根s不套后缀规则。,EN-PHONSPELL-K06；e649526f-aac7-4e02-b645-509d5acfb147_origin.pdf实际PDF13页；full.md1620—1622行
s,(有时)在u之前,/ʒ/,"pleasure,usually",单字母受邻音和词义影响，原示例不是排他定律；后缀-s看前音，咝擦含ʒ，词根s不套后缀规则。,EN-PHONSPELL-K06；e649526f-aac7-4e02-b645-509d5acfb147_origin.pdf实际PDF13页；full.md1620—1622行
s,少数情况下,不发音,island,单字母受邻音和词义影响，原示例不是排他定律；后缀-s看前音，咝擦含ʒ，词根s不套后缀规则。,EN-PHONSPELL-K06；e649526f-aac7-4e02-b645-509d5acfb147_origin.pdf实际PDF13页；full.md1620—1622行
s,"作为后缀(-s),且在清辅音后",/s/,"works,stops",单字母受邻音和词义影响，原示例不是排他定律；后缀-s看前音，咝擦含ʒ，词根s不套后缀规则。,EN-PHONSPELL-K06；e649526f-aac7-4e02-b645-509d5acfb147_origin.pdf实际PDF13页；full.md1620—1622行
s,"作为后缀(-s/-es),且在浊辅音或元音后",/z/,"digs,goes",单字母受邻音和词义影响，原示例不是排他定律；后缀-s看前音，咝擦含ʒ，词根s不套后缀规则。,EN-PHONSPELL-K06；e649526f-aac7-4e02-b645-509d5acfb147_origin.pdf实际PDF13页；full.md1620—1622行
s,"作为后缀(-s/-es),且在/s/、/z/、/ʃ/、/tʃ/或/dʒ/后",/ɪz/,"dances,roses,washes,watches,oranges",单字母受邻音和词义影响，原示例不是排他定律；后缀-s看前音，咝擦含ʒ，词根s不套后缀规则。,EN-PHONSPELL-K06；e649526f-aac7-4e02-b645-509d5acfb147_origin.pdf实际PDF13页；full.md1620—1622行
t,在多数情况下,/t/,"tall,tell,tie,tear,telephone",单字母受邻音和词义影响，原示例不是排他定律；后缀-s看前音，咝擦含ʒ，词根s不套后缀规则。,EN-PHONSPELL-K06；e649526f-aac7-4e02-b645-509d5acfb147_origin.pdf实际PDF13页；full.md1620—1622行
t,在ion之前,/ʃ/,"pronunciation,communication",单字母受邻音和词义影响，原示例不是排他定律；后缀-s看前音，咝擦含ʒ，词根s不套后缀规则。,EN-PHONSPELL-K06；e649526f-aac7-4e02-b645-509d5acfb147_origin.pdf实际PDF13页；full.md1620—1622行
t,在ure之前或在s与ion之间,/tʃ/,"future,lecture,suggestion,question",单字母受邻音和词义影响，原示例不是排他定律；后缀-s看前音，咝擦含ʒ，词根s不套后缀规则。,EN-PHONSPELL-K06；e649526f-aac7-4e02-b645-509d5acfb147_origin.pdf实际PDF13页；full.md1620—1622行
v,在一般情况下,/v/,"live,five,very",单字母受邻音和词义影响，原示例不是排他定律；后缀-s看前音，咝擦含ʒ，词根s不套后缀规则。,EN-PHONSPELL-K06；e649526f-aac7-4e02-b645-509d5acfb147_origin.pdf实际PDF13页；full.md1620—1622行
w,在一般情况下,/w/,"work,forward",单字母受邻音和词义影响，原示例不是排他定律；后缀-s看前音，咝擦含ʒ，词根s不套后缀规则。,EN-PHONSPELL-K06；e649526f-aac7-4e02-b645-509d5acfb147_origin.pdf实际PDF13页；full.md1620—1622行
w,在某些辅音字母组合中,不发音,"who,whole,answer,two,whose",单字母受邻音和词义影响，原示例不是排他定律；后缀-s看前音，咝擦含ʒ，词根s不套后缀规则。,EN-PHONSPELL-K06；e649526f-aac7-4e02-b645-509d5acfb147_origin.pdf实际PDF13页；full.md1620—1622行
x,在重读音节词尾或清辅音前,/ks/,"six,fox,text,next",单字母受邻音和词义影响，原示例不是排他定律；后缀-s看前音，咝擦含ʒ，词根s不套后缀规则。,EN-PHONSPELL-K06；e649526f-aac7-4e02-b645-509d5acfb147_origin.pdf实际PDF13页；full.md1620—1622行
x,"前是非重读元音字母e,后是重读元音",/gz/,"exam,exact,example",单字母受邻音和词义影响，原示例不是排他定律；后缀-s看前音，咝擦含ʒ，词根s不套后缀规则。,EN-PHONSPELL-K06；e649526f-aac7-4e02-b645-509d5acfb147_origin.pdf实际PDF13页；full.md1620—1622行
y,在词首,/j/,"yellow,you",单字母受邻音和词义影响，原示例不是排他定律；后缀-s看前音，咝擦含ʒ，词根s不套后缀规则。,EN-PHONSPELL-K06；e649526f-aac7-4e02-b645-509d5acfb147_origin.pdf实际PDF13页；full.md1620—1622行
y,在词尾,/aɪ/或/i/,"my,study,city",单字母受邻音和词义影响，原示例不是排他定律；后缀-s看前音，咝擦含ʒ，词根s不套后缀规则。,EN-PHONSPELL-K06；e649526f-aac7-4e02-b645-509d5acfb147_origin.pdf实际PDF13页；full.md1620—1622行
z,在一般情况下,/z/,"size,lazy,zoo,zero",单字母受邻音和词义影响，原示例不是排他定律；后缀-s看前音，咝擦含ʒ，词根s不套后缀规则。,EN-PHONSPELL-K06；e649526f-aac7-4e02-b645-509d5acfb147_origin.pdf实际PDF13页；full.md1620—1622行
ar,在重读音节中,/ɑː/,"car,hard,dark",r组以英式模型；because表ɒ与aunt等口音相关；组合内部可静音，不逐字母名称相加。,EN-PHONSPELL-K07；e649526f-aac7-4e02-b645-509d5acfb147_origin.pdf实际PDF14页；full.md1624—1626行
ar,在w后面,/ɔː/,"warm,war,warn",r组以英式模型；because表ɒ与aunt等口音相关；组合内部可静音，不逐字母名称相加。,EN-PHONSPELL-K07；e649526f-aac7-4e02-b645-509d5acfb147_origin.pdf实际PDF14页；full.md1624—1626行
air,在重读音节中,/eə/,"airport,chair,hair,repair",r组以英式模型；because表ɒ与aunt等口音相关；组合内部可静音，不逐字母名称相加。,EN-PHONSPELL-K07；e649526f-aac7-4e02-b645-509d5acfb147_origin.pdf实际PDF14页；full.md1624—1626行
are,在重读音节中,/eə/,"careful,share",r组以英式模型；because表ɒ与aunt等口音相关；组合内部可静音，不逐字母名称相加。,EN-PHONSPELL-K07；e649526f-aac7-4e02-b645-509d5acfb147_origin.pdf实际PDF14页；full.md1624—1626行
al,在f、m之前的重读音节中,/ɑː/,"half,calm",r组以英式模型；because表ɒ与aunt等口音相关；组合内部可静音，不逐字母名称相加。,EN-PHONSPELL-K07；e649526f-aac7-4e02-b645-509d5acfb147_origin.pdf实际PDF14页；full.md1624—1626行
al,在k、l之前的重读音节中,/ɔː/,"talk,walk,ball,tall",r组以英式模型；because表ɒ与aunt等口音相关；组合内部可静音，不逐字母名称相加。,EN-PHONSPELL-K07；e649526f-aac7-4e02-b645-509d5acfb147_origin.pdf实际PDF14页；full.md1624—1626行
ai/ay,在重读音节中,/eɪ/,"rain,wait,stay,day",r组以英式模型；because表ɒ与aunt等口音相关；组合内部可静音，不逐字母名称相加。,EN-PHONSPELL-K07；e649526f-aac7-4e02-b645-509d5acfb147_origin.pdf实际PDF14页；full.md1624—1626行
au,在重读音节中,/ɔː/,"August,autumn",r组以英式模型；because表ɒ与aunt等口音相关；组合内部可静音，不逐字母名称相加。,EN-PHONSPELL-K07；e649526f-aac7-4e02-b645-509d5acfb147_origin.pdf实际PDF14页；full.md1624—1626行
au,在重读音节中,/ɒ/,because,r组以英式模型；because表ɒ与aunt等口音相关；组合内部可静音，不逐字母名称相加。,EN-PHONSPELL-K07；e649526f-aac7-4e02-b645-509d5acfb147_origin.pdf实际PDF14页；full.md1624—1626行
au,在重读音节中,/ɑː/,"aunt,laugh",r组以英式模型；because表ɒ与aunt等口音相关；组合内部可静音，不逐字母名称相加。,EN-PHONSPELL-K07；e649526f-aac7-4e02-b645-509d5acfb147_origin.pdf实际PDF14页；full.md1624—1626行
aw,在重读音节中,/ɔː/,"draw,saw,law",r组以英式模型；because表ɒ与aunt等口音相关；组合内部可静音，不逐字母名称相加。,EN-PHONSPELL-K07；e649526f-aac7-4e02-b645-509d5acfb147_origin.pdf实际PDF14页；full.md1624—1626行
ay,在非重读音节中,/eɪ/,"Friday,Sunday,Monday",r组以英式模型；because表ɒ与aunt等口音相关；组合内部可静音，不逐字母名称相加。,EN-PHONSPELL-K07；e649526f-aac7-4e02-b645-509d5acfb147_origin.pdf实际PDF14页；full.md1624—1626行
er,在重读音节中,/ɜː/,"certainly,term",ea/ear/ey等同拼多音，ex需重音和后音；ew条件l非数字1；按词典核口音。,EN-PHONSPELL-K08；e649526f-aac7-4e02-b645-509d5acfb147_origin.pdf实际PDF14页；full.md1628—1634行
er,在非重读音节中,/ə/,"number,flower,under",ea/ear/ey等同拼多音，ex需重音和后音；ew条件l非数字1；按词典核口音。,EN-PHONSPELL-K08；e649526f-aac7-4e02-b645-509d5acfb147_origin.pdf实际PDF14页；full.md1628—1634行
ea,在重读音节中,/iː/,"easy,eat,each",ea/ear/ey等同拼多音，ex需重音和后音；ew条件l非数字1；按词典核口音。,EN-PHONSPELL-K08；e649526f-aac7-4e02-b645-509d5acfb147_origin.pdf实际PDF14页；full.md1628—1634行
ea,在重读音节中,/eɪ/,"great,break",ea/ear/ey等同拼多音，ex需重音和后音；ew条件l非数字1；按词典核口音。,EN-PHONSPELL-K08；e649526f-aac7-4e02-b645-509d5acfb147_origin.pdf实际PDF14页；full.md1628—1634行
ea,在重读音节中,/ɪə/,"idea,theatre",ea/ear/ey等同拼多音，ex需重音和后音；ew条件l非数字1；按词典核口音。,EN-PHONSPELL-K08；e649526f-aac7-4e02-b645-509d5acfb147_origin.pdf实际PDF14页；full.md1628—1634行
ea,在重读音节中,/e/,"breakfast,sweater",ea/ear/ey等同拼多音，ex需重音和后音；ew条件l非数字1；按词典核口音。,EN-PHONSPELL-K08；e649526f-aac7-4e02-b645-509d5acfb147_origin.pdf实际PDF14页；full.md1628—1634行
ee,在重读音节中,/iː/,"three,jeep,green",ea/ear/ey等同拼多音，ex需重音和后音；ew条件l非数字1；按词典核口音。,EN-PHONSPELL-K08；e649526f-aac7-4e02-b645-509d5acfb147_origin.pdf实际PDF14页；full.md1628—1634行
ei,在重读音节中,/iː/,"receive,ceiling",ea/ear/ey等同拼多音，ex需重音和后音；ew条件l非数字1；按词典核口音。,EN-PHONSPELL-K08；e649526f-aac7-4e02-b645-509d5acfb147_origin.pdf实际PDF14页；full.md1628—1634行
ew,在重读音节中,/juː/,"few,news",ea/ear/ey等同拼多音，ex需重音和后音；ew条件l非数字1；按词典核口音。,EN-PHONSPELL-K08；e649526f-aac7-4e02-b645-509d5acfb147_origin.pdf实际PDF14页；full.md1628—1634行
ew,"在重读音节中,且在1或r后",/uː/,"blew,flew,drew",ea/ear/ey等同拼多音，ex需重音和后音；ew条件l非数字1；按词典核口音。,EN-PHONSPELL-K08；e649526f-aac7-4e02-b645-509d5acfb147_origin.pdf实际PDF14页；full.md1628—1634行
ex,在重读音节中,/eks/,"exercise,excellent",ea/ear/ey等同拼多音，ex需重音和后音；ew条件l非数字1；按词典核口音。,EN-PHONSPELL-K08；e649526f-aac7-4e02-b645-509d5acfb147_origin.pdf实际PDF14页；full.md1628—1634行
ex,"在非重读音节中,后接元音字母",/ɪgz/,"example,examine,exist",ea/ear/ey等同拼多音，ex需重音和后音；ew条件l非数字1；按词典核口音。,EN-PHONSPELL-K08；e649526f-aac7-4e02-b645-509d5acfb147_origin.pdf实际PDF14页；full.md1628—1634行
ex,"在非重读音节中,后接辅音字母",/ɪks/,"expensive,explain",ea/ear/ey等同拼多音，ex需重音和后音；ew条件l非数字1；按词典核口音。,EN-PHONSPELL-K08；e649526f-aac7-4e02-b645-509d5acfb147_origin.pdf实际PDF14页；full.md1628—1634行
ey,在重读音节中,/eɪ/,"they, obey",ea/ear/ey等同拼多音，ex需重音和后音；ew条件l非数字1；按词典核口音。,EN-PHONSPELL-K08；e649526f-aac7-4e02-b645-509d5acfb147_origin.pdf实际PDF14页；full.md1628—1634行
ey,在重读音节中,/iː/,"keyboard, key",ea/ear/ey等同拼多音，ex需重音和后音；ew条件l非数字1；按词典核口音。,EN-PHONSPELL-K08；e649526f-aac7-4e02-b645-509d5acfb147_origin.pdf实际PDF14页；full.md1628—1634行
ey,"在非重读音节中,位于词尾",/i/,"money, valley",ea/ear/ey等同拼多音，ex需重音和后音；ew条件l非数字1；按词典核口音。,EN-PHONSPELL-K08；e649526f-aac7-4e02-b645-509d5acfb147_origin.pdf实际PDF14页；full.md1628—1634行
ere,在重读音节中,/ɪə/,here,ea/ear/ey等同拼多音，ex需重音和后音；ew条件l非数字1；按词典核口音。,EN-PHONSPELL-K08；e649526f-aac7-4e02-b645-509d5acfb147_origin.pdf实际PDF14页；full.md1628—1634行
ere,在重读音节中,/eə/,"there, where, therefore",ea/ear/ey等同拼多音，ex需重音和后音；ew条件l非数字1；按词典核口音。,EN-PHONSPELL-K08；e649526f-aac7-4e02-b645-509d5acfb147_origin.pdf实际PDF14页；full.md1628—1634行
ear,"在重读音节中,位于词中间",/ɜː/,"learn, heard",ea/ear/ey等同拼多音，ex需重音和后音；ew条件l非数字1；按词典核口音。,EN-PHONSPELL-K08；e649526f-aac7-4e02-b645-509d5acfb147_origin.pdf实际PDF14页；full.md1628—1634行
ear,"在重读音节中,位于词中间",/ɑː/,heart,ea/ear/ey等同拼多音，ex需重音和后音；ew条件l非数字1；按词典核口音。,EN-PHONSPELL-K08；e649526f-aac7-4e02-b645-509d5acfb147_origin.pdf实际PDF14页；full.md1628—1634行
ear,"在重读音节中,位于词尾",/eə/,"pear, wear, bear",ea/ear/ey等同拼多音，ex需重音和后音；ew条件l非数字1；按词典核口音。,EN-PHONSPELL-K08；e649526f-aac7-4e02-b645-509d5acfb147_origin.pdf实际PDF14页；full.md1628—1634行
ear,"在重读音节中,位于词尾",/ɪə/,"dear, near, clear, hear",ea/ear/ey等同拼多音，ex需重音和后音；ew条件l非数字1；按词典核口音。,EN-PHONSPELL-K08；e649526f-aac7-4e02-b645-509d5acfb147_origin.pdf实际PDF14页；full.md1628—1634行
eer,在重读音节中,/ɪə/,"engineer, deer",ea/ear/ey等同拼多音，ex需重音和后音；ew条件l非数字1；按词典核口音。,EN-PHONSPELL-K08；e649526f-aac7-4e02-b645-509d5acfb147_origin.pdf实际PDF14页；full.md1628—1634行
eir,在重读音节中,/eə/,their,ea/ear/ey等同拼多音，ex需重音和后音；ew条件l非数字1；按词典核口音。,EN-PHONSPELL-K08；e649526f-aac7-4e02-b645-509d5acfb147_origin.pdf实际PDF14页；full.md1628—1634行
eigh,在重读音节中,/eɪ/,"eight, eighty, neighbour",ea/ear/ey等同拼多音，ex需重音和后音；ew条件l非数字1；按词典核口音。,EN-PHONSPELL-K08；e649526f-aac7-4e02-b645-509d5acfb147_origin.pdf实际PDF14页；full.md1628—1634行
ir,在重读音节中,/ɜː/,"girl,first,thirty",ie词尾与辅音前区分；ing常ɪŋ但前面词干不由此确定；fire音节数可随实现。,EN-PHONSPELL-K09；e649526f-aac7-4e02-b645-509d5acfb147_origin.pdf实际PDF14页；full.md1636—1638行
ire,在重读音节中,/aɪə/,"fire,wire",ie词尾与辅音前区分；ing常ɪŋ但前面词干不由此确定；fire音节数可随实现。,EN-PHONSPELL-K09；e649526f-aac7-4e02-b645-509d5acfb147_origin.pdf实际PDF14页；full.md1636—1638行
ie,"在重读音节中,且在辅音字母之前",/iː/,"field,piece,thief",ie词尾与辅音前区分；ing常ɪŋ但前面词干不由此确定；fire音节数可随实现。,EN-PHONSPELL-K09；e649526f-aac7-4e02-b645-509d5acfb147_origin.pdf实际PDF14页；full.md1636—1638行
ie,在重读单音节词尾,/aɪ/,"lie,die,tie",ie词尾与辅音前区分；ing常ɪŋ但前面词干不由此确定；fire音节数可随实现。,EN-PHONSPELL-K09；e649526f-aac7-4e02-b645-509d5acfb147_origin.pdf实际PDF14页；full.md1636—1638行
igh,在重读音节中,/aɪ/,"night,light",ie词尾与辅音前区分；ing常ɪŋ但前面词干不由此确定；fire音节数可随实现。,EN-PHONSPELL-K09；e649526f-aac7-4e02-b645-509d5acfb147_origin.pdf实际PDF14页；full.md1636—1638行
ing,一般情况下在动词词尾,/ɪŋ/,"planting,doing,going,wearing,watering",ie词尾与辅音前区分；ing常ɪŋ但前面词干不由此确定；fire音节数可随实现。,EN-PHONSPELL-K09；e649526f-aac7-4e02-b645-509d5acfb147_origin.pdf实际PDF14页；full.md1636—1638行
or,在重读音节中,/ɔː/,"horse, sport, short",oo/ough/ou多音须记本词；wound伤口与wind过去式异音；poor等英式词音可有变体。,EN-PHONSPELL-K10；e649526f-aac7-4e02-b645-509d5acfb147_origin.pdf实际PDF14页；full.md1640—1642行
or,在重读音节中,/ɜː/,"word, work, world",oo/ough/ou多音须记本词；wound伤口与wind过去式异音；poor等英式词音可有变体。,EN-PHONSPELL-K10；e649526f-aac7-4e02-b645-509d5acfb147_origin.pdf实际PDF14页；full.md1640—1642行
or,在非重读音节中,/ə/,"doctor, forget, effort",oo/ough/ou多音须记本词；wound伤口与wind过去式异音；poor等英式词音可有变体。,EN-PHONSPELL-K10；e649526f-aac7-4e02-b645-509d5acfb147_origin.pdf实际PDF14页；full.md1640—1642行
ore,在重读音节中,/ɔː/,"before, more",oo/ough/ou多音须记本词；wound伤口与wind过去式异音；poor等英式词音可有变体。,EN-PHONSPELL-K10；e649526f-aac7-4e02-b645-509d5acfb147_origin.pdf实际PDF14页；full.md1640—1642行
oa,在重读音节中,/əʊ/,"boat, coat, goat, road",oo/ough/ou多音须记本词；wound伤口与wind过去式异音；poor等英式词音可有变体。,EN-PHONSPELL-K10；e649526f-aac7-4e02-b645-509d5acfb147_origin.pdf实际PDF14页；full.md1640—1642行
oa,在重读音节中,/ɔː/,"broadcast, abroad",oo/ough/ou多音须记本词；wound伤口与wind过去式异音；poor等英式词音可有变体。,EN-PHONSPELL-K10；e649526f-aac7-4e02-b645-509d5acfb147_origin.pdf实际PDF14页；full.md1640—1642行
oe,在重读音节中,/əʊ/,"Joe, toe",oo/ough/ou多音须记本词；wound伤口与wind过去式异音；poor等英式词音可有变体。,EN-PHONSPELL-K10；e649526f-aac7-4e02-b645-509d5acfb147_origin.pdf实际PDF14页；full.md1640—1642行
oe,在重读音节中,/uː/,"shoe, canoe",oo/ough/ou多音须记本词；wound伤口与wind过去式异音；poor等英式词音可有变体。,EN-PHONSPELL-K10；e649526f-aac7-4e02-b645-509d5acfb147_origin.pdf实际PDF14页；full.md1640—1642行
oi/oy,在重读音节中,/ɔɪ/,"join, noise, boy, toy, enjoy",oo/ough/ou多音须记本词；wound伤口与wind过去式异音；poor等英式词音可有变体。,EN-PHONSPELL-K10；e649526f-aac7-4e02-b645-509d5acfb147_origin.pdf实际PDF14页；full.md1640—1642行
oo,在重读音节中,/ʊ/,"book, look, cook, foot",oo/ough/ou多音须记本词；wound伤口与wind过去式异音；poor等英式词音可有变体。,EN-PHONSPELL-K10；e649526f-aac7-4e02-b645-509d5acfb147_origin.pdf实际PDF14页；full.md1640—1642行
oo,在重读音节中,/ʌ/,"blood, flood",oo/ough/ou多音须记本词；wound伤口与wind过去式异音；poor等英式词音可有变体。,EN-PHONSPELL-K10；e649526f-aac7-4e02-b645-509d5acfb147_origin.pdf实际PDF14页；full.md1640—1642行
oo,在重读音节中,/uː/,"zoo, too, cool, moon",oo/ough/ou多音须记本词；wound伤口与wind过去式异音；poor等英式词音可有变体。,EN-PHONSPELL-K10；e649526f-aac7-4e02-b645-509d5acfb147_origin.pdf实际PDF14页；full.md1640—1642行
oo,在非重读音节中,/ʊ/,boyhood,oo/ough/ou多音须记本词；wound伤口与wind过去式异音；poor等英式词音可有变体。,EN-PHONSPELL-K10；e649526f-aac7-4e02-b645-509d5acfb147_origin.pdf实际PDF14页；full.md1640—1642行
ou,在重读音节中,/aʊ/,"mouth,around,mouse,house",oo/ough/ou多音须记本词；wound伤口与wind过去式异音；poor等英式词音可有变体。,EN-PHONSPELL-K10；e649526f-aac7-4e02-b645-509d5acfb147_origin.pdf实际PDF14页；full.md1640—1642行
ou,在重读音节中,/ʌ/,"young,trouble,country",oo/ough/ou多音须记本词；wound伤口与wind过去式异音；poor等英式词音可有变体。,EN-PHONSPELL-K10；e649526f-aac7-4e02-b645-509d5acfb147_origin.pdf实际PDF14页；full.md1640—1642行
ou,在重读音节中,/ɒ/,cough,oo/ough/ou多音须记本词；wound伤口与wind过去式异音；poor等英式词音可有变体。,EN-PHONSPELL-K10；e649526f-aac7-4e02-b645-509d5acfb147_origin.pdf实际PDF14页；full.md1640—1642行
ou,在重读音节中,/uː/,"group,wound",oo/ough/ou多音须记本词；wound伤口与wind过去式异音；poor等英式词音可有变体。,EN-PHONSPELL-K10；e649526f-aac7-4e02-b645-509d5acfb147_origin.pdf实际PDF14页；full.md1640—1642行
ou,在重读音节中,/əʊ/,"soul,shoulder",oo/ough/ou多音须记本词；wound伤口与wind过去式异音；poor等英式词音可有变体。,EN-PHONSPELL-K10；e649526f-aac7-4e02-b645-509d5acfb147_origin.pdf实际PDF14页；full.md1640—1642行
ou,在以 ous 结尾的形容词的非重读音节中,/ə/,"famous,dangerous",oo/ough/ou多音须记本词；wound伤口与wind过去式异音；poor等英式词音可有变体。,EN-PHONSPELL-K10；e649526f-aac7-4e02-b645-509d5acfb147_origin.pdf实际PDF14页；full.md1640—1642行
ow,在重读音节中,/aʊ/,"down,town,crowd",oo/ough/ou多音须记本词；wound伤口与wind过去式异音；poor等英式词音可有变体。,EN-PHONSPELL-K10；e649526f-aac7-4e02-b645-509d5acfb147_origin.pdf实际PDF14页；full.md1640—1642行
ow,在词尾,/əʊ/,"know,show,follow",oo/ough/ou多音须记本词；wound伤口与wind过去式异音；poor等英式词音可有变体。,EN-PHONSPELL-K10；e649526f-aac7-4e02-b645-509d5acfb147_origin.pdf实际PDF14页；full.md1640—1642行
oar,在重读音节中,/ɔː/,"board,roar",oo/ough/ou多音须记本词；wound伤口与wind过去式异音；poor等英式词音可有变体。,EN-PHONSPELL-K10；e649526f-aac7-4e02-b645-509d5acfb147_origin.pdf实际PDF14页；full.md1640—1642行
oor,在重读音节中,/ɔː/,"floor,door",oo/ough/ou多音须记本词；wound伤口与wind过去式异音；poor等英式词音可有变体。,EN-PHONSPELL-K10；e649526f-aac7-4e02-b645-509d5acfb147_origin.pdf实际PDF14页；full.md1640—1642行
oor,在重读音节中,/ʊə/,poor,oo/ough/ou多音须记本词；wound伤口与wind过去式异音；poor等英式词音可有变体。,EN-PHONSPELL-K10；e649526f-aac7-4e02-b645-509d5acfb147_origin.pdf实际PDF14页；full.md1640—1642行
ough,在重读音节中,/uː/,"through,throughout",oo/ough/ou多音须记本词；wound伤口与wind过去式异音；poor等英式词音可有变体。,EN-PHONSPELL-K10；e649526f-aac7-4e02-b645-509d5acfb147_origin.pdf实际PDF14页；full.md1640—1642行
ough,在重读音节中,/ɒf/,cough,oo/ough/ou多音须记本词；wound伤口与wind过去式异音；poor等英式词音可有变体。,EN-PHONSPELL-K10；e649526f-aac7-4e02-b645-509d5acfb147_origin.pdf实际PDF14页；full.md1640—1642行
ough,在重读音节中,/ʌf/,"enough,rough",oo/ough/ou多音须记本词；wound伤口与wind过去式异音；poor等英式词音可有变体。,EN-PHONSPELL-K10；e649526f-aac7-4e02-b645-509d5acfb147_origin.pdf实际PDF14页；full.md1640—1642行
ough,在重读音节中,/əʊ/,though,oo/ough/ou多音须记本词；wound伤口与wind过去式异音；poor等英式词音可有变体。,EN-PHONSPELL-K10；e649526f-aac7-4e02-b645-509d5acfb147_origin.pdf实际PDF14页；full.md1640—1642行
ough,在重读音节中,/ɔː/,"bought,thought",oo/ough/ou多音须记本词；wound伤口与wind过去式异音；poor等英式词音可有变体。,EN-PHONSPELL-K10；e649526f-aac7-4e02-b645-509d5acfb147_origin.pdf实际PDF14页；full.md1640—1642行
our,在重读音节中,/aʊə/,"hour,ours",oo/ough/ou多音须记本词；wound伤口与wind过去式异音；poor等英式词音可有变体。,EN-PHONSPELL-K10；e649526f-aac7-4e02-b645-509d5acfb147_origin.pdf实际PDF14页；full.md1640—1642行
our,在重读音节中,/ɔː/,"course,your",oo/ough/ou多音须记本词；wound伤口与wind过去式异音；poor等英式词音可有变体。,EN-PHONSPELL-K10；e649526f-aac7-4e02-b645-509d5acfb147_origin.pdf实际PDF14页；full.md1640—1642行
our,在非重读音节中,/ə/,"colour,honour",oo/ough/ou多音须记本词；wound伤口与wind过去式异音；poor等英式词音可有变体。,EN-PHONSPELL-K10；e649526f-aac7-4e02-b645-509d5acfb147_origin.pdf实际PDF14页；full.md1640—1642行
ur,在重读音节中,/ɜː/,"nurse,turn,hurt",ure/ur按本英式模型；ue静音限dialogue这一词，不能把一般silent尾都读u。,EN-PHONSPELL-K11；e649526f-aac7-4e02-b645-509d5acfb147_origin.pdf实际PDF15页；full.md1644—1646行
ur,在非重读音节中,/ə/,Saturday,ure/ur按本英式模型；ue静音限dialogue这一词，不能把一般silent尾都读u。,EN-PHONSPELL-K11；e649526f-aac7-4e02-b645-509d5acfb147_origin.pdf实际PDF15页；full.md1644—1646行
ure,在重读音节中,/jʊə/,"pure,cure",ure/ur按本英式模型；ue静音限dialogue这一词，不能把一般silent尾都读u。,EN-PHONSPELL-K11；e649526f-aac7-4e02-b645-509d5acfb147_origin.pdf实际PDF15页；full.md1644—1646行
ure,在重读音节中,/ʊə/,sure,ure/ur按本英式模型；ue静音限dialogue这一词，不能把一般silent尾都读u。,EN-PHONSPELL-K11；e649526f-aac7-4e02-b645-509d5acfb147_origin.pdf实际PDF15页；full.md1644—1646行
ue,在重读音节中或词尾,/juː/,"Tuesday,continue",ure/ur按本英式模型；ue静音限dialogue这一词，不能把一般silent尾都读u。,EN-PHONSPELL-K11；e649526f-aac7-4e02-b645-509d5acfb147_origin.pdf实际PDF15页；full.md1644—1646行
ue,在重读音节中,/uː/,"blue,glue",ure/ur按本英式模型；ue静音限dialogue这一词，不能把一般silent尾都读u。,EN-PHONSPELL-K11；e649526f-aac7-4e02-b645-509d5acfb147_origin.pdf实际PDF15页；full.md1644—1646行
ue,在词尾且在字母g后,不发音,dialogue,ure/ur按本英式模型；ue静音限dialogue这一词，不能把一般silent尾都读u。,EN-PHONSPELL-K11；e649526f-aac7-4e02-b645-509d5acfb147_origin.pdf实际PDF15页；full.md1644—1646行
uy,在重读音节中,/aɪ/,"buy,guy",ure/ur按本英式模型；ue静音限dialogue这一词，不能把一般silent尾都读u。,EN-PHONSPELL-K11；e649526f-aac7-4e02-b645-509d5acfb147_origin.pdf实际PDF15页；full.md1644—1646行
ch,在单词中有三种读音,/tʃ/,"chair,much,teacher,chest",ch三组、ng三组按具体词；ts/dr等连缀不添元音；gn/mb/kn等保拼写但有静音。,EN-PHONSPELL-K12；e649526f-aac7-4e02-b645-509d5acfb147_origin.pdf实际PDF15页；full.md1648—1650行
ch,在单词中有三种读音,/k/,"school,headache,stomach",ch三组、ng三组按具体词；ts/dr等连缀不添元音；gn/mb/kn等保拼写但有静音。,EN-PHONSPELL-K12；e649526f-aac7-4e02-b645-509d5acfb147_origin.pdf实际PDF15页；full.md1648—1650行
ch,在单词中有三种读音,/ʃ/,"machine,chef",ch三组、ng三组按具体词；ts/dr等连缀不添元音；gn/mb/kn等保拼写但有静音。,EN-PHONSPELL-K12；e649526f-aac7-4e02-b645-509d5acfb147_origin.pdf实际PDF15页；full.md1648—1650行
ck,在一般情况下,/k/,"lock,jacket,luck,block",ch三组、ng三组按具体词；ts/dr等连缀不添元音；gn/mb/kn等保拼写但有静音。,EN-PHONSPELL-K12；e649526f-aac7-4e02-b645-509d5acfb147_origin.pdf实际PDF15页；full.md1648—1650行
dr,在词首,/dr/,"drop,dragon",ch三组、ng三组按具体词；ts/dr等连缀不添元音；gn/mb/kn等保拼写但有静音。,EN-PHONSPELL-K12；e649526f-aac7-4e02-b645-509d5acfb147_origin.pdf实际PDF15页；full.md1648—1650行
ds,在词尾,/dz/,"beds,cards",ch三组、ng三组按具体词；ts/dr等连缀不添元音；gn/mb/kn等保拼写但有静音。,EN-PHONSPELL-K12；e649526f-aac7-4e02-b645-509d5acfb147_origin.pdf实际PDF15页；full.md1648—1650行
gh,在词尾,/f/,"laugh,cough,enough",ch三组、ng三组按具体词；ts/dr等连缀不添元音；gn/mb/kn等保拼写但有静音。,EN-PHONSPELL-K12；e649526f-aac7-4e02-b645-509d5acfb147_origin.pdf实际PDF15页；full.md1648—1650行
gn,在词尾,/n/,"foreign,sign",ch三组、ng三组按具体词；ts/dr等连缀不添元音；gn/mb/kn等保拼写但有静音。,EN-PHONSPELL-K12；e649526f-aac7-4e02-b645-509d5acfb147_origin.pdf实际PDF15页；full.md1648—1650行
gu,在词首,/g/,"guest,guess,guitar",ch三组、ng三组按具体词；ts/dr等连缀不添元音；gn/mb/kn等保拼写但有静音。,EN-PHONSPELL-K12；e649526f-aac7-4e02-b645-509d5acfb147_origin.pdf实际PDF15页；full.md1648—1650行
kn,在词首,/n/,"knife,knock,know",ch三组、ng三组按具体词；ts/dr等连缀不添元音；gn/mb/kn等保拼写但有静音。,EN-PHONSPELL-K12；e649526f-aac7-4e02-b645-509d5acfb147_origin.pdf实际PDF15页；full.md1648—1650行
ll,在词尾,/l/,"tell,bell,till,fell,well",ch三组、ng三组按具体词；ts/dr等连缀不添元音；gn/mb/kn等保拼写但有静音。,EN-PHONSPELL-K12；e649526f-aac7-4e02-b645-509d5acfb147_origin.pdf实际PDF15页；full.md1648—1650行
mb,在词尾,/m/,"climb,bomb,lamb",ch三组、ng三组按具体词；ts/dr等连缀不添元音；gn/mb/kn等保拼写但有静音。,EN-PHONSPELL-K12；e649526f-aac7-4e02-b645-509d5acfb147_origin.pdf实际PDF15页；full.md1648—1650行
ng,在单词中有三种读音,/ŋ/,"king,among,sing,wing,long",ch三组、ng三组按具体词；ts/dr等连缀不添元音；gn/mb/kn等保拼写但有静音。,EN-PHONSPELL-K12；e649526f-aac7-4e02-b645-509d5acfb147_origin.pdf实际PDF15页；full.md1648—1650行
ng,在单词中有三种读音,/ŋg/,"English,longer",ch三组、ng三组按具体词；ts/dr等连缀不添元音；gn/mb/kn等保拼写但有静音。,EN-PHONSPELL-K12；e649526f-aac7-4e02-b645-509d5acfb147_origin.pdf实际PDF15页；full.md1648—1650行
ng,在单词中有三种读音,/ndʒ/,"dangerous,passenger",ch三组、ng三组按具体词；ts/dr等连缀不添元音；gn/mb/kn等保拼写但有静音。,EN-PHONSPELL-K12；e649526f-aac7-4e02-b645-509d5acfb147_origin.pdf实际PDF15页；full.md1648—1650行
nk,在词尾,/ŋk/,"drink,think,thank,ink",ch三组、ng三组按具体词；ts/dr等连缀不添元音；gn/mb/kn等保拼写但有静音。,EN-PHONSPELL-K12；e649526f-aac7-4e02-b645-509d5acfb147_origin.pdf实际PDF15页；full.md1648—1650行
ph,在一般情况下,/f/,"photo,elephant,phone",ch三组、ng三组按具体词；ts/dr等连缀不添元音；gn/mb/kn等保拼写但有静音。,EN-PHONSPELL-K12；e649526f-aac7-4e02-b645-509d5acfb147_origin.pdf实际PDF15页；full.md1648—1650行
qu,在词首,/kw/,"queen,quick,quite",ch三组、ng三组按具体词；ts/dr等连缀不添元音；gn/mb/kn等保拼写但有静音。,EN-PHONSPELL-K12；e649526f-aac7-4e02-b645-509d5acfb147_origin.pdf实际PDF15页；full.md1648—1650行
sc,在元音字母e、i前,/s/,"scene,science",ch三组、ng三组按具体词；ts/dr等连缀不添元音；gn/mb/kn等保拼写但有静音。,EN-PHONSPELL-K12；e649526f-aac7-4e02-b645-509d5acfb147_origin.pdf实际PDF15页；full.md1648—1650行
sc,在元音字母a、o、u前,/sk/,"scarf,score,sculpture",ch三组、ng三组按具体词；ts/dr等连缀不添元音；gn/mb/kn等保拼写但有静音。,EN-PHONSPELL-K12；e649526f-aac7-4e02-b645-509d5acfb147_origin.pdf实际PDF15页；full.md1648—1650行
sh,在词首或词尾,/ʃ/,"sheep,shoe,sheet,wish,English",ch三组、ng三组按具体词；ts/dr等连缀不添元音；gn/mb/kn等保拼写但有静音。,EN-PHONSPELL-K12；e649526f-aac7-4e02-b645-509d5acfb147_origin.pdf实际PDF15页；full.md1648—1650行
ss,在一般情况下,/s/,"glass,lesson",ch三组、ng三组按具体词；ts/dr等连缀不添元音；gn/mb/kn等保拼写但有静音。,EN-PHONSPELL-K12；e649526f-aac7-4e02-b645-509d5acfb147_origin.pdf实际PDF15页；full.md1648—1650行
tr,在词首,/tr/,"trip,treat",ch三组、ng三组按具体词；ts/dr等连缀不添元音；gn/mb/kn等保拼写但有静音。,EN-PHONSPELL-K12；e649526f-aac7-4e02-b645-509d5acfb147_origin.pdf实际PDF15页；full.md1648—1650行
ts,在词尾,/ts/,"bats,cats",ch三组、ng三组按具体词；ts/dr等连缀不添元音；gn/mb/kn等保拼写但有静音。,EN-PHONSPELL-K12；e649526f-aac7-4e02-b645-509d5acfb147_origin.pdf实际PDF15页；full.md1648—1650行
tch,在词尾,/tʃ/,"watch,catch,fetch",ch三组、ng三组按具体词；ts/dr等连缀不添元音；gn/mb/kn等保拼写但有静音。,EN-PHONSPELL-K12；e649526f-aac7-4e02-b645-509d5acfb147_origin.pdf实际PDF15页；full.md1648—1650行
th,在单词中有两种读音,/θ/,"theatre,thank,think",ch三组、ng三组按具体词；ts/dr等连缀不添元音；gn/mb/kn等保拼写但有静音。,EN-PHONSPELL-K12；e649526f-aac7-4e02-b645-509d5acfb147_origin.pdf实际PDF15页；full.md1648—1650行
th,在单词中有两种读音,/ð/,"that,the,their,they",ch三组、ng三组按具体词；ts/dr等连缀不添元音；gn/mb/kn等保拼写但有静音。,EN-PHONSPELL-K12；e649526f-aac7-4e02-b645-509d5acfb147_origin.pdf实际PDF15页；full.md1648—1650行
tw,在一般情况下,/tw/,"twin,twelve,between",ch三组、ng三组按具体词；ts/dr等连缀不添元音；gn/mb/kn等保拼写但有静音。,EN-PHONSPELL-K12；e649526f-aac7-4e02-b645-509d5acfb147_origin.pdf实际PDF15页；full.md1648—1650行
wh,在o之前,/h/,"who,whose,whole",ch三组、ng三组按具体词；ts/dr等连缀不添元音；gn/mb/kn等保拼写但有静音。,EN-PHONSPELL-K12；e649526f-aac7-4e02-b645-509d5acfb147_origin.pdf实际PDF15页；full.md1648—1650行
wh,在a、e、i、y前,/w/,"what,whether,when,while,why",ch三组、ng三组按具体词；ts/dr等连缀不添元音；gn/mb/kn等保拼写但有静音。,EN-PHONSPELL-K12；e649526f-aac7-4e02-b645-509d5acfb147_origin.pdf实际PDF15页；full.md1648—1650行
wr,在一般情况下,/r/,"write,wrong",ch三组、ng三组按具体词；ts/dr等连缀不添元音；gn/mb/kn等保拼写但有静音。,EN-PHONSPELL-K12；e649526f-aac7-4e02-b645-509d5acfb147_origin.pdf实际PDF15页；full.md1648—1650行
