辨析组,词条,释义与原比较,共同点,学习边界,来源编号,分册,原文件,原文行号,实际PDF页码
安慰 慰问,安慰,"①使心情安适,如“安慰病人”;②因精神上得到满足而心情安适。",,心情安适或使人安适，与针对辛苦困苦者的问候安慰，范围不同。,CN-LREF-G001,51-100,732ab222-dcbb-4b77-abef-8c7b41f456c2_origin.pdf,251—256,7
安慰 慰问,慰问,用话或物品安慰问候(辛苦的人或困苦的人)。,,心情安适或使人安适，与针对辛苦困苦者的问候安慰，范围不同。,CN-LREF-G001,51-100,732ab222-dcbb-4b77-abef-8c7b41f456c2_origin.pdf,251—256,7
安排 安置,安排,"重在“排”,使有序,即有条理、分先后地处理事物或安置人员,如“安排生活”。",,处理的次序条理，与位置和着落分别核对。,CN-LREF-G002,51-100,732ab222-dcbb-4b77-abef-8c7b41f456c2_origin.pdf,257—262,7
安排 安置,安置,"重在“置”,使人或事物有适当的位置,有着落。",,处理的次序条理，与位置和着落分别核对。,CN-LREF-G002,51-100,732ab222-dcbb-4b77-abef-8c7b41f456c2_origin.pdf,257—262,7
爱慕 仰慕 羡慕,爱慕,"强调因喜欢或敬重而愿意接近,或因喜爱而向往,多用于人,有时也用于事,如“爱慕虚荣”。",,接近向往、敬仰、希望获得别人条件，不能只记喜欢。,CN-LREF-G003,51-100,732ab222-dcbb-4b77-abef-8c7b41f456c2_origin.pdf,263—272,7
爱慕 仰慕 羡慕,仰慕,"强调对值得敬重的人的敬仰,如“仰慕先辈”。",,接近向往、敬仰、希望获得别人条件，不能只记喜欢。,CN-LREF-G003,51-100,732ab222-dcbb-4b77-abef-8c7b41f456c2_origin.pdf,263—272,7
爱慕 仰慕 羡慕,羡慕,"强调希望自己也得到别人具有的某种长处、好处或有利条件,如“他羡慕我得到了好礼物”。",,接近向往、敬仰、希望获得别人条件，不能只记喜欢。,CN-LREF-G003,51-100,732ab222-dcbb-4b77-abef-8c7b41f456c2_origin.pdf,263—272,7
包含 饱含 包涵,包含,里边含有。,,有、充满、请原谅，兼查字形和话语用途。,CN-LREF-G004,51-100,732ab222-dcbb-4b77-abef-8c7b41f456c2_origin.pdf,273—280,
包含 饱含 包涵,饱含,"充满,所含的量特别充足。",,有、充满、请原谅，兼查字形和话语用途。,CN-LREF-G004,51-100,732ab222-dcbb-4b77-abef-8c7b41f456c2_origin.pdf,273—280,
包含 饱含 包涵,包涵,"客套话,请人原谅。",,有、充满、请原谅，兼查字形和话语用途。,CN-LREF-G004,51-100,732ab222-dcbb-4b77-abef-8c7b41f456c2_origin.pdf,273—280,
抱负 报复,抱负,远大的志向。,,远志与报复行为完全不同，不因同音互写。,CN-LREF-G005,51-100,732ab222-dcbb-4b77-abef-8c7b41f456c2_origin.pdf,281—286,
抱负 报复,报复,打击批评自己或损害自己利益的人。,,远志与报复行为完全不同，不因同音互写。,CN-LREF-G005,51-100,732ab222-dcbb-4b77-abef-8c7b41f456c2_origin.pdf,281—286,
抱怨 报怨,抱怨,"心中不满,数说别人不对。",,表达不满与对怨恨作回应，区分言语态度和行为。,CN-LREF-G006,51-100,732ab222-dcbb-4b77-abef-8c7b41f456c2_origin.pdf,287—292,
抱怨 报怨,报怨,"对所怨恨的人做出反应,如“以德报怨”。",,表达不满与对怨恨作回应，区分言语态度和行为。,CN-LREF-G006,51-100,732ab222-dcbb-4b77-abef-8c7b41f456c2_origin.pdf,287—292,
爆发 暴发,爆发,"①指火山内部的岩浆突然冲破地壳,向四外迸出,如“火山爆发”;②指事变等突然发生或突然发作,如“爆发革命”。",,核火山事变等、发财得势和山洪等原搭配；部分突然发作义接近，不只按大小分类。,CN-LREF-G007,51-100,732ab222-dcbb-4b77-abef-8c7b41f456c2_origin.pdf,293—300,7
爆发 暴发,暴发,"①突然发财或得势,多含贬义,如“暴发户”;②突然发作,如“山洪暴发”。",,核火山事变等、发财得势和山洪等原搭配；部分突然发作义接近，不只按大小分类。,CN-LREF-G007,51-100,732ab222-dcbb-4b77-abef-8c7b41f456c2_origin.pdf,293—300,7
迸发 激发 迸溅,迸发,由内而外地突然发出。,,按本组所给词义、对象或侧重比较；相近处可交叉，原“多、一般、侧重”均须保留，不视为所有语境的排他禁令。,CN-LREF-G008,51-100,732ab222-dcbb-4b77-abef-8c7b41f456c2_origin.pdf,301—308,
迸发 激发 迸溅,激发,刺激使奋发。,,按本组所给词义、对象或侧重比较；相近处可交叉，原“多、一般、侧重”均须保留，不视为所有语境的排他禁令。,CN-LREF-G008,51-100,732ab222-dcbb-4b77-abef-8c7b41f456c2_origin.pdf,301—308,
迸发 激发 迸溅,迸溅,向四外溅。,,按本组所给词义、对象或侧重比较；相近处可交叉，原“多、一般、侧重”均须保留，不视为所有语境的排他禁令。,CN-LREF-G008,51-100,732ab222-dcbb-4b77-abef-8c7b41f456c2_origin.pdf,301—308,
必需 必须,必需,"动词,指一定要有,不可少,侧重于不可或缺,如“日用必需品”。",,不可缺少的需要与必要或命令副词，核后项与句法；不能只靠需须一字记忆。,CN-LREF-G009,51-100,732ab222-dcbb-4b77-abef-8c7b41f456c2_origin.pdf,309—315,7
必需 必须,必须,"①副词,表示事理上或情理上必要,一定要;②还用来加强命令语气。",,不可缺少的需要与必要或命令副词，核后项与句法；不能只靠需须一字记忆。,CN-LREF-G009,51-100,732ab222-dcbb-4b77-abef-8c7b41f456c2_origin.pdf,309—315,7
毕竟 究竟,毕竟,"表示追根究底所得的结论,强调事实或原因,常用于陈述句中。",,按本组所给词义、对象或侧重比较；相近处可交叉，原“多、一般、侧重”均须保留，不视为所有语境的排他禁令。,CN-LREF-G010,51-100,732ab222-dcbb-4b77-abef-8c7b41f456c2_origin.pdf,316—321,7
毕竟 究竟,究竟,"①表示追根究底,常用于问句中;②有时还作名词,指结果、原委。",,按本组所给词义、对象或侧重比较；相近处可交叉，原“多、一般、侧重”均须保留，不视为所有语境的排他禁令。,CN-LREF-G010,51-100,732ab222-dcbb-4b77-abef-8c7b41f456c2_origin.pdf,316—321,7
变幻 变换,变幻,"指不规则地改变,多用于抽象事物,如“风云变幻”。",,按本组所给词义、对象或侧重比较；相近处可交叉，原“多、一般、侧重”均须保留，不视为所有语境的排他禁令。,CN-LREF-G011,51-100,732ab222-dcbb-4b77-abef-8c7b41f456c2_origin.pdf,322—327,7
变幻 变换,变换,"指事物的一种形式或内容换成另一种,多用于具体的事物,如“变换位置”。",,按本组所给词义、对象或侧重比较；相近处可交叉，原“多、一般、侧重”均须保留，不视为所有语境的排他禁令。,CN-LREF-G011,51-100,732ab222-dcbb-4b77-abef-8c7b41f456c2_origin.pdf,322—327,7
不齿 不耻,不齿,"指不与同列,不看作同类(表示鄙视)。",,鄙视与不认为可耻，否定落在不同意义上。,CN-LREF-G012,51-100,732ab222-dcbb-4b77-abef-8c7b41f456c2_origin.pdf,328—333,
不齿 不耻,不耻,不认为可耻。,,鄙视与不认为可耻，否定落在不同意义上。,CN-LREF-G012,51-100,732ab222-dcbb-4b77-abef-8c7b41f456c2_origin.pdf,328—333,
不合 不和,不合,"不符合,不应该,合不来,如“不合时宜”“他俩脾气不合”。",,按本组所给词义、对象或侧重比较；相近处可交叉，原“多、一般、侧重”均须保留，不视为所有语境的排他禁令。,CN-LREF-G013,51-100,732ab222-dcbb-4b77-abef-8c7b41f456c2_origin.pdf,334—339,7
不合 不和,不和,"不和睦或不协调, 如“姑嫂不和”。",,按本组所给词义、对象或侧重比较；相近处可交叉，原“多、一般、侧重”均须保留，不视为所有语境的排他禁令。,CN-LREF-G013,51-100,732ab222-dcbb-4b77-abef-8c7b41f456c2_origin.pdf,334—339,7
不力 不利,不力,"指不尽力,不得力,如“办事不力”。",,按本组所给词义、对象或侧重比较；相近处可交叉，原“多、一般、侧重”均须保留，不视为所有语境的排他禁令。,CN-LREF-G014,51-100,732ab222-dcbb-4b77-abef-8c7b41f456c2_origin.pdf,340—345,
不力 不利,不利,"指没有好处,不顺利,如“扭转不利的局面”。",,按本组所给词义、对象或侧重比较；相近处可交叉，原“多、一般、侧重”均须保留，不视为所有语境的排他禁令。,CN-LREF-G014,51-100,732ab222-dcbb-4b77-abef-8c7b41f456c2_origin.pdf,340—345,
不止 不只,不止,"①动词,继续不停,如“大笑不止”;②副词,表示超出某个数目或范围。",,不停止或超数目，与不仅关系分开；相同读音不保证功能相同。,CN-LREF-G015,51-100,732ab222-dcbb-4b77-abef-8c7b41f456c2_origin.pdf,346—351,7、8
不止 不只,不只,"连词,指不但,不仅,如“不只对他好,也对你好”。",,不停止或超数目，与不仅关系分开；相同读音不保证功能相同。,CN-LREF-G015,51-100,732ab222-dcbb-4b77-abef-8c7b41f456c2_origin.pdf,346—351,7、8
部署 布置,部署,"指安排,布置人力、任务等,如“部署了一个团的兵力”。",,按本组所给词义、对象或侧重比较；相近处可交叉，原“多、一般、侧重”均须保留，不视为所有语境的排他禁令。,CN-LREF-G016,51-100,732ab222-dcbb-4b77-abef-8c7b41f456c2_origin.pdf,352—359,8
部署 布置,布置,"①指在一个地方安排和陈列各种物件使这个地方适合某种需要,如“布置新房”;②指对活动作出安排,如“布置工作”。",,按本组所给词义、对象或侧重比较；相近处可交叉，原“多、一般、侧重”均须保留，不视为所有语境的排他禁令。,CN-LREF-G016,51-100,732ab222-dcbb-4b77-abef-8c7b41f456c2_origin.pdf,352—359,8
查看 察看,查看,"指检查、观察事物的情况,如“查看灾情”。",,按本组所给词义、对象或侧重比较；相近处可交叉，原“多、一般、侧重”均须保留，不视为所有语境的排他禁令。,CN-LREF-G017,51-100,732ab222-dcbb-4b77-abef-8c7b41f456c2_origin.pdf,360—365,8
查看 察看,察看,"①指为了解情况而细看,如“察看风向”;②指对犯错误的人的一种处分,如“留校察看”。",,按本组所给词义、对象或侧重比较；相近处可交叉，原“多、一般、侧重”均须保留，不视为所有语境的排他禁令。,CN-LREF-G017,51-100,732ab222-dcbb-4b77-abef-8c7b41f456c2_origin.pdf,360—365,8
猖狂 猖獗,猖狂,"指狂妄而放肆,常形容敌人的进攻、反扑等行动,如“打退了敌人的猖狂进攻”。",,按本组所给词义、对象或侧重比较；相近处可交叉，原“多、一般、侧重”均须保留，不视为所有语境的排他禁令。,CN-LREF-G018,51-100,732ab222-dcbb-4b77-abef-8c7b41f456c2_origin.pdf,366—371,8
猖狂 猖獗,猖獗,"①指凶猛而放肆,除用于敌人的行动外,还用于疫情,如“病毒猖獗”;②指倾覆,跌倒。",,按本组所给词义、对象或侧重比较；相近处可交叉，原“多、一般、侧重”均须保留，不视为所有语境的排他禁令。,CN-LREF-G018,51-100,732ab222-dcbb-4b77-abef-8c7b41f456c2_origin.pdf,366—371,8
撤回 撤销,撤回,"指使驻在外面的人员回来,如“撤回军队”;也指收回发出去的文件等,如“撤回提案”。",,按本组所给词义、对象或侧重比较；相近处可交叉，原“多、一般、侧重”均须保留，不视为所有语境的排他禁令。,CN-LREF-G019,51-100,732ab222-dcbb-4b77-abef-8c7b41f456c2_origin.pdf,372—377,8
撤回 撤销,撤销,"指取消,其对象多是机构、职务、决议、处分等,多用于上级对下级。",,按本组所给词义、对象或侧重比较；相近处可交叉，原“多、一般、侧重”均须保留，不视为所有语境的排他禁令。,CN-LREF-G019,51-100,732ab222-dcbb-4b77-abef-8c7b41f456c2_origin.pdf,372—377,8
称赞 礼赞,称赞,指用言语表达对人或事物的优点的喜爱。,,按本组所给词义、对象或侧重比较；相近处可交叉，原“多、一般、侧重”均须保留，不视为所有语境的排他禁令。,CN-LREF-G020,51-100,732ab222-dcbb-4b77-abef-8c7b41f456c2_origin.pdf,378—383,8
称赞 礼赞,礼赞,"怀着敬意地赞扬,方式不限于言语,多用于书面语。",,按本组所给词义、对象或侧重比较；相近处可交叉，原“多、一般、侧重”均须保留，不视为所有语境的排他禁令。,CN-LREF-G020,51-100,732ab222-dcbb-4b77-abef-8c7b41f456c2_origin.pdf,378—383,8
沉醉 沉迷 沉湎 沉浸,沉醉,"大醉,比喻深深地沉浸在某种气氛或思想活动中。",,按本组所给词义、对象或侧重比较；相近处可交叉，原“多、一般、侧重”均须保留，不视为所有语境的排他禁令。,CN-LREF-G021,51-100,732ab222-dcbb-4b77-abef-8c7b41f456c2_origin.pdf,384—393,8
沉醉 沉迷 沉湎 沉浸,沉迷,深深地迷恋。,,按本组所给词义、对象或侧重比较；相近处可交叉，原“多、一般、侧重”均须保留，不视为所有语境的排他禁令。,CN-LREF-G021,51-100,732ab222-dcbb-4b77-abef-8c7b41f456c2_origin.pdf,384—393,8
沉醉 沉迷 沉湎 沉浸,沉湎,沉溺。,,按本组所给词义、对象或侧重比较；相近处可交叉，原“多、一般、侧重”均须保留，不视为所有语境的排他禁令。,CN-LREF-G021,51-100,732ab222-dcbb-4b77-abef-8c7b41f456c2_origin.pdf,384—393,8
沉醉 沉迷 沉湎 沉浸,沉浸,"浸入水中,多比喻人处于某种气氛或思想活动中。",,按本组所给词义、对象或侧重比较；相近处可交叉，原“多、一般、侧重”均须保留，不视为所有语境的排他禁令。,CN-LREF-G021,51-100,732ab222-dcbb-4b77-abef-8c7b41f456c2_origin.pdf,384—393,8
充满 充斥,充满,"填满,布满,也指充分具有。",,按本组所给词义、对象或侧重比较；相近处可交叉，原“多、一般、侧重”均须保留，不视为所有语境的排他禁令。,CN-LREF-G022,51-100,732ab222-dcbb-4b77-abef-8c7b41f456c2_origin.pdf,394—399,
充满 充斥,充斥,"充满,塞满(含厌恶意)。",,按本组所给词义、对象或侧重比较；相近处可交叉，原“多、一般、侧重”均须保留，不视为所有语境的排他禁令。,CN-LREF-G022,51-100,732ab222-dcbb-4b77-abef-8c7b41f456c2_origin.pdf,394—399,
憧憬 愿望 幻想,憧憬,"对某种事物的期待与向往,如“憧憬着幸福的明天”。",,按本组所给词义、对象或侧重比较；相近处可交叉，原“多、一般、侧重”均须保留，不视为所有语境的排他禁令。,CN-LREF-G023,51-100,732ab222-dcbb-4b77-abef-8c7b41f456c2_origin.pdf,400—407,8
憧憬 愿望 幻想,愿望,希望将来能达到某种目的的想法。,,按本组所给词义、对象或侧重比较；相近处可交叉，原“多、一般、侧重”均须保留，不视为所有语境的排他禁令。,CN-LREF-G023,51-100,732ab222-dcbb-4b77-abef-8c7b41f456c2_origin.pdf,400—407,8
憧憬 愿望 幻想,幻想,"以社会或个人的理想和愿望为依据,对还没有实现的事物有所想象,也指幻想出的情景。",,按本组所给词义、对象或侧重比较；相近处可交叉，原“多、一般、侧重”均须保留，不视为所有语境的排他禁令。,CN-LREF-G023,51-100,732ab222-dcbb-4b77-abef-8c7b41f456c2_origin.pdf,400—407,8
崇拜 推崇,崇拜,"指尊敬钦佩,其对象多是人、神或事物,强调主观上的钦佩。",,按本组所给词义、对象或侧重比较；相近处可交叉，原“多、一般、侧重”均须保留，不视为所有语境的排他禁令。,CN-LREF-G024,51-100,732ab222-dcbb-4b77-abef-8c7b41f456c2_origin.pdf,408—413,8
崇拜 推崇,推崇,"指十分推重(某种思想、行为、著作、发明等),强调理性上的重视。",,按本组所给词义、对象或侧重比较；相近处可交叉，原“多、一般、侧重”均须保留，不视为所有语境的排他禁令。,CN-LREF-G024,51-100,732ab222-dcbb-4b77-abef-8c7b41f456c2_origin.pdf,408—413,8
处世 处事,处世,"指在社会上活动,跟人来往相处,如“为人处世”。",,按本组所给词义、对象或侧重比较；相近处可交叉，原“多、一般、侧重”均须保留，不视为所有语境的排他禁令。,CN-LREF-G025,51-100,732ab222-dcbb-4b77-abef-8c7b41f456c2_origin.pdf,414—419,8
处世 处事,处事,"指处理事务,如“他处事严肃,态度却十分和蔼”。",,按本组所给词义、对象或侧重比较；相近处可交叉，原“多、一般、侧重”均须保留，不视为所有语境的排他禁令。,CN-LREF-G025,51-100,732ab222-dcbb-4b77-abef-8c7b41f456c2_origin.pdf,414—419,8
从而 进而 因而,从而,"连词,上文是原因、方法等,下文是结果、目的等。强调承接,前后分句关系须依具体语境判断（原表要求主语必须一致，不能作为绝对规则）,如“中国队以3:0战胜日本队,从而取得七战七胜的战绩”。",,承接所产生结果、进一步、因果的侧重；原从而前后主语必须一致说法过强，须依分句关系判断。,CN-LREF-G026,51-100,732ab222-dcbb-4b77-abef-8c7b41f456c2_origin.pdf,420—427,8
从而 进而 因而,进而,"强调进一步的行动,如“先制订计划,进而落实实施措施”。",,承接所产生结果、进一步、因果的侧重；原从而前后主语必须一致说法过强，须依分句关系判断。,CN-LREF-G026,51-100,732ab222-dcbb-4b77-abef-8c7b41f456c2_origin.pdf,420—427,8
从而 进而 因而,因而,"强调因果,如“这里环境优美,因而游人如织”。",,承接所产生结果、进一步、因果的侧重；原从而前后主语必须一致说法过强，须依分句关系判断。,CN-LREF-G026,51-100,732ab222-dcbb-4b77-abef-8c7b41f456c2_origin.pdf,420—427,8
窜改篡改,窜改,"指改动(成语、文件、古书等),单指文字改动,不含贬义。",,按本组所给词义、对象或侧重比较；相近处可交叉，原“多、一般、侧重”均须保留，不视为所有语境的排他禁令。,CN-LREF-G027,51-100,732ab222-dcbb-4b77-abef-8c7b41f456c2_origin.pdf,428—435,8
窜改篡改,篡改,"用作伪的手段改动或曲解(经典、理论、政策等),含贬义。",,按本组所给词义、对象或侧重比较；相近处可交叉，原“多、一般、侧重”均须保留，不视为所有语境的排他禁令。,CN-LREF-G027,51-100,732ab222-dcbb-4b77-abef-8c7b41f456c2_origin.pdf,428—435,8
打造 锻造,打造,"制造(多指金属器物),创造或造就。",,按本组所给词义、对象或侧重比较；相近处可交叉，原“多、一般、侧重”均须保留，不视为所有语境的排他禁令。,CN-LREF-G028,51-100,732ab222-dcbb-4b77-abef-8c7b41f456c2_origin.pdf,436—441,8
打造 锻造,锻造,"指用锤击、加压等方法,使在可塑状态下的金属材料成为具有一定形状和尺寸的工件,并提高它的机械性能。",,按本组所给词义、对象或侧重比较；相近处可交叉，原“多、一般、侧重”均须保留，不视为所有语境的排他禁令。,CN-LREF-G028,51-100,732ab222-dcbb-4b77-abef-8c7b41f456c2_origin.pdf,436—441,8
大事 大肆,大事,"①作副词,指大力从事,如“大事渲染”; ②作名词,指重大或重要的事情。",,按本组所给词义、对象或侧重比较；相近处可交叉，原“多、一般、侧重”均须保留，不视为所有语境的排他禁令。,CN-LREF-G029,51-100,732ab222-dcbb-4b77-abef-8c7b41f456c2_origin.pdf,442—447,9
大事 大肆,大肆,"指毫无顾忌地(做坏事),如“大肆挥霍”。",,按本组所给词义、对象或侧重比较；相近处可交叉，原“多、一般、侧重”均须保留，不视为所有语境的排他禁令。,CN-LREF-G029,51-100,732ab222-dcbb-4b77-abef-8c7b41f456c2_origin.pdf,442—447,9
抵制 抵御,抵制,"阻止某些事物,使不能侵入或发生作用。",,按本组所给词义、对象或侧重比较；相近处可交叉，原“多、一般、侧重”均须保留，不视为所有语境的排他禁令。,CN-LREF-G030,51-100,732ab222-dcbb-4b77-abef-8c7b41f456c2_origin.pdf,448—453,
抵制 抵御,抵御,"抵挡,抵抗。",,按本组所给词义、对象或侧重比较；相近处可交叉，原“多、一般、侧重”均须保留，不视为所有语境的排他禁令。,CN-LREF-G030,51-100,732ab222-dcbb-4b77-abef-8c7b41f456c2_origin.pdf,448—453,
淡泊 淡薄,淡泊,"指不追求,不热衷,如“淡泊名利”。",,按本组所给词义、对象或侧重比较；相近处可交叉，原“多、一般、侧重”均须保留，不视为所有语境的排他禁令。,CN-LREF-G031,51-100,732ab222-dcbb-4b77-abef-8c7b41f456c2_origin.pdf,454—459,9
淡泊 淡薄,淡薄,"①(云雾等)密度小,如“浓雾渐渐地淡薄了”;②(味道)不浓,如“酒味淡薄”;③(感情、兴趣等)不浓厚,如“人情淡薄”;④(印象)因淡忘而模糊。",,按本组所给词义、对象或侧重比较；相近处可交叉，原“多、一般、侧重”均须保留，不视为所有语境的排他禁令。,CN-LREF-G031,51-100,732ab222-dcbb-4b77-abef-8c7b41f456c2_origin.pdf,454—459,9
订金 定金,订金,指订购商品等的预付款。,,原区分预付款与担保款，仅作词义辨析；具体合同效力须据实际约定与现行法律，不能由名称单独决定。,CN-LREF-G032,51-100,732ab222-dcbb-4b77-abef-8c7b41f456c2_origin.pdf,460—465,9
订金 定金,定金,"指一方当事人为保证合同的履行,向对方当事人给付的一定数量的款项,具有担保作用和证明合同成立的作用。",,原区分预付款与担保款，仅作词义辨析；具体合同效力须据实际约定与现行法律，不能由名称单独决定。,CN-LREF-G032,51-100,732ab222-dcbb-4b77-abef-8c7b41f456c2_origin.pdf,460—465,9
度过 渡过,度过,多用于与时间推移有关的情况。,,按本组所给词义、对象或侧重比较；相近处可交叉，原“多、一般、侧重”均须保留，不视为所有语境的排他禁令。,CN-LREF-G033,51-100,732ab222-dcbb-4b77-abef-8c7b41f456c2_origin.pdf,466—471,9
度过 渡过,渡过,"指由此岸到达彼岸,有通过的意思,如“渡过黄河”“渡过难关”。",,按本组所给词义、对象或侧重比较；相近处可交叉，原“多、一般、侧重”均须保留，不视为所有语境的排他禁令。,CN-LREF-G033,51-100,732ab222-dcbb-4b77-abef-8c7b41f456c2_origin.pdf,466—471,9
夺取 攫取,夺取,"指武力强取或努力争取,如“夺取新的胜利”。",,按本组所给词义、对象或侧重比较；相近处可交叉，原“多、一般、侧重”均须保留，不视为所有语境的排他禁令。,CN-LREF-G034,51-100,732ab222-dcbb-4b77-abef-8c7b41f456c2_origin.pdf,472—479,
夺取 攫取,攫取,"贬义词,指掠夺,如“攫取人民的利益”。",,按本组所给词义、对象或侧重比较；相近处可交叉，原“多、一般、侧重”均须保留，不视为所有语境的排他禁令。,CN-LREF-G034,51-100,732ab222-dcbb-4b77-abef-8c7b41f456c2_origin.pdf,472—479,
遏制 遏止,遏制,"着重于“制”,制止,控制,使不发作,对象通常是情绪、敌人或某种力量,如“遏制心中的怒火”。",,按本组所给词义、对象或侧重比较；相近处可交叉，原“多、一般、侧重”均须保留，不视为所有语境的排他禁令。,CN-LREF-G035,51-100,732ab222-dcbb-4b77-abef-8c7b41f456c2_origin.pdf,480—485,9
遏制 遏止,遏止,"着重于“止”,指阻止,通常用于战争、暴动、洪流等,如“改革大潮无法遏止”。",,按本组所给词义、对象或侧重比较；相近处可交叉，原“多、一般、侧重”均须保留，不视为所有语境的排他禁令。,CN-LREF-G035,51-100,732ab222-dcbb-4b77-abef-8c7b41f456c2_origin.pdf,480—485,9
讹诈 敲诈,讹诈,突出强行索取钱财的手段多是假借某种理由。,,按本组所给词义、对象或侧重比较；相近处可交叉，原“多、一般、侧重”均须保留，不视为所有语境的排他禁令。,CN-LREF-G036,51-100,732ab222-dcbb-4b77-abef-8c7b41f456c2_origin.pdf,486—491,
讹诈 敲诈,敲诈,强调依仗势力或用威胁、欺骗手段强取豪夺。,,按本组所给词义、对象或侧重比较；相近处可交叉，原“多、一般、侧重”均须保留，不视为所有语境的排他禁令。,CN-LREF-G036,51-100,732ab222-dcbb-4b77-abef-8c7b41f456c2_origin.pdf,486—491,
厄运 噩运,厄运,"侧重困苦的遭遇、不幸的命运,如“洪水冲走了一切,他遭此厄运,悲痛不已”。",,按本组所给词义、对象或侧重比较；相近处可交叉，原“多、一般、侧重”均须保留，不视为所有语境的排他禁令。,CN-LREF-G037,51-100,732ab222-dcbb-4b77-abef-8c7b41f456c2_origin.pdf,492—499,9
厄运 噩运,噩运,"指坏的运气,如“噩运连连”。",,按本组所给词义、对象或侧重比较；相近处可交叉，原“多、一般、侧重”均须保留，不视为所有语境的排他禁令。,CN-LREF-G037,51-100,732ab222-dcbb-4b77-abef-8c7b41f456c2_origin.pdf,492—499,9
法治 法制,法治,指根据法律治理国家和社会。,,按本组所给词义、对象或侧重比较；相近处可交叉，原“多、一般、侧重”均须保留，不视为所有语境的排他禁令。,CN-LREF-G038,51-100,732ab222-dcbb-4b77-abef-8c7b41f456c2_origin.pdf,500—505,9
法治 法制,法制,"只用作名词, 指法律制度体系, 如“健全法制”。",,按本组所给词义、对象或侧重比较；相近处可交叉，原“多、一般、侧重”均须保留，不视为所有语境的排他禁令。,CN-LREF-G038,51-100,732ab222-dcbb-4b77-abef-8c7b41f456c2_origin.pdf,500—505,9
反应 反映,反应,①指事情所引起的意见、态度或行动;②指机体受到体内或体外的刺激而引起相应的活动或变化。,,按本组所给词义、对象或侧重比较；相近处可交叉，原“多、一般、侧重”均须保留，不视为所有语境的排他禁令。,CN-LREF-G039,51-100,732ab222-dcbb-4b77-abef-8c7b41f456c2_origin.pdf,506—511,9
反应 反映,反映,①比喻把客观事物的实质表现出来;②指把情况、意见等告诉上级或有关部门。,,按本组所给词义、对象或侧重比较；相近处可交叉，原“多、一般、侧重”均须保留，不视为所有语境的排他禁令。,CN-LREF-G039,51-100,732ab222-dcbb-4b77-abef-8c7b41f456c2_origin.pdf,506—511,9
防治 防止,防治,"指预防和治疗(疾病等),预防和治理(灾害等),如“防治结核病”。",,按本组所给词义、对象或侧重比较；相近处可交叉，原“多、一般、侧重”均须保留，不视为所有语境的排他禁令。,CN-LREF-G040,51-100,732ab222-dcbb-4b77-abef-8c7b41f456c2_origin.pdf,512—517,9
防治 防止,防止,"指预先设法制止(坏事发生),如“防止类似事故发生”。",,按本组所给词义、对象或侧重比较；相近处可交叉，原“多、一般、侧重”均须保留，不视为所有语境的排他禁令。,CN-LREF-G040,51-100,732ab222-dcbb-4b77-abef-8c7b41f456c2_origin.pdf,512—517,9
妨碍 妨害,妨碍,"指使事情不能顺利进行,阻碍,程度较轻。",,按本组所给词义、对象或侧重比较；相近处可交叉，原“多、一般、侧重”均须保留，不视为所有语境的排他禁令。,CN-LREF-G041,51-100,732ab222-dcbb-4b77-abef-8c7b41f456c2_origin.pdf,518—523,
妨碍 妨害,妨害,"指有害于,程度较重。",,按本组所给词义、对象或侧重比较；相近处可交叉，原“多、一般、侧重”均须保留，不视为所有语境的排他禁令。,CN-LREF-G041,51-100,732ab222-dcbb-4b77-abef-8c7b41f456c2_origin.pdf,518—523,
分辨 分辩,分辨,"指分清辨明,着重于区分、辨明差别,如“分辨香花和毒草”。",,辨明差别与以言语辩白，按原句分辨香花毒草和不想分辩核对象。,CN-LREF-G042,51-100,732ab222-dcbb-4b77-abef-8c7b41f456c2_origin.pdf,524—529,9
分辨 分辩,分辩,"指用语言辩白,着重于解释清楚理由,如“他们爱说什么就说什么,我不想分辩”。",,辨明差别与以言语辩白，按原句分辨香花毒草和不想分辩核对象。,CN-LREF-G042,51-100,732ab222-dcbb-4b77-abef-8c7b41f456c2_origin.pdf,524—529,9
风尚 风气 风俗,风尚,"褒义词,指在一定时期中社会上流行的风气和习惯,有时包括道德品质、精神等。",,按本组所给词义、对象或侧重比较；相近处可交叉，原“多、一般、侧重”均须保留，不视为所有语境的排他禁令。,CN-LREF-G043,51-100,732ab222-dcbb-4b77-abef-8c7b41f456c2_origin.pdf,530—537,9
风尚 风气 风俗,风气,"中性词,偏重习气,指社会上或某个集体中流行的较普遍的爱好、习惯。",,按本组所给词义、对象或侧重比较；相近处可交叉，原“多、一般、侧重”均须保留，不视为所有语境的排他禁令。,CN-LREF-G043,51-100,732ab222-dcbb-4b77-abef-8c7b41f456c2_origin.pdf,530—537,9
风尚 风气 风俗,风俗,"中性词,偏重习俗,指社会上长期形成的风尚、礼节、习惯等的总和。",,按本组所给词义、对象或侧重比较；相近处可交叉，原“多、一般、侧重”均须保留，不视为所有语境的排他禁令。,CN-LREF-G043,51-100,732ab222-dcbb-4b77-abef-8c7b41f456c2_origin.pdf,530—537,9
肤浅 浮浅,肤浅,"常指学识浅,理解不深,如“我对戏曲的了解很肤浅”。",,按本组所给词义、对象或侧重比较；相近处可交叉，原“多、一般、侧重”均须保留，不视为所有语境的排他禁令。,CN-LREF-G044,51-100,732ab222-dcbb-4b77-abef-8c7b41f456c2_origin.pdf,538—543,9、10
肤浅 浮浅,浮浅,"主要用于作风、思想等,着重于浮在表面,指认识浅薄,如“内容浮浅”。",,按本组所给词义、对象或侧重比较；相近处可交叉，原“多、一般、侧重”均须保留，不视为所有语境的排他禁令。,CN-LREF-G044,51-100,732ab222-dcbb-4b77-abef-8c7b41f456c2_origin.pdf,538—543,9、10
扶养 抚养 赡养,扶养,"指养活,对长幼皆可用,如“扶养老人”“把孩子扶养成人”。",,按本组所给词义、对象或侧重比较；相近处可交叉，原“多、一般、侧重”均须保留，不视为所有语境的排他禁令。,CN-LREF-G045,51-100,732ab222-dcbb-4b77-abef-8c7b41f456c2_origin.pdf,544—551,10
扶养 抚养 赡养,抚养,"指爱护并教养,一般指长辈对晚辈。",,按本组所给词义、对象或侧重比较；相近处可交叉，原“多、一般、侧重”均须保留，不视为所有语境的排他禁令。,CN-LREF-G045,51-100,732ab222-dcbb-4b77-abef-8c7b41f456c2_origin.pdf,544—551,10
扶养 抚养 赡养,赡养,"指供给生活所需,特指子女对父母在物质上和生活上进行帮助。",,按本组所给词义、对象或侧重比较；相近处可交叉，原“多、一般、侧重”均须保留，不视为所有语境的排他禁令。,CN-LREF-G045,51-100,732ab222-dcbb-4b77-abef-8c7b41f456c2_origin.pdf,544—551,10
伏法 服法,伏法,指(犯人)被执行死刑。,,按本组所给词义、对象或侧重比较；相近处可交叉，原“多、一般、侧重”均须保留，不视为所有语境的排他禁令。,CN-LREF-G046,51-100,732ab222-dcbb-4b77-abef-8c7b41f456c2_origin.pdf,552—557,
伏法 服法,服法,指(犯人)服从判决。,,按本组所给词义、对象或侧重比较；相近处可交叉，原“多、一般、侧重”均须保留，不视为所有语境的排他禁令。,CN-LREF-G046,51-100,732ab222-dcbb-4b77-abef-8c7b41f456c2_origin.pdf,552—557,
辐射 投射,辐射,指从中心向各个方向沿着直线伸展出去。光线、无线电波等电磁波的传播也叫辐射。,,按本组所给词义、对象或侧重比较；相近处可交叉，原“多、一般、侧重”均须保留，不视为所有语境的排他禁令。,CN-LREF-G047,51-100,732ab222-dcbb-4b77-abef-8c7b41f456c2_origin.pdf,558—566,
辐射 投射,投射,"①指(对着目标)扔,掷;②(光线等)射。",,按本组所给词义、对象或侧重比较；相近处可交叉，原“多、一般、侧重”均须保留，不视为所有语境的排他禁令。,CN-LREF-G047,51-100,732ab222-dcbb-4b77-abef-8c7b41f456c2_origin.pdf,558—566,
改变 蜕变,改变,"指事物发生显著的差别,改换,更动。",,按本组所给词义、对象或侧重比较；相近处可交叉，原“多、一般、侧重”均须保留，不视为所有语境的排他禁令。,CN-LREF-G048,51-100,732ab222-dcbb-4b77-abef-8c7b41f456c2_origin.pdf,567—572,
改变 蜕变,蜕变,①指(人或事物)发生质变;②衰变。,,按本组所给词义、对象或侧重比较；相近处可交叉，原“多、一般、侧重”均须保留，不视为所有语境的排他禁令。,CN-LREF-G048,51-100,732ab222-dcbb-4b77-abef-8c7b41f456c2_origin.pdf,567—572,
给以 给予,给以,"后面只说所给的事物(多为抽象事物),不说接受的人。",,按后接所给事物或接受者检查原搭配，实际句子须完整分析。,CN-LREF-G049,51-100,732ab222-dcbb-4b77-abef-8c7b41f456c2_origin.pdf,573—578,10
给以 给予,给予,"后面既可跟接受的人,也可直接说所给的事物。",,按后接所给事物或接受者检查原搭配，实际句子须完整分析。,CN-LREF-G049,51-100,732ab222-dcbb-4b77-abef-8c7b41f456c2_origin.pdf,573—578,10
工夫 功夫,工夫,主要指占用的时间或空闲时间。,,按本组所给词义、对象或侧重比较；相近处可交叉，原“多、一般、侧重”均须保留，不视为所有语境的排他禁令。,CN-LREF-G050,51-100,732ab222-dcbb-4b77-abef-8c7b41f456c2_origin.pdf,579—584,10
工夫 功夫,功夫,"①本领,造诣;②武术;③做事所耗费的时间和精力。",,按本组所给词义、对象或侧重比较；相近处可交叉，原“多、一般、侧重”均须保留，不视为所有语境的排他禁令。,CN-LREF-G050,51-100,732ab222-dcbb-4b77-abef-8c7b41f456c2_origin.pdf,579—584,10
勾通 沟通,勾通,"指暗中串通,勾结,贬义词。",,按本组所给词义、对象或侧重比较；相近处可交叉，原“多、一般、侧重”均须保留，不视为所有语境的排他禁令。,CN-LREF-G051,51-100,732ab222-dcbb-4b77-abef-8c7b41f456c2_origin.pdf,585—590,
勾通 沟通,沟通,指使两方能通连。,,按本组所给词义、对象或侧重比较；相近处可交叉，原“多、一般、侧重”均须保留，不视为所有语境的排他禁令。,CN-LREF-G051,51-100,732ab222-dcbb-4b77-abef-8c7b41f456c2_origin.pdf,585—590,
鼓动 煽动,鼓动,"指用语言、文字等激发人们的情绪,使他们行动起来,如“经他一鼓动,不少人都去学习使用电脑了”。",,按本组所给词义、对象或侧重比较；相近处可交叉，原“多、一般、侧重”均须保留，不视为所有语境的排他禁令。,CN-LREF-G052,51-100,732ab222-dcbb-4b77-abef-8c7b41f456c2_origin.pdf,591—596,10
鼓动 煽动,煽动,"指鼓动别人去做坏事,如“煽动暴乱”“煽动闹事”。",,按本组所给词义、对象或侧重比较；相近处可交叉，原“多、一般、侧重”均须保留，不视为所有语境的排他禁令。,CN-LREF-G052,51-100,732ab222-dcbb-4b77-abef-8c7b41f456c2_origin.pdf,591—596,10
关于 对于,关于,"①表示关涉,用“关于”;②组成的介词结构可以单独做文章的题目,如“关于人生观”。",,按本组所给词义、对象或侧重比较；相近处可交叉，原“多、一般、侧重”均须保留，不视为所有语境的排他禁令。,CN-LREF-G053,51-100,732ab222-dcbb-4b77-abef-8c7b41f456c2_origin.pdf,597—602,10
关于 对于,对于,"①指出对象,用“对于”;②组成的介词结构只有跟名词组成偏正词组,才能做题目,如“对于提高教学质量的几点意见”。",,按本组所给词义、对象或侧重比较；相近处可交叉，原“多、一般、侧重”均须保留，不视为所有语境的排他禁令。,CN-LREF-G053,51-100,732ab222-dcbb-4b77-abef-8c7b41f456c2_origin.pdf,597—602,10
管辖 管制,管辖,"指管理,统辖(人员、事务、区域、案件等)。",,按本组所给词义、对象或侧重比较；相近处可交叉，原“多、一般、侧重”均须保留，不视为所有语境的排他禁令。,CN-LREF-G054,51-100,732ab222-dcbb-4b77-abef-8c7b41f456c2_origin.pdf,603—608,10
管辖 管制,管制,①指强制管理;②对犯罪分子施行强制管束、限制其一定自由的刑罚。,,按本组所给词义、对象或侧重比较；相近处可交叉，原“多、一般、侧重”均须保留，不视为所有语境的排他禁令。,CN-LREF-G054,51-100,732ab222-dcbb-4b77-abef-8c7b41f456c2_origin.pdf,603—608,10
光临 莅临,光临,"敬辞,称宾客来到,如“欢迎光临”。",,都是尊敬对方来临，莅临较书面；不是分别由年龄高低决定。,CN-LREF-G055,51-100,732ab222-dcbb-4b77-abef-8c7b41f456c2_origin.pdf,609—614,10
光临 莅临,莅临,"指来到,来临(多用于贵宾),常用在书面语中,如“敬请莅临指导”。",,都是尊敬对方来临，莅临较书面；不是分别由年龄高低决定。,CN-LREF-G055,51-100,732ab222-dcbb-4b77-abef-8c7b41f456c2_origin.pdf,609—614,10
干涉 干预,干涉,"侧重强行参与,横加阻挠,多指用粗暴强硬的手段过问或制止,迫使对方服从,如“互不干涉内政”。",,按本组所给词义、对象或侧重比较；相近处可交叉，原“多、一般、侧重”均须保留，不视为所有语境的排他禁令。,CN-LREF-G056,51-100,732ab222-dcbb-4b77-abef-8c7b41f456c2_origin.pdf,615—620,10
干涉 干预,干预,"侧重出于职权、责任感或积极的目的而过问某事,如“这棵小树的生长无需外力干预”。",,按本组所给词义、对象或侧重比较；相近处可交叉，原“多、一般、侧重”均须保留，不视为所有语境的排他禁令。,CN-LREF-G056,51-100,732ab222-dcbb-4b77-abef-8c7b41f456c2_origin.pdf,615—620,10
果断 武断,果断,"形容有决断,不犹豫,褒义词。",,按本组所给词义、对象或侧重比较；相近处可交叉，原“多、一般、侧重”均须保留，不视为所有语境的排他禁令。,CN-LREF-G057,51-100,732ab222-dcbb-4b77-abef-8c7b41f456c2_origin.pdf,621—626,
果断 武断,武断,"形容言行主观片面,贬义词。",,按本组所给词义、对象或侧重比较；相近处可交叉，原“多、一般、侧重”均须保留，不视为所有语境的排他禁令。,CN-LREF-G057,51-100,732ab222-dcbb-4b77-abef-8c7b41f456c2_origin.pdf,621—626,
过度 过渡,过度,"形容词,指超过适当的限度,如“过度疲劳”。",,超过限度的性质与阶段转变动作，度渡分别核。,CN-LREF-G058,51-100,732ab222-dcbb-4b77-abef-8c7b41f456c2_origin.pdf,627—634,10
过度 过渡,过渡,"动词,指事物由一个阶段或一种状态逐渐发展变化而转入另一个阶段或另一种状态,如“过渡时期”。",,超过限度的性质与阶段转变动作，度渡分别核。,CN-LREF-G058,51-100,732ab222-dcbb-4b77-abef-8c7b41f456c2_origin.pdf,627—634,10
合约 和约,合约,"指合同(多指条文比较简单的),如“劳动合约”。",,按本组所给词义、对象或侧重比较；相近处可交叉，原“多、一般、侧重”均须保留，不视为所有语境的排他禁令。,CN-LREF-G059,51-100,732ab222-dcbb-4b77-abef-8c7b41f456c2_origin.pdf,635—640,10
合约 和约,和约,"交战双方订立的结束战争、恢复和平关系的条约,如“订立停战和约”。",,按本组所给词义、对象或侧重比较；相近处可交叉，原“多、一般、侧重”均须保留，不视为所有语境的排他禁令。,CN-LREF-G059,51-100,732ab222-dcbb-4b77-abef-8c7b41f456c2_origin.pdf,635—640,10
烘托 衬托,烘托,"①写作时指先从侧面描写,然后引出主题,使要表现的事物鲜明突出;②陪衬,使明显突出。",,按本组所给词义、对象或侧重比较；相近处可交叉，原“多、一般、侧重”均须保留，不视为所有语境的排他禁令。,CN-LREF-G060,51-100,732ab222-dcbb-4b77-abef-8c7b41f456c2_origin.pdf,641—646,10、11
烘托 衬托,衬托,"指为了使事物的特色突出,把另一些事物放在一起来陪衬或对照。",,按本组所给词义、对象或侧重比较；相近处可交叉，原“多、一般、侧重”均须保留，不视为所有语境的排他禁令。,CN-LREF-G060,51-100,732ab222-dcbb-4b77-abef-8c7b41f456c2_origin.pdf,641—646,10、11
洪大 宏大,洪大,"指声音等很大,如“洪大的回声”。",,按本组所给词义、对象或侧重比较；相近处可交叉，原“多、一般、侧重”均须保留，不视为所有语境的排他禁令。,CN-LREF-G061,51-100,732ab222-dcbb-4b77-abef-8c7b41f456c2_origin.pdf,647—652,
洪大 宏大,宏大,"巨大,宏伟,如“规模宏大”。",,按本组所给词义、对象或侧重比较；相近处可交叉，原“多、一般、侧重”均须保留，不视为所有语境的排他禁令。,CN-LREF-G061,51-100,732ab222-dcbb-4b77-abef-8c7b41f456c2_origin.pdf,647—652,
忽然 突然,忽然,"作副词,侧重表示事情发生得迅速或急促,如“忽然下起大雨”。",,原突然另有形容词用法；不能把所有位置视作都可换。,CN-LREF-G062,51-100,732ab222-dcbb-4b77-abef-8c7b41f456c2_origin.pdf,653—658,11
忽然 突然,突然,"①作副词,侧重出人意料;②作形容词,如“他来得很突然”。",,原突然另有形容词用法；不能把所有位置视作都可换。,CN-LREF-G062,51-100,732ab222-dcbb-4b77-abef-8c7b41f456c2_origin.pdf,653—658,11
化妆 化装,化妆,指用脂粉等使容貌美丽。,,美容与扮演角色或假扮，注意共同修饰容貌不等于用途相同。,CN-LREF-G063,51-100,732ab222-dcbb-4b77-abef-8c7b41f456c2_origin.pdf,659—664,11
化妆 化装,化装,"①演员为适合所扮演的角色的形象而修饰容貌;②改变装束、容貌,假扮,如“他化装成乞丐模样”。",,美容与扮演角色或假扮，注意共同修饰容貌不等于用途相同。,CN-LREF-G063,51-100,732ab222-dcbb-4b77-abef-8c7b41f456c2_origin.pdf,659—664,11
汇合 会合,汇合,"①(水流)聚集;②会合,可用于抽象事物,如“人民的意志汇合成一支巨大的力量”。",,按本组所给词义、对象或侧重比较；相近处可交叉，原“多、一般、侧重”均须保留，不视为所有语境的排他禁令。,CN-LREF-G064,51-100,732ab222-dcbb-4b77-abef-8c7b41f456c2_origin.pdf,665—672,11
汇合 会合,会合,"指聚集到一起,多用于具体事物,如“两军会合后继续前进”。",,按本组所给词义、对象或侧重比较；相近处可交叉，原“多、一般、侧重”均须保留，不视为所有语境的排他禁令。,CN-LREF-G064,51-100,732ab222-dcbb-4b77-abef-8c7b41f456c2_origin.pdf,665—672,11
基于 鉴于,基于,"介词,指根据。",,按本组所给词义、对象或侧重比较；相近处可交叉，原“多、一般、侧重”均须保留，不视为所有语境的排他禁令。,CN-LREF-G065,51-100,732ab222-dcbb-4b77-abef-8c7b41f456c2_origin.pdf,673—681,
基于 鉴于,鉴于,"①介词,指以某种情况为前提加以考虑;②连词,用在表因果关系的复句中前一分句句首,指出后一分句行为的依据、原因或理由,如“鉴于群众反映,我们准备开展检查”。",,按本组所给词义、对象或侧重比较；相近处可交叉，原“多、一般、侧重”均须保留，不视为所有语境的排他禁令。,CN-LREF-G065,51-100,732ab222-dcbb-4b77-abef-8c7b41f456c2_origin.pdf,673—681,
汲取 吸取,汲取,"吸取,多用于书面语,如“汲取经验”。",,按本组所给词义、对象或侧重比较；相近处可交叉，原“多、一般、侧重”均须保留，不视为所有语境的排他禁令。,CN-LREF-G066,51-100,732ab222-dcbb-4b77-abef-8c7b41f456c2_origin.pdf,682—687,11
汲取 吸取,吸取,"吸收获取, 在口语、书面语中都可使用, 如 “吸取养料”。",,按本组所给词义、对象或侧重比较；相近处可交叉，原“多、一般、侧重”均须保留，不视为所有语境的排他禁令。,CN-LREF-G066,51-100,732ab222-dcbb-4b77-abef-8c7b41f456c2_origin.pdf,682—687,11
即使 既然,即使,"表示假定先承认某种事实,暂让一步,常与“也”搭配使用。",,按本组所给词义、对象或侧重比较；相近处可交叉，原“多、一般、侧重”均须保留，不视为所有语境的排他禁令。,CN-LREF-G067,51-100,732ab222-dcbb-4b77-abef-8c7b41f456c2_origin.pdf,688—693,11
即使 既然,既然,"表示先对现实或已有的结论予以承认,而后进一步做出判断,常与“就、还”等搭配使用。",,按本组所给词义、对象或侧重比较；相近处可交叉，原“多、一般、侧重”均须保留，不视为所有语境的排他禁令。,CN-LREF-G067,51-100,732ab222-dcbb-4b77-abef-8c7b41f456c2_origin.pdf,688—693,11
坚忍 坚韧,坚忍,"指(在艰难困苦的情况下)坚持而不动摇,如“他老实,健壮,坚忍”。",,按本组所给词义、对象或侧重比较；相近处可交叉，原“多、一般、侧重”均须保留，不视为所有语境的排他禁令。,CN-LREF-G068,51-100,732ab222-dcbb-4b77-abef-8c7b41f456c2_origin.pdf,694—699,11
坚忍 坚韧,坚韧,"指坚固有韧性,如“质地坚韧”。",,按本组所给词义、对象或侧重比较；相近处可交叉，原“多、一般、侧重”均须保留，不视为所有语境的排他禁令。,CN-LREF-G068,51-100,732ab222-dcbb-4b77-abef-8c7b41f456c2_origin.pdf,694—699,11
检察 检查,检察,"指检举核查,考察。",,按本组所给词义、对象或侧重比较；相近处可交叉，原“多、一般、侧重”均须保留，不视为所有语境的排他禁令。,CN-LREF-G069,51-100,732ab222-dcbb-4b77-abef-8c7b41f456c2_origin.pdf,700—705,
检察 检查,检查,指为了发现问题而用心查看。,,按本组所给词义、对象或侧重比较；相近处可交叉，原“多、一般、侧重”均须保留，不视为所有语境的排他禁令。,CN-LREF-G069,51-100,732ab222-dcbb-4b77-abef-8c7b41f456c2_origin.pdf,700—705,
节俭 节减,节俭,"形容词,指用钱等有节制,俭省,如“生活节俭”。",,按本组所给词义、对象或侧重比较；相近处可交叉，原“多、一般、侧重”均须保留，不视为所有语境的排他禁令。,CN-LREF-G070,51-100,732ab222-dcbb-4b77-abef-8c7b41f456c2_origin.pdf,706—711,11
节俭 节减,节减,"动词,指节省减少(费用),如“节减经费”。",,按本组所给词义、对象或侧重比较；相近处可交叉，原“多、一般、侧重”均须保留，不视为所有语境的排他禁令。,CN-LREF-G070,51-100,732ab222-dcbb-4b77-abef-8c7b41f456c2_origin.pdf,706—711,11
结余 节余,结余,指结算后余下。,,结算余下与节约余下，着眼形成原因。,CN-LREF-G071,51-100,732ab222-dcbb-4b77-abef-8c7b41f456c2_origin.pdf,712—717,
结余 节余,节余,指因节约而剩下。,,结算余下与节约余下，着眼形成原因。,CN-LREF-G071,51-100,732ab222-dcbb-4b77-abef-8c7b41f456c2_origin.pdf,712—717,
截止 截至,截止,"指(到一定期限)停止,如“报名在昨天已经截止”。",,停止与到某时，核后接截止时点及句法。,CN-LREF-G072,51-100,732ab222-dcbb-4b77-abef-8c7b41f456c2_origin.pdf,718—723,11
截止 截至,截至,"指截止到(某个时候),如“报名日期截至本月底”。",,停止与到某时，核后接截止时点及句法。,CN-LREF-G072,51-100,732ab222-dcbb-4b77-abef-8c7b41f456c2_origin.pdf,718—723,11
界限 界线,界限,"①指不同事物的分界,具有抽象意义;②指尽头处,限度,如“殖民主义者的野心是没有界限的”。",,按本组所给词义、对象或侧重比较；相近处可交叉，原“多、一般、侧重”均须保留，不视为所有语境的排他禁令。,CN-LREF-G073,51-100,732ab222-dcbb-4b77-abef-8c7b41f456c2_origin.pdf,724—729,11
界限 界线,界线,"①指不同事物的分界,具有抽象意义;②指两个地区分界的线,意义较具体,如“跨越界线”。③某些事物的边缘。",,按本组所给词义、对象或侧重比较；相近处可交叉，原“多、一般、侧重”均须保留，不视为所有语境的排他禁令。,CN-LREF-G073,51-100,732ab222-dcbb-4b77-abef-8c7b41f456c2_origin.pdf,724—729,11
精制 精致,精制,"动词,指在粗制品上加工,精工制造,如“精制盐”。",,按本组所给词义、对象或侧重比较；相近处可交叉，原“多、一般、侧重”均须保留，不视为所有语境的排他禁令。,CN-LREF-G074,51-100,732ab222-dcbb-4b77-abef-8c7b41f456c2_origin.pdf,730—735,11
精制 精致,精致,"形容词,指精巧细致,如“精致的工艺品”。",,按本组所给词义、对象或侧重比较；相近处可交叉，原“多、一般、侧重”均须保留，不视为所有语境的排他禁令。,CN-LREF-G074,51-100,732ab222-dcbb-4b77-abef-8c7b41f456c2_origin.pdf,730—735,11
敬赠 惠赠,敬赠,"指恭敬地赠送,谦辞。",,己恭敬赠与对方赠，先确定说话角色和赠送方向。,CN-LREF-G075,51-100,732ab222-dcbb-4b77-abef-8c7b41f456c2_origin.pdf,736—741,
敬赠 惠赠,惠赠,"指对方赠予财物,敬辞。",,己恭敬赠与对方赠，先确定说话角色和赠送方向。,CN-LREF-G075,51-100,732ab222-dcbb-4b77-abef-8c7b41f456c2_origin.pdf,736—741,
聚集 聚焦,聚集,"集合,凑在一起。",,按本组所给词义、对象或侧重比较；相近处可交叉，原“多、一般、侧重”均须保留，不视为所有语境的排他禁令。,CN-LREF-G076,51-100,732ab222-dcbb-4b77-abef-8c7b41f456c2_origin.pdf,742—749,11
聚集 聚焦,聚焦,①使光或电子束等聚集于一点;②比喻视线、注意力等集中于某处。,,按本组所给词义、对象或侧重比较；相近处可交叉，原“多、一般、侧重”均须保留，不视为所有语境的排他禁令。,CN-LREF-G076,51-100,732ab222-dcbb-4b77-abef-8c7b41f456c2_origin.pdf,742—749,11
开阔 宽阔 开辟 广阔,开阔,①指(面积或空间范围)宽广;②(思想、心胸)宽阔;③使开阔。,,按本组所给词义、对象或侧重比较；相近处可交叉，原“多、一般、侧重”均须保留，不视为所有语境的排他禁令。,CN-LREF-G077,51-100,732ab222-dcbb-4b77-abef-8c7b41f456c2_origin.pdf,750—759,12
开阔 宽阔 开辟 广阔,宽阔,"①宽,阔;②(心胸、见识等)开阔,不狭隘。",,按本组所给词义、对象或侧重比较；相近处可交叉，原“多、一般、侧重”均须保留，不视为所有语境的排他禁令。,CN-LREF-G077,51-100,732ab222-dcbb-4b77-abef-8c7b41f456c2_origin.pdf,750—759,12
开阔 宽阔 开辟 广阔,开辟,"指打开通路,开拓扩展,开创,创立。",,按本组所给词义、对象或侧重比较；相近处可交叉，原“多、一般、侧重”均须保留，不视为所有语境的排他禁令。,CN-LREF-G077,51-100,732ab222-dcbb-4b77-abef-8c7b41f456c2_origin.pdf,750—759,12
开阔 宽阔 开辟 广阔,广阔,指广大宽阔。,,按本组所给词义、对象或侧重比较；相近处可交叉，原“多、一般、侧重”均须保留，不视为所有语境的排他禁令。,CN-LREF-G077,51-100,732ab222-dcbb-4b77-abef-8c7b41f456c2_origin.pdf,750—759,12
考察 考查,考察,"①实地观察调查,如“他们到各地考察水利工程”;②细致深刻地观察。",,按本组所给词义、对象或侧重比较；相近处可交叉，原“多、一般、侧重”均须保留，不视为所有语境的排他禁令。,CN-LREF-G078,51-100,732ab222-dcbb-4b77-abef-8c7b41f456c2_origin.pdf,760—765,12
考察 考查,考查,"指用一定的标准来检查衡量(行为、活动),如“考查学业成绩”。",,按本组所给词义、对象或侧重比较；相近处可交叉，原“多、一般、侧重”均须保留，不视为所有语境的排他禁令。,CN-LREF-G078,51-100,732ab222-dcbb-4b77-abef-8c7b41f456c2_origin.pdf,760—765,12
恪守 遵守,恪守,"指严格遵守,多用于书面语,如“恪守不渝”。",,按本组所给词义、对象或侧重比较；相近处可交叉，原“多、一般、侧重”均须保留，不视为所有语境的排他禁令。,CN-LREF-G079,51-100,732ab222-dcbb-4b77-abef-8c7b41f456c2_origin.pdf,766—773,12
恪守 遵守,遵守,"指依照规定行动, 不违背, 如“遵守交通规则”。",,按本组所给词义、对象或侧重比较；相近处可交叉，原“多、一般、侧重”均须保留，不视为所有语境的排他禁令。,CN-LREF-G079,51-100,732ab222-dcbb-4b77-abef-8c7b41f456c2_origin.pdf,766—773,12
滥用 乱用,滥用,"指胡乱地或过度地使用,侧重无节制,超范围,如“滥用职权”。",,按本组所给词义、对象或侧重比较；相近处可交叉，原“多、一般、侧重”均须保留，不视为所有语境的排他禁令。,CN-LREF-G080,51-100,732ab222-dcbb-4b77-abef-8c7b41f456c2_origin.pdf,774—779,12
滥用 乱用,乱用,"指该用甲而用了乙,侧重混乱、错误,如“不能乱用药品”。",,按本组所给词义、对象或侧重比较；相近处可交叉，原“多、一般、侧重”均须保留，不视为所有语境的排他禁令。,CN-LREF-G080,51-100,732ab222-dcbb-4b77-abef-8c7b41f456c2_origin.pdf,774—779,12
厉害 利害,厉害,"①指难以对付或忍受,剧烈,凶猛,如“心跳得厉害”;②严厉,如“这个老师很厉害,学生有些怕他”;③了不起,如“他是个厉害的人物”。",,按本组所给词义、对象或侧重比较；相近处可交叉，原“多、一般、侧重”均须保留，不视为所有语境的排他禁令。,CN-LREF-G081,51-100,732ab222-dcbb-4b77-abef-8c7b41f456c2_origin.pdf,780—785,12
厉害 利害,利害,"①指利益和损害, 如“利害得失”; ②同“厉害”。",,按本组所给词义、对象或侧重比较；相近处可交叉，原“多、一般、侧重”均须保留，不视为所有语境的排他禁令。,CN-LREF-G081,51-100,732ab222-dcbb-4b77-abef-8c7b41f456c2_origin.pdf,780—785,12
邻近 临近,邻近,"①作动词,指位置接近,只用于空间,如“邻近边界”;②作名词,指附近,如“学校邻近有文化馆”。",,空间位置及附近名词，与时间或地区靠近分开。,CN-LREF-G082,51-100,732ab222-dcbb-4b77-abef-8c7b41f456c2_origin.pdf,786—791,12
邻近 临近,临近,"指(时间、地区)靠近, 接近, 如“春节临近了”。",,空间位置及附近名词，与时间或地区靠近分开。,CN-LREF-G082,51-100,732ab222-dcbb-4b77-abef-8c7b41f456c2_origin.pdf,786—791,12
流传 留传,流传,"指传下来或传播开,多用于事迹、作品等。",,按本组所给词义、对象或侧重比较；相近处可交叉，原“多、一般、侧重”均须保留，不视为所有语境的排他禁令。,CN-LREF-G083,51-100,732ab222-dcbb-4b77-abef-8c7b41f456c2_origin.pdf,792—797,
流传 留传,留传,指遗留下来传给后代。,,按本组所给词义、对象或侧重比较；相近处可交叉，原“多、一般、侧重”均须保留，不视为所有语境的排他禁令。,CN-LREF-G083,51-100,732ab222-dcbb-4b77-abef-8c7b41f456c2_origin.pdf,792—797,
流失 流逝,流失,"①指自然界的矿石、土壤自己散失或被水、风力带走,如“水土流失”;②泛指有用的东西流散失去,多用于具体事物。",,按本组所给词义、对象或侧重比较；相近处可交叉，原“多、一般、侧重”均须保留，不视为所有语境的排他禁令。,CN-LREF-G084,51-100,732ab222-dcbb-4b77-abef-8c7b41f456c2_origin.pdf,798—805,12
流失 流逝,流逝,"指像流水一样消逝,多用于抽象事物,如“岁月流逝”。",,按本组所给词义、对象或侧重比较；相近处可交叉，原“多、一般、侧重”均须保留，不视为所有语境的排他禁令。,CN-LREF-G084,51-100,732ab222-dcbb-4b77-abef-8c7b41f456c2_origin.pdf,798—805,12
曼延 蔓延,曼延,"指连绵不断,如“群山曼延”。",,连绵不断与向周围扩展。原曼延释义词头误写蔓延，按例群山曼延和原词头恢复。,CN-LREF-G085,51-100,732ab222-dcbb-4b77-abef-8c7b41f456c2_origin.pdf,806—811,12
曼延 蔓延,蔓延,"指像蔓草一样向周围扩展,如“火势蔓延”。",,连绵不断与向周围扩展。原曼延释义词头误写蔓延，按例群山曼延和原词头恢复。,CN-LREF-G085,51-100,732ab222-dcbb-4b77-abef-8c7b41f456c2_origin.pdf,806—811,12
面世 面市,面世,"指作品、产品与世人见面,问世,可用于精神文化产品。",,按本组所给词义、对象或侧重比较；相近处可交叉，原“多、一般、侧重”均须保留，不视为所有语境的排他禁令。,CN-LREF-G086,51-100,732ab222-dcbb-4b77-abef-8c7b41f456c2_origin.pdf,812—817,12
面世 面市,面市,"指产品开始供应市场,用于描述投放市场的产品。",,按本组所给词义、对象或侧重比较；相近处可交叉，原“多、一般、侧重”均须保留，不视为所有语境的排他禁令。,CN-LREF-G086,51-100,732ab222-dcbb-4b77-abef-8c7b41f456c2_origin.pdf,812—817,12
牟取 谋取,牟取,"只用于谋取非法利益,贬义词,如“牟取暴利”。",,按本组所给词义、对象或侧重比较；相近处可交叉，原“多、一般、侧重”均须保留，不视为所有语境的排他禁令。,CN-LREF-G087,51-100,732ab222-dcbb-4b77-abef-8c7b41f456c2_origin.pdf,818—825,12
牟取 谋取,谋取,"指设法取得,适用范围较广。",,按本组所给词义、对象或侧重比较；相近处可交叉，原“多、一般、侧重”均须保留，不视为所有语境的排他禁令。,CN-LREF-G087,51-100,732ab222-dcbb-4b77-abef-8c7b41f456c2_origin.pdf,818—825,12
拟订 拟定,拟订,"指草拟,用于初步意见,如“拟订方案”。",,草拟与含确定意的制定侧重；实际阶段须材料支持。,CN-LREF-G088,51-100,732ab222-dcbb-4b77-abef-8c7b41f456c2_origin.pdf,826—831,12
拟订 拟定,拟定,"含有“定下来”的意思,表示起草制定,如“拟定远景规划”。",,草拟与含确定意的制定侧重；实际阶段须材料支持。,CN-LREF-G088,51-100,732ab222-dcbb-4b77-abef-8c7b41f456c2_origin.pdf,826—831,12
凝聚 凝结,凝聚,①指气体由稀变浓或变成液体;②聚集、积聚。,,按本组所给词义、对象或侧重比较；相近处可交叉，原“多、一般、侧重”均须保留，不视为所有语境的排他禁令。,CN-LREF-G089,51-100,732ab222-dcbb-4b77-abef-8c7b41f456c2_origin.pdf,832—839,
凝聚 凝结,凝结,由气体变成液体或由液体变成固体。,,按本组所给词义、对象或侧重比较；相近处可交叉，原“多、一般、侧重”均须保留，不视为所有语境的排他禁令。,CN-LREF-G089,51-100,732ab222-dcbb-4b77-abef-8c7b41f456c2_origin.pdf,832—839,
偶尔 偶然,偶尔,"①作副词,表示间或、有时候;②作形容词,是属性词,只能作定语,不能作谓语,如“偶尔的事”。",,发生频率较少与超出必然性，另核原表句法差别。,CN-LREF-G090,51-100,732ab222-dcbb-4b77-abef-8c7b41f456c2_origin.pdf,840—847,12
偶尔 偶然,偶然,"①作副词,表示间或、有时候;②表示事理上不一定要发生而发生的或超出一般规律的,作定语、谓语,如“出现这种情况十分偶然”。",,发生频率较少与超出必然性，另核原表句法差别。,CN-LREF-G090,51-100,732ab222-dcbb-4b77-abef-8c7b41f456c2_origin.pdf,840—847,12
徘徊 徜徉,徘徊,"①指在一个地方来回地走,如“他独自在江边徘徊”;②比喻犹豫不决。",,按本组所给词义、对象或侧重比较；相近处可交叉，原“多、一般、侧重”均须保留，不视为所有语境的排他禁令。,CN-LREF-G091,51-100,732ab222-dcbb-4b77-abef-8c7b41f456c2_origin.pdf,848—853,13
徘徊 徜徉,徜徉,"指闲游,安闲自在地行走,多用于书面语。",,按本组所给词义、对象或侧重比较；相近处可交叉，原“多、一般、侧重”均须保留，不视为所有语境的排他禁令。,CN-LREF-G091,51-100,732ab222-dcbb-4b77-abef-8c7b41f456c2_origin.pdf,848—853,13
品味 品位,品味,"①作动词,指仔细体会,玩味;②作名词,指物品的品质和风味,也指格调和趣味。",,体会动作、品质风味趣味，与品质水平比较；不能只将前者一律动词。,CN-LREF-G092,51-100,732ab222-dcbb-4b77-abef-8c7b41f456c2_origin.pdf,854—859,13
品味 品位,品位,"名词,泛指人或事物的品质、水平,如“高品位的蚕丝”。",,体会动作、品质风味趣味，与品质水平比较；不能只将前者一律动词。,CN-LREF-G092,51-100,732ab222-dcbb-4b77-abef-8c7b41f456c2_origin.pdf,854—859,13
品行 品性,品行,"指有关道德的行为,如“品行端正”。",,按本组所给词义、对象或侧重比较；相近处可交叉，原“多、一般、侧重”均须保留，不视为所有语境的排他禁令。,CN-LREF-G093,51-100,732ab222-dcbb-4b77-abef-8c7b41f456c2_origin.pdf,860—867,
品行 品性,品性,"指品质性格,如“品性敦厚”。",,按本组所给词义、对象或侧重比较；相近处可交叉，原“多、一般、侧重”均须保留，不视为所有语境的排他禁令。,CN-LREF-G093,51-100,732ab222-dcbb-4b77-abef-8c7b41f456c2_origin.pdf,860—867,
启事 启示,启事,"名词,为了说明某事而登载在媒体上或张贴在墙壁上的文字,如“寻人启事”。",,公开告知文字与启发所得道理或启发动作，文体名与作用不同。,CN-LREF-G094,51-100,732ab222-dcbb-4b77-abef-8c7b41f456c2_origin.pdf,868—873,13
启事 启示,启示,"①作动词,启发提示,使有所领悟;②作名词,指通过启发提示而领悟的道理,如“影片给了我们有益的启示”。",,公开告知文字与启发所得道理或启发动作，文体名与作用不同。,CN-LREF-G094,51-100,732ab222-dcbb-4b77-abef-8c7b41f456c2_origin.pdf,868—873,13
起用 启用,起用,"指重新任用已退职或免职的官员,也指提拔使用新人,如“大胆起用年轻干部”。",,人事任用与设备设施开始使用，对象是核心。,CN-LREF-G095,51-100,732ab222-dcbb-4b77-abef-8c7b41f456c2_origin.pdf,874—879,13
起用 启用,启用,"指开始使用,多用于设备、设施,如“铁路已建成启用”。",,人事任用与设备设施开始使用，对象是核心。,CN-LREF-G095,51-100,732ab222-dcbb-4b77-abef-8c7b41f456c2_origin.pdf,874—879,13
虔诚 真诚,虔诚,指恭敬而有诚意(多指宗教信仰)。,,按本组所给词义、对象或侧重比较；相近处可交叉，原“多、一般、侧重”均须保留，不视为所有语境的排他禁令。,CN-LREF-G096,51-100,732ab222-dcbb-4b77-abef-8c7b41f456c2_origin.pdf,880—885,
虔诚 真诚,真诚,"指真实诚恳,没有一点儿虚假。",,按本组所给词义、对象或侧重比较；相近处可交叉，原“多、一般、侧重”均须保留，不视为所有语境的排他禁令。,CN-LREF-G096,51-100,732ab222-dcbb-4b77-abef-8c7b41f456c2_origin.pdf,880—885,
切记 切忌,切记,"指牢牢记住,如“遇事切记要冷静”。",,牢记与切实避免，字形误换可能使意图相反。,CN-LREF-G097,51-100,732ab222-dcbb-4b77-abef-8c7b41f456c2_origin.pdf,886—891,
切记 切忌,切忌,"指切实避免或防止,如“切忌滋长骄傲情绪”。",,牢记与切实避免，字形误换可能使意图相反。,CN-LREF-G097,51-100,732ab222-dcbb-4b77-abef-8c7b41f456c2_origin.pdf,886—891,
情节 情结,情节,"①指事物的变化和经过,如“故事情节”; ②指犯罪或犯错误的具体情况。",,按本组所给词义、对象或侧重比较；相近处可交叉，原“多、一般、侧重”均须保留，不视为所有语境的排他禁令。,CN-LREF-G098,51-100,732ab222-dcbb-4b77-abef-8c7b41f456c2_origin.pdf,892—897,13
情节 情结,情结,"指心中的感情纠葛,深藏心底的感情,如“浓重的思乡情结”。",,按本组所给词义、对象或侧重比较；相近处可交叉，原“多、一般、侧重”均须保留，不视为所有语境的排他禁令。,CN-LREF-G098,51-100,732ab222-dcbb-4b77-abef-8c7b41f456c2_origin.pdf,892—897,13
权力 权利,权力,"①指政治上的强制力量,如“国家权力”;②职责范围内的支配力量,如“行使大会主席的权力”。",,职责支配力量与依法享有利益资格相区别；具体法律权利内容不能仅据词义推断。,CN-LREF-G099,51-100,732ab222-dcbb-4b77-abef-8c7b41f456c2_origin.pdf,898—903,13
权力 权利,权利,"指公民或法人依法行使的权力和享受的利益,与“义务”相对,如“公民有受教育的权利”。",,职责支配力量与依法享有利益资格相区别；具体法律权利内容不能仅据词义推断。,CN-LREF-G099,51-100,732ab222-dcbb-4b77-abef-8c7b41f456c2_origin.pdf,898—903,13
轻快 轻盈 轻柔,轻快,指动作不费力或轻松愉快。,,按本组所给词义、对象或侧重比较；相近处可交叉，原“多、一般、侧重”均须保留，不视为所有语境的排他禁令。,CN-LREF-G100,51-100,732ab222-dcbb-4b77-abef-8c7b41f456c2_origin.pdf,904—911,13
轻快 轻盈 轻柔,轻盈,"形容身材苗条,动作轻快,(声音、节奏)轻松,如“体态轻盈”“轻盈的笑语”。",,按本组所给词义、对象或侧重比较；相近处可交叉，原“多、一般、侧重”均须保留，不视为所有语境的排他禁令。,CN-LREF-G100,51-100,732ab222-dcbb-4b77-abef-8c7b41f456c2_origin.pdf,904—911,13
轻快 轻盈 轻柔,轻柔,"指轻而柔和,如“衣料质地轻柔”。",,按本组所给词义、对象或侧重比较；相近处可交叉，原“多、一般、侧重”均须保留，不视为所有语境的排他禁令。,CN-LREF-G100,51-100,732ab222-dcbb-4b77-abef-8c7b41f456c2_origin.pdf,904—911,13
诠释 阐释 阐明,诠释,"指说明,解释。",,按本组所给词义、对象或侧重比较；相近处可交叉，原“多、一般、侧重”均须保留，不视为所有语境的排他禁令。,CN-LREF-G101,51-100,732ab222-dcbb-4b77-abef-8c7b41f456c2_origin.pdf,912—921,
诠释 阐释 阐明,阐释,指阐述并解释。,,按本组所给词义、对象或侧重比较；相近处可交叉，原“多、一般、侧重”均须保留，不视为所有语境的排他禁令。,CN-LREF-G101,51-100,732ab222-dcbb-4b77-abef-8c7b41f456c2_origin.pdf,912—921,
诠释 阐释 阐明,阐明,指讲明白(道理)。,,按本组所给词义、对象或侧重比较；相近处可交叉，原“多、一般、侧重”均须保留，不视为所有语境的排他禁令。,CN-LREF-G101,51-100,732ab222-dcbb-4b77-abef-8c7b41f456c2_origin.pdf,912—921,
融化 溶化 熔化,融化,冰、雪等化为水的意思。,,原区分冰雪化水、溶解和加热熔化；语言义项与理化机制分别说明，不将近音字自由交换。,CN-LREF-G102,51-100,732ab222-dcbb-4b77-abef-8c7b41f456c2_origin.pdf,922—931,13
融化 溶化 熔化,溶化,"①固体溶解;②也有冰、雪等化为水的意思,但常用“融化”。",,原区分冰雪化水、溶解和加热熔化；语言义项与理化机制分别说明，不将近音字自由交换。,CN-LREF-G102,51-100,732ab222-dcbb-4b77-abef-8c7b41f456c2_origin.pdf,922—931,13
融化 溶化 熔化,熔化,指固体加热到一定温度变为液体。,,原区分冰雪化水、溶解和加热熔化；语言义项与理化机制分别说明，不将近音字自由交换。,CN-LREF-G102,51-100,732ab222-dcbb-4b77-abef-8c7b41f456c2_origin.pdf,922—931,13
施行 实行,施行,指法令、规章等公布后从某时起发生效力，如“本条例自公布之日起施行”。,,按本组所给词义、对象或侧重比较；相近处可交叉，原“多、一般、侧重”均须保留，不视为所有语境的排他禁令。,CN-LREF-G103,51-100,732ab222-dcbb-4b77-abef-8c7b41f456c2_origin.pdf,932—937,13
施行 实行,实行,"指用行动来实现(纲领、政策、计划等),如“实行责任制”。",,按本组所给词义、对象或侧重比较；相近处可交叉，原“多、一般、侧重”均须保留，不视为所有语境的排他禁令。,CN-LREF-G103,51-100,732ab222-dcbb-4b77-abef-8c7b41f456c2_origin.pdf,932—937,13
时势 时事,时势,"指某一时期的客观形势,如“时势变了,政策也应该变”。",,按本组所给词义、对象或侧重比较；相近处可交叉，原“多、一般、侧重”均须保留，不视为所有语境的排他禁令。,CN-LREF-G104,51-100,732ab222-dcbb-4b77-abef-8c7b41f456c2_origin.pdf,938—943,13
时势 时事,时事,"指最近一段时间的国内外大事,如“时事报告”。",,按本组所给词义、对象或侧重比较；相近处可交叉，原“多、一般、侧重”均须保留，不视为所有语境的排他禁令。,CN-LREF-G104,51-100,732ab222-dcbb-4b77-abef-8c7b41f456c2_origin.pdf,938—943,13
实力 势力 势利,实力,"实在的力量,多指军事或经济方面。",,按本组所给词义、对象或侧重比较；相近处可交叉，原“多、一般、侧重”均须保留，不视为所有语境的排他禁令。,CN-LREF-G105,51-100,732ab222-dcbb-4b77-abef-8c7b41f456c2_origin.pdf,944—951,13
实力 势力 势利,势力,"指政治、经济、军事等方面的力量, 侧重威势、权势。",,按本组所给词义、对象或侧重比较；相近处可交叉，原“多、一般、侧重”均须保留，不视为所有语境的排他禁令。,CN-LREF-G105,51-100,732ab222-dcbb-4b77-abef-8c7b41f456c2_origin.pdf,944—951,13
实力 势力 势利,势利,"指看地位、财产分别对待人的表现,含贬义。",,按本组所给词义、对象或侧重比较；相近处可交叉，原“多、一般、侧重”均须保留，不视为所有语境的排他禁令。,CN-LREF-G105,51-100,732ab222-dcbb-4b77-abef-8c7b41f456c2_origin.pdf,944—951,13
实验 试验,实验,"①为了检验某种科学理论或假设而进行某种操作或从事某种活动;②作名词,如“科学实验”。",,按本组所给词义、对象或侧重比较；相近处可交叉，原“多、一般、侧重”均须保留，不视为所有语境的排他禁令。,CN-LREF-G106,51-100,732ab222-dcbb-4b77-abef-8c7b41f456c2_origin.pdf,952—957,14
实验 试验,试验,"为了察看某事的结果或某物的性能而从事某种活动,如“试验新机器”。",,按本组所给词义、对象或侧重比较；相近处可交叉，原“多、一般、侧重”均须保留，不视为所有语境的排他禁令。,CN-LREF-G106,51-100,732ab222-dcbb-4b77-abef-8c7b41f456c2_origin.pdf,952—957,14
受权 授权,受权,"指接受国家或上级等的委托行使做某事的权力,如“新华社受权发表声明”。",,接受委托与把权力委托出去，同事件中角色相反。,CN-LREF-G107,51-100,732ab222-dcbb-4b77-abef-8c7b41f456c2_origin.pdf,958—963,14
受权 授权,授权,"指把权力委托给他人或机构代为执行,如“授权于某组织”。",,接受委托与把权力委托出去，同事件中角色相反。,CN-LREF-G107,51-100,732ab222-dcbb-4b77-abef-8c7b41f456c2_origin.pdf,958—963,14
熟悉 熟习,熟悉,"指知道得很详细,了解得很清楚,其对象可以是具体的人或事物,也可以是抽象的事理。",,按本组所给词义、对象或侧重比较；相近处可交叉，原“多、一般、侧重”均须保留，不视为所有语境的排他禁令。,CN-LREF-G108,51-100,732ab222-dcbb-4b77-abef-8c7b41f456c2_origin.pdf,964—969,14
熟悉 熟习,熟习,指对某种技术或学问学习得很熟练或了解得很深刻。,,按本组所给词义、对象或侧重比较；相近处可交叉，原“多、一般、侧重”均须保留，不视为所有语境的排他禁令。,CN-LREF-G108,51-100,732ab222-dcbb-4b77-abef-8c7b41f456c2_origin.pdf,964—969,14
树立 竖立 建立,树立,"指建立,多用于抽象的好的事情。",,抽象好的事情、物体直立、成立形成的常见对象分别核。,CN-LREF-G109,51-100,732ab222-dcbb-4b77-abef-8c7b41f456c2_origin.pdf,970—978,14
树立 竖立 建立,竖立,"指物体垂直,一端向上,一端接触地面或埋在地里。",,抽象好的事情、物体直立、成立形成的常见对象分别核。,CN-LREF-G109,51-100,732ab222-dcbb-4b77-abef-8c7b41f456c2_origin.pdf,970—978,14
树立 竖立 建立,建立,"指开始成立,开始形成,既可用于具体事物,也可用于抽象事物,如“建立工业基地”。",,抽象好的事情、物体直立、成立形成的常见对象分别核。,CN-LREF-G109,51-100,732ab222-dcbb-4b77-abef-8c7b41f456c2_origin.pdf,970—978,14
书写 谱写 续写,书写,指写。,,按本组所给词义、对象或侧重比较；相近处可交叉，原“多、一般、侧重”均须保留，不视为所有语境的排他禁令。,CN-LREF-G110,51-100,732ab222-dcbb-4b77-abef-8c7b41f456c2_origin.pdf,979—988,14
书写 谱写 续写,谱写,指写作(乐曲等)。,,按本组所给词义、对象或侧重比较；相近处可交叉，原“多、一般、侧重”均须保留，不视为所有语境的排他禁令。,CN-LREF-G110,51-100,732ab222-dcbb-4b77-abef-8c7b41f456c2_origin.pdf,979—988,14
书写 谱写 续写,续写,"指根据已有的条件来推想故事发展过程中可能出现的情况,充分展开想象地写作。",,按本组所给词义、对象或侧重比较；相近处可交叉，原“多、一般、侧重”均须保留，不视为所有语境的排他禁令。,CN-LREF-G110,51-100,732ab222-dcbb-4b77-abef-8c7b41f456c2_origin.pdf,979—988,14
题材 体裁,题材,"指构成文学和艺术作品的材料,如“历史题材”。",,作品所取材料与表现形式，回答题材不能只给小说体裁。,CN-LREF-G111,51-100,732ab222-dcbb-4b77-abef-8c7b41f456c2_origin.pdf,989—994,14
题材 体裁,体裁,"指文学作品的表现形式,如“小说体裁”。",,作品所取材料与表现形式，回答题材不能只给小说体裁。,CN-LREF-G111,51-100,732ab222-dcbb-4b77-abef-8c7b41f456c2_origin.pdf,989—994,14
题名 提名,题名,"①作动词,指为留纪念或表示表扬而写上姓名;②作名词,指为留纪念而写上的姓名。",,按本组所给词义、对象或侧重比较；相近处可交叉，原“多、一般、侧重”均须保留，不视为所有语境的排他禁令。,CN-LREF-G112,51-100,732ab222-dcbb-4b77-abef-8c7b41f456c2_origin.pdf,995—1000,14
题名 提名,提名,指在评选或选举前提出有当选可能的人或事物名称。,,按本组所给词义、对象或侧重比较；相近处可交叉，原“多、一般、侧重”均须保留，不视为所有语境的排他禁令。,CN-LREF-G112,51-100,732ab222-dcbb-4b77-abef-8c7b41f456c2_origin.pdf,995—1000,14
推脱 推托,推脱,"推卸, 如“推脱责任”。",,推卸责任等与借故拒绝的理由，核行为性质。,CN-LREF-G113,51-100,732ab222-dcbb-4b77-abef-8c7b41f456c2_origin.pdf,1001—1008,14
推脱 推托,推托,"指借故拒绝,如“他推托嗓子不好,怎么也不肯唱”。",,推卸责任等与借故拒绝的理由，核行为性质。,CN-LREF-G113,51-100,732ab222-dcbb-4b77-abef-8c7b41f456c2_origin.pdf,1001—1008,14
惘然 枉然,惘然,"指失意的样子,或心里好像失掉了什么东西的样子。",,失意怅惘与白费力气，不因近形乱换。,CN-LREF-G114,51-100,732ab222-dcbb-4b77-abef-8c7b41f456c2_origin.pdf,1009—1014,14
惘然 枉然,枉然,"指得不到任何收获,白费力气。",,失意怅惘与白费力气，不因近形乱换。,CN-LREF-G114,51-100,732ab222-dcbb-4b77-abef-8c7b41f456c2_origin.pdf,1009—1014,14
委屈 委曲,委屈,"①作形容词,指受到不应该有的指责或待遇而心里难过;②作动词,指让人受到委屈,如“对不起,委屈你了”。",,按本组所给词义、对象或侧重比较；相近处可交叉，原“多、一般、侧重”均须保留，不视为所有语境的排他禁令。,CN-LREF-G115,51-100,732ab222-dcbb-4b77-abef-8c7b41f456c2_origin.pdf,1015—1020,14
委屈 委曲,委曲,"①指(曲调、道路、河流等)弯弯曲曲的,曲折;②指事情的底细和原委。",,按本组所给词义、对象或侧重比较；相近处可交叉，原“多、一般、侧重”均须保留，不视为所有语境的排他禁令。,CN-LREF-G115,51-100,732ab222-dcbb-4b77-abef-8c7b41f456c2_origin.pdf,1015—1020,14
污蔑 诬蔑,污蔑,"说别人坏话,恶意攻击他人,败坏他人名誉,是贬义词,侧重硬使他人带上污点或显得卑污。",,按本组所给词义、对象或侧重比较；相近处可交叉，原“多、一般、侧重”均须保留，不视为所有语境的排他禁令。,CN-LREF-G116,51-100,732ab222-dcbb-4b77-abef-8c7b41f456c2_origin.pdf,1021—1028,14
污蔑 诬蔑,诬蔑,"同“污蔑”,但侧重捏造事实。",,按本组所给词义、对象或侧重比较；相近处可交叉，原“多、一般、侧重”均须保留，不视为所有语境的排他禁令。,CN-LREF-G116,51-100,732ab222-dcbb-4b77-abef-8c7b41f456c2_origin.pdf,1021—1028,14
悉心 细心,悉心,"指用尽所有的精力,如“悉心研究”。",,按本组所给词义、对象或侧重比较；相近处可交叉，原“多、一般、侧重”均须保留，不视为所有语境的排他禁令。,CN-LREF-G117,51-100,732ab222-dcbb-4b77-abef-8c7b41f456c2_origin.pdf,1029—1034,
悉心 细心,细心,"指用心细密,如“细心观察”。",,按本组所给词义、对象或侧重比较；相近处可交叉，原“多、一般、侧重”均须保留，不视为所有语境的排他禁令。,CN-LREF-G117,51-100,732ab222-dcbb-4b77-abef-8c7b41f456c2_origin.pdf,1029—1034,
消失 消逝 消释,消失,"强调事物从可见到不可见的物理性变化,侧重突然或快速失去踪迹。",,踪迹不见、淡化终结、疑虑解除等原侧重；快慢不是全部义项的绝对限制。,CN-LREF-G118,51-100,732ab222-dcbb-4b77-abef-8c7b41f456c2_origin.pdf,1035—1042,14
消失 消逝 消释,消逝,"侧重事物淡化或终结,带有缓慢、不可逆的意味,多用于声音、时间等。",,踪迹不见、淡化终结、疑虑解除等原侧重；快慢不是全部义项的绝对限制。,CN-LREF-G118,51-100,732ab222-dcbb-4b77-abef-8c7b41f456c2_origin.pdf,1035—1042,14
消失 消逝 消释,消释,"①指(疑虑、嫌怨、痛苦等)消除,解除;②指消融,溶化。",,踪迹不见、淡化终结、疑虑解除等原侧重；快慢不是全部义项的绝对限制。,CN-LREF-G118,51-100,732ab222-dcbb-4b77-abef-8c7b41f456c2_origin.pdf,1035—1042,14
泄露 泄漏,泄露,"指不应该让人知道的事情让人知道了,如“泄露机密”。",,不应公开的信息与液气等外漏的常见对象。,CN-LREF-G119,51-100,732ab222-dcbb-4b77-abef-8c7b41f456c2_origin.pdf,1043—1048,14
泄露 泄漏,泄漏,"指液体、气体等漏出,如“石油泄漏”。",,不应公开的信息与液气等外漏的常见对象。,CN-LREF-G119,51-100,732ab222-dcbb-4b77-abef-8c7b41f456c2_origin.pdf,1043—1048,14
形式 形势,形式,"指事物的形状、结构等,如“艺术形式”。",,按本组所给词义、对象或侧重比较；相近处可交叉，原“多、一般、侧重”均须保留，不视为所有语境的排他禁令。,CN-LREF-G120,51-100,732ab222-dcbb-4b77-abef-8c7b41f456c2_origin.pdf,1049—1054,15
形式 形势,形势,"①地势(多指从军事角度看),如“形势险要”;②事物发展的状况,如“形势大好”“国际形势”。",,按本组所给词义、对象或侧重比较；相近处可交叉，原“多、一般、侧重”均须保留，不视为所有语境的排他禁令。,CN-LREF-G120,51-100,732ab222-dcbb-4b77-abef-8c7b41f456c2_origin.pdf,1049—1054,15
形迹 行迹,形迹,"①举动和神色,如“形迹可疑”;②痕迹,迹象,如“不留形迹”;③指礼貌,如“不拘形迹”。",,按本组所给词义、对象或侧重比较；相近处可交叉，原“多、一般、侧重”均须保留，不视为所有语境的排他禁令。,CN-LREF-G121,51-100,732ab222-dcbb-4b77-abef-8c7b41f456c2_origin.pdf,1055—1060,15
形迹 行迹,行迹,"行动的踪迹,如“行迹不定”。",,按本组所给词义、对象或侧重比较；相近处可交叉，原“多、一般、侧重”均须保留，不视为所有语境的排他禁令。,CN-LREF-G121,51-100,732ab222-dcbb-4b77-abef-8c7b41f456c2_origin.pdf,1055—1060,15
需要 须要,需要,"①作动词,指应该有或必须有;②作名词,指对事物的欲望或要求,如“从群众的需要出发”。",,按本组所给词义、对象或侧重比较；相近处可交叉，原“多、一般、侧重”均须保留，不视为所有语境的排他禁令。,CN-LREF-G122,51-100,732ab222-dcbb-4b77-abef-8c7b41f456c2_origin.pdf,1061—1066,15
需要 须要,须要,"助动词, 指一定要。",,按本组所给词义、对象或侧重比较；相近处可交叉，原“多、一般、侧重”均须保留，不视为所有语境的排他禁令。,CN-LREF-G122,51-100,732ab222-dcbb-4b77-abef-8c7b41f456c2_origin.pdf,1061—1066,15
喧嚣 喧闹 喧腾,喧嚣,"指声音杂乱,不清净,如“喧嚣的车马声”等。",,按本组所给词义、对象或侧重比较；相近处可交叉，原“多、一般、侧重”均须保留，不视为所有语境的排他禁令。,CN-LREF-G123,51-100,732ab222-dcbb-4b77-abef-8c7b41f456c2_origin.pdf,1067—1074,15
喧嚣 喧闹 喧腾,喧闹,"指喧哗热闹,多用于集市、会场、戏院等公众场合或节日,如“喧闹的集市”。",,按本组所给词义、对象或侧重比较；相近处可交叉，原“多、一般、侧重”均须保留，不视为所有语境的排他禁令。,CN-LREF-G123,51-100,732ab222-dcbb-4b77-abef-8c7b41f456c2_origin.pdf,1067—1074,15
喧嚣 喧闹 喧腾,喧腾,指喧闹沸腾。,,按本组所给词义、对象或侧重比较；相近处可交叉，原“多、一般、侧重”均须保留，不视为所有语境的排他禁令。,CN-LREF-G123,51-100,732ab222-dcbb-4b77-abef-8c7b41f456c2_origin.pdf,1067—1074,15
学力 学历,学力,"指在学问上达到的程度,如“学力深厚”。",,学问程度与学习经历，不能仅凭毕业层次推断能力。,CN-LREF-G124,51-100,732ab222-dcbb-4b77-abef-8c7b41f456c2_origin.pdf,1075—1080,15
学力 学历,学历,"学习的经历,指曾在哪些学校毕业或肄业,如“本科学历”。",,学问程度与学习经历，不能仅凭毕业层次推断能力。,CN-LREF-G124,51-100,732ab222-dcbb-4b77-abef-8c7b41f456c2_origin.pdf,1075—1080,15
熏陶 熏染,熏陶,多指好的影响。,,按本组所给词义、对象或侧重比较；相近处可交叉，原“多、一般、侧重”均须保留，不视为所有语境的排他禁令。,CN-LREF-G125,51-100,732ab222-dcbb-4b77-abef-8c7b41f456c2_origin.pdf,1081—1088,
熏陶 熏染,熏染,多指坏的影响。,,按本组所给词义、对象或侧重比较；相近处可交叉，原“多、一般、侧重”均须保留，不视为所有语境的排他禁令。,CN-LREF-G125,51-100,732ab222-dcbb-4b77-abef-8c7b41f456c2_origin.pdf,1081—1088,
一齐 一起,一齐,"指同时,如“全场一齐鼓掌”。",,按本组所给词义、对象或侧重比较；相近处可交叉，原“多、一般、侧重”均须保留，不视为所有语境的排他禁令。,CN-LREF-G126,51-100,732ab222-dcbb-4b77-abef-8c7b41f456c2_origin.pdf,1089—1094,
一齐 一起,一起,①同一个处所;②一同;③一共。,,按本组所给词义、对象或侧重比较；相近处可交叉，原“多、一般、侧重”均须保留，不视为所有语境的排他禁令。,CN-LREF-G126,51-100,732ab222-dcbb-4b77-abef-8c7b41f456c2_origin.pdf,1089—1094,
义气 意气,义气,"①指由于私人关系而甘于承担风险或牺牲自己利益的气概,如“讲义气”;②有这种气概或感情,如“你看他多么慷慨,多么义气”。",,按本组所给词义、对象或侧重比较；相近处可交叉，原“多、一般、侧重”均须保留，不视为所有语境的排他禁令。,CN-LREF-G127,51-100,732ab222-dcbb-4b77-abef-8c7b41f456c2_origin.pdf,1095—1100,15
义气 意气,意气,"①意志和气概,如“意气风发”;②志趣和性格,如“意气相投”;③由于主观和偏激而产生的情绪,如“意气用事”。",,按本组所给词义、对象或侧重比较；相近处可交叉，原“多、一般、侧重”均须保留，不视为所有语境的排他禁令。,CN-LREF-G127,51-100,732ab222-dcbb-4b77-abef-8c7b41f456c2_origin.pdf,1095—1100,15
营利 盈利,营利,"动词,指谋求利润。",,谋求利润与取得利润或所获利润；原把盈利只列名词，不作为所有句中功能的排他规则。,CN-LREF-G128,51-100,732ab222-dcbb-4b77-abef-8c7b41f456c2_origin.pdf,1101—1106,
营利 盈利,盈利,"名词,指扣除成本后获得的利润。",,谋求利润与取得利润或所获利润；原把盈利只列名词，不作为所有句中功能的排他规则。,CN-LREF-G128,51-100,732ab222-dcbb-4b77-abef-8c7b41f456c2_origin.pdf,1101—1106,
优美 幽美,优美,"形容好而美,可以指环境,也可以指动作。",,按本组所给词义、对象或侧重比较；相近处可交叉，原“多、一般、侧重”均须保留，不视为所有语境的排他禁令。,CN-LREF-G129,51-100,732ab222-dcbb-4b77-abef-8c7b41f456c2_origin.pdf,1107—1112,
优美 幽美,幽美,"主要指环境幽静美好,幽雅。",,按本组所给词义、对象或侧重比较；相近处可交叉，原“多、一般、侧重”均须保留，不视为所有语境的排他禁令。,CN-LREF-G129,51-100,732ab222-dcbb-4b77-abef-8c7b41f456c2_origin.pdf,1107—1112,
预定 预订,预定,指预先规定或约定。,,按本组所给词义、对象或侧重比较；相近处可交叉，原“多、一般、侧重”均须保留，不视为所有语境的排他禁令。,CN-LREF-G130,51-100,732ab222-dcbb-4b77-abef-8c7b41f456c2_origin.pdf,1113—1118,
预定 预订,预订,指预先订购。,,按本组所给词义、对象或侧重比较；相近处可交叉，原“多、一般、侧重”均须保留，不视为所有语境的排他禁令。,CN-LREF-G130,51-100,732ab222-dcbb-4b77-abef-8c7b41f456c2_origin.pdf,1113—1118,
原形 原型,原形,"指原来的形状,本来面目,含贬义。",,本来面目与原有模型或人物依据；原原形含贬义限于带贬评价的用法，不一概否定中性原形义。,CN-LREF-G131,51-100,732ab222-dcbb-4b77-abef-8c7b41f456c2_origin.pdf,1119—1126,15
原形 原型,原型,"指原来的类型或模型,特指叙事性文学作品中塑造人物形象所依据的现实生活中的人。",,本来面目与原有模型或人物依据；原原形含贬义限于带贬评价的用法，不一概否定中性原形义。,CN-LREF-G131,51-100,732ab222-dcbb-4b77-abef-8c7b41f456c2_origin.pdf,1119—1126,15
彰显 显示,彰显,"①指明显,显著;②鲜明地显示。",,按本组所给词义、对象或侧重比较；相近处可交叉，原“多、一般、侧重”均须保留，不视为所有语境的排他禁令。,CN-LREF-G132,51-100,732ab222-dcbb-4b77-abef-8c7b41f456c2_origin.pdf,1127—1132,
彰显 显示,显示,指明显地表现。,,按本组所给词义、对象或侧重比较；相近处可交叉，原“多、一般、侧重”均须保留，不视为所有语境的排他禁令。,CN-LREF-G132,51-100,732ab222-dcbb-4b77-abef-8c7b41f456c2_origin.pdf,1127—1132,
侦查 侦察,侦查,刑事案件中为查明犯罪事实依法开展的专门调查工作及有关强制性措施，证据收集须兼顾有罪或无罪、情节轻重；不采用原只为证明有罪的狭窄说法。,,刑事案件调查与作战敌情地形活动；侦查不能仅释为证明有罪，须同时核有罪无罪等事实证据。,CN-LREF-G133,51-100,732ab222-dcbb-4b77-abef-8c7b41f456c2_origin.pdf,1133—1138,15
侦查 侦察,侦察,"为了弄清敌情、地形以及其他有关作战的情况而进行的活动,如“火力侦察”。",,刑事案件调查与作战敌情地形活动；侦查不能仅释为证明有罪，须同时核有罪无罪等事实证据。,CN-LREF-G133,51-100,732ab222-dcbb-4b77-abef-8c7b41f456c2_origin.pdf,1133—1138,15
铸就铸造,铸就,"指铸造成,多用于比喻。",,按本组所给词义、对象或侧重比较；相近处可交叉，原“多、一般、侧重”均须保留，不视为所有语境的排他禁令。,CN-LREF-G134,51-100,732ab222-dcbb-4b77-abef-8c7b41f456c2_origin.pdf,1139—1144,15
铸就铸造,铸造,"指把金属加热熔化后倒入砂型或模子里,冷却后凝固成为铸件。",,按本组所给词义、对象或侧重比较；相近处可交叉，原“多、一般、侧重”均须保留，不视为所有语境的排他禁令。,CN-LREF-G134,51-100,732ab222-dcbb-4b77-abef-8c7b41f456c2_origin.pdf,1139—1144,15
追求 追赶,追求,指用积极的行动来争取达到某种目的。,,按本组所给词义、对象或侧重比较；相近处可交叉，原“多、一般、侧重”均须保留，不视为所有语境的排他禁令。,CN-LREF-G135,51-100,732ab222-dcbb-4b77-abef-8c7b41f456c2_origin.pdf,1145—1150,15
追求 追赶,追赶,"指加快速度赶上前去打击或捉住,也指加快速度赶上(前面的人或事物)。",,按本组所给词义、对象或侧重比较；相近处可交叉，原“多、一般、侧重”均须保留，不视为所有语境的排他禁令。,CN-LREF-G135,51-100,732ab222-dcbb-4b77-abef-8c7b41f456c2_origin.pdf,1145—1150,15
庄严 庄重,庄严,"侧重指威严不可侵犯,用于人的态度、表情、动作,也用于环境、气氛等,如“庄严的时刻”。",,按本组所给词义、对象或侧重比较；相近处可交叉，原“多、一般、侧重”均须保留，不视为所有语境的排他禁令。,CN-LREF-G136,51-100,732ab222-dcbb-4b77-abef-8c7b41f456c2_origin.pdf,1151—1157,15
庄严 庄重,庄重,"(言语,举止)端庄稳重,不随便,不轻浮。只能用于人,如“伦理学使人庄重”。",,按本组所给词义、对象或侧重比较；相近处可交叉，原“多、一般、侧重”均须保留，不视为所有语境的排他禁令。,CN-LREF-G136,51-100,732ab222-dcbb-4b77-abef-8c7b41f456c2_origin.pdf,1151—1157,15
