分类,分组,成语,教学释义与原警示,学习边界或纠正,来源编号,分册,原文件,原文行号,实际PDF页码
望文生义,,安土重迁,"留恋故土,不肯轻易迁移。易误解为:重视迁移。",先释成语整体义，再对照原易误解点；字面和典故只能辅助，不替代当前使用义。,CN-LREF-C001,51-100,732ab222-dcbb-4b77-abef-8c7b41f456c2_origin.pdf,1162—1163,
望文生义,,白驹过隙,"白马在细小的缝隙前一闪而过,形容时间过得飞快。易误解为:跑得快或轻而易举。",先释成语整体义，再对照原易误解点；字面和典故只能辅助，不替代当前使用义。,CN-LREF-C002,51-100,732ab222-dcbb-4b77-abef-8c7b41f456c2_origin.pdf,1167—1167,16
望文生义,,白头如新,"指相交虽久而并不知己,像新知一样。易误解为:夫妻感情历久弥新或老年人保持年轻活力。",先释成语整体义，再对照原易误解点；字面和典故只能辅助，不替代当前使用义。,CN-LREF-C003,51-100,732ab222-dcbb-4b77-abef-8c7b41f456c2_origin.pdf,1169—1170,
望文生义,,白衣苍狗," 杜甫《可叹》诗: “天上浮云似白衣, 斯须改变如苍狗。”后来用以比喻世事变化无常。也说“白云苍狗”。易误解为: 时间飞逝。",先释成语整体义，再对照原易误解点；字面和典故只能辅助，不替代当前使用义。,CN-LREF-C004,51-100,732ab222-dcbb-4b77-abef-8c7b41f456c2_origin.pdf,1172—1172,16
望文生义,,杯弓蛇影,"有人请客吃饭,挂在墙上的弓映在酒杯里,客人以为酒杯里有蛇,回去疑心中了蛇毒,就生病了(见于《风俗通义·怪神》)。比喻疑神疑鬼,妄自惊慌。易误解为:无中生有。",先释成语整体义，再对照原易误解点；字面和典故只能辅助，不替代当前使用义。,CN-LREF-C005,51-100,732ab222-dcbb-4b77-abef-8c7b41f456c2_origin.pdf,1174—1174,16
望文生义,,筚(bì)路蓝缕,"指驾着柴车,穿着破旧的衣服去开辟山林。形容创业的艰苦。易误解为:生活困顿、拮据。",先释成语整体义，再对照原易误解点；字面和典故只能辅助，不替代当前使用义。,CN-LREF-C006,51-100,732ab222-dcbb-4b77-abef-8c7b41f456c2_origin.pdf,1176—1176,16
望文生义,,便(biàn)宜行事,"经过特许,不必请示,根据实际情况或临时变化就斟酌处理。易误解为:做事很方便。",先释成语整体义，再对照原易误解点；字面和典故只能辅助，不替代当前使用义。,CN-LREF-C007,51-100,732ab222-dcbb-4b77-abef-8c7b41f456c2_origin.pdf,1178—1178,16
望文生义,,别无长(cháng)物,"没有多余的东西,形容穷困或俭朴。易误解为:没有长处。",先释成语整体义，再对照原易误解点；字面和典故只能辅助，不替代当前使用义。,CN-LREF-C008,51-100,732ab222-dcbb-4b77-abef-8c7b41f456c2_origin.pdf,1180—1180,16
望文生义,,不孚(fú)众望,指不能使众人信服。易误解为:没有辜负众人的期望。,先释成语整体义，再对照原易误解点；字面和典故只能辅助，不替代当前使用义。,CN-LREF-C009,51-100,732ab222-dcbb-4b77-abef-8c7b41f456c2_origin.pdf,1182—1182,16
望文生义,,不假思索,"用不着想,形容说话做事迅速。易误解为:做事不动脑子、不思考。",先释成语整体义，再对照原易误解点；字面和典故只能辅助，不替代当前使用义。,CN-LREF-C010,51-100,732ab222-dcbb-4b77-abef-8c7b41f456c2_origin.pdf,1184—1184,16
望文生义,,不胫(jìng)而走,"没有腿却能跑,形容传布迅速。易误解为:东西丢失。",先释成语整体义，再对照原易误解点；字面和典故只能辅助，不替代当前使用义。,CN-LREF-C011,51-100,732ab222-dcbb-4b77-abef-8c7b41f456c2_origin.pdf,1186—1187,16
望文生义,,不绝如缕,"像细线一样连着,差点儿就要断了,多形容局势危急或声音细微悠长。易误解为:连绵不绝。",先释成语整体义，再对照原易误解点；字面和典故只能辅助，不替代当前使用义。,CN-LREF-C012,51-100,732ab222-dcbb-4b77-abef-8c7b41f456c2_origin.pdf,1189—1191,
望文生义,,不名一文,"一个钱也没有,形容人贫穷到极点。易误解为:不值钱。",先释成语整体义，再对照原易误解点；字面和典故只能辅助，不替代当前使用义。,CN-LREF-C013,51-100,732ab222-dcbb-4b77-abef-8c7b41f456c2_origin.pdf,1193—1193,16
望文生义,,不以为然," 不认为是对的, 表示不同意(多含轻视意)。易误解为: 不放在心上, 不重视。",先释成语整体义，再对照原易误解点；字面和典故只能辅助，不替代当前使用义。,CN-LREF-C014,51-100,732ab222-dcbb-4b77-abef-8c7b41f456c2_origin.pdf,1195—1195,16
望文生义,,不一而足," 不止一种或一次, 而是很多。易误解为: 不一致或不足。",先释成语整体义，再对照原易误解点；字面和典故只能辅助，不替代当前使用义。,CN-LREF-C015,51-100,732ab222-dcbb-4b77-abef-8c7b41f456c2_origin.pdf,1197—1197,16
望文生义,,不知所云,"不知道说的是什么,指语言紊乱或空洞。用于说话人,不用于听话人。易误解为:听话人没有理解。",先释成语整体义，再对照原易误解点；字面和典故只能辅助，不替代当前使用义。,CN-LREF-C016,51-100,732ab222-dcbb-4b77-abef-8c7b41f456c2_origin.pdf,1199—1199,16
望文生义,,不足为训,不能当作典范或法则。易误解为:不值得作为教训。,先释成语整体义，再对照原易误解点；字面和典故只能辅助，不替代当前使用义。,CN-LREF-C017,51-100,732ab222-dcbb-4b77-abef-8c7b41f456c2_origin.pdf,1201—1201,16
望文生义,,惨淡经营,"原指下笔前极力构思。后也形容苦心谋划,经营。易误解为:经营状况不好。",先释成语整体义，再对照原易误解点；字面和典故只能辅助，不替代当前使用义。,CN-LREF-C018,51-100,732ab222-dcbb-4b77-abef-8c7b41f456c2_origin.pdf,1205—1205,16
望文生义,,差强人意,大体上还能使人满意。易误解为:不能让人满意。,先释成语整体义，再对照原易误解点；字面和典故只能辅助，不替代当前使用义。,CN-LREF-C019,51-100,732ab222-dcbb-4b77-abef-8c7b41f456c2_origin.pdf,1207—1207,16
望文生义,,长袖善舞,"比喻做事有所凭借,就容易成功。后多用来形容有财势、有手腕的人善于钻营取巧。易误解为:擅长跳舞。",先释成语整体义，再对照原易误解点；字面和典故只能辅助，不替代当前使用义。,CN-LREF-C020,51-100,732ab222-dcbb-4b77-abef-8c7b41f456c2_origin.pdf,1209—1209,16
望文生义,,城下之盟,因敌军兵临城下而被迫签订的屈辱盟约。易误解为:主动签订合同、条约;平等合作;普通协议。,先释成语整体义，再对照原易误解点；字面和典故只能辅助，不替代当前使用义。,CN-LREF-C021,51-100,732ab222-dcbb-4b77-abef-8c7b41f456c2_origin.pdf,1211—1211,16
望文生义,,充耳不闻,"塞住耳朵不听,形容不愿听取别人的意见。易误解为:没有听到其他声音。",先释成语整体义，再对照原易误解点；字面和典故只能辅助，不替代当前使用义。,CN-LREF-C022,51-100,732ab222-dcbb-4b77-abef-8c7b41f456c2_origin.pdf,1213—1213,16
望文生义,,春意阑珊, 指春天就要过去了。易误解为: 春意正浓。,先释成语整体义，再对照原易误解点；字面和典故只能辅助，不替代当前使用义。,CN-LREF-C023,51-100,732ab222-dcbb-4b77-abef-8c7b41f456c2_origin.pdf,1215—1215,
望文生义,,厝(cuò)火积薪,"把火放在柴堆下面,比喻潜伏着很大的危险。易误解为:事先做准备。",先释成语整体义，再对照原易误解点；字面和典故只能辅助，不替代当前使用义。,CN-LREF-C024,51-100,732ab222-dcbb-4b77-abef-8c7b41f456c2_origin.pdf,1217—1217,16
望文生义,,大方之家,指见识广博、懂得大道理的人。易误解为:大方、慷慨的人。,先释成语整体义，再对照原易误解点；字面和典故只能辅助，不替代当前使用义。,CN-LREF-C025,51-100,732ab222-dcbb-4b77-abef-8c7b41f456c2_origin.pdf,1221—1221,16
望文生义,,大快人心,"指坏人受到惩罚或打击,使大家非常痛快。易误解为:好的消息或事情使人愉快。",先释成语整体义，再对照原易误解点；字面和典故只能辅助，不替代当前使用义。,CN-LREF-C026,51-100,732ab222-dcbb-4b77-abef-8c7b41f456c2_origin.pdf,1223—1224,
望文生义,,灯火阑珊,"灯火暗淡,行将熄灭。易误解为:灯火辉煌。",先释成语整体义，再对照原易误解点；字面和典故只能辅助，不替代当前使用义。,CN-LREF-C027,51-100,732ab222-dcbb-4b77-abef-8c7b41f456c2_origin.pdf,1226—1226,17
望文生义,,登堂入室,"比喻学问或技能由浅入深,循序渐进,达到更高的水平。易误解为:进入室内做坏事;登门拜访;进入市场。",先释成语整体义，再对照原易误解点；字面和典故只能辅助，不替代当前使用义。,CN-LREF-C028,51-100,732ab222-dcbb-4b77-abef-8c7b41f456c2_origin.pdf,1228—1228,17
望文生义,,反戈一击,比喻掉转头来反对自己原来所属的或拥护的一方。易误解为:反击。,先释成语整体义，再对照原易误解点；字面和典故只能辅助，不替代当前使用义。,CN-LREF-C029,51-100,732ab222-dcbb-4b77-abef-8c7b41f456c2_origin.pdf,1232—1232,17
望文生义,,风声鹤唳,形容惊慌疑惧。常与“草木皆兵”连用。易误解为:景色优美。,先释成语整体义，再对照原易误解点；字面和典故只能辅助，不替代当前使用义。,CN-LREF-C030,51-100,732ab222-dcbb-4b77-abef-8c7b41f456c2_origin.pdf,1234—1234,17
望文生义,,浮光掠影,"像水面的光和掠过的影子一样,一晃就消逝,形容印象不深刻。易误解为:形容风景和光影优美。",先释成语整体义，再对照原易误解点；字面和典故只能辅助，不替代当前使用义。,CN-LREF-C031,51-100,732ab222-dcbb-4b77-abef-8c7b41f456c2_origin.pdf,1236—1236,17
望文生义,,改头换面," 比喻只改形式, 不变内容(含贬义)。易误解为: 旧貌换新颜。",先释成语整体义，再对照原易误解点；字面和典故只能辅助，不替代当前使用义。,CN-LREF-C032,51-100,732ab222-dcbb-4b77-abef-8c7b41f456c2_origin.pdf,1240—1241,
望文生义,,甘之如饴(yí),"感到像糖一样甜,形容甘愿承受艰难、痛苦。易误解为:生活甜蜜;乐意接受并喜欢某种事物。",先释成语整体义，再对照原易误解点；字面和典故只能辅助，不替代当前使用义。,CN-LREF-C033,51-100,732ab222-dcbb-4b77-abef-8c7b41f456c2_origin.pdf,1243—1243,17
望文生义,,高山仰止,"比喻对高尚之人的仰慕。易误解为:望见高山就停止,在困难面前止步。",先释成语整体义，再对照原易误解点；字面和典故只能辅助，不替代当前使用义。,CN-LREF-C034,51-100,732ab222-dcbb-4b77-abef-8c7b41f456c2_origin.pdf,1245—1245,17
望文生义,,瓜田李下,泛指容易引起嫌疑的地方。易误解为:田园生活。,先释成语整体义，再对照原易误解点；字面和典故只能辅助，不替代当前使用义。,CN-LREF-C035,51-100,732ab222-dcbb-4b77-abef-8c7b41f456c2_origin.pdf,1247—1248,
望文生义,,功败垂成, 快要成功的时候遭到失败(含惋惜意)。易误解为: 建成功业。,先释成语整体义，再对照原易误解点；字面和典故只能辅助，不替代当前使用义。,CN-LREF-C036,51-100,732ab222-dcbb-4b77-abef-8c7b41f456c2_origin.pdf,1250—1250,17
望文生义,,毫发不爽,"形容一点儿也不差。易误解为:一点儿都不爽快,不舒服。",先释成语整体义，再对照原易误解点；字面和典故只能辅助，不替代当前使用义。,CN-LREF-C037,51-100,732ab222-dcbb-4b77-abef-8c7b41f456c2_origin.pdf,1254—1254,17
望文生义,,河东狮吼,比喻嫉妒而泼悍的妻子发怒撒泼。易误解为:吼声大。,先释成语整体义，再对照原易误解点；字面和典故只能辅助，不替代当前使用义。,CN-LREF-C038,51-100,732ab222-dcbb-4b77-abef-8c7b41f456c2_origin.pdf,1256—1256,17
望文生义,,涣然冰释,比喻嫌隙、误会、疑虑等完全消除了。易误解为:冰雪融化或烦恼消除。,先释成语整体义，再对照原易误解点；字面和典故只能辅助，不替代当前使用义。,CN-LREF-C039,51-100,732ab222-dcbb-4b77-abef-8c7b41f456c2_origin.pdf,1258—1259,
望文生义,,毁家纾(shū)难,"捐献全部家产,帮助国家缓解危难。易误解为:家园被毁。",先释成语整体义，再对照原易误解点；字面和典故只能辅助，不替代当前使用义。,CN-LREF-C040,51-100,732ab222-dcbb-4b77-abef-8c7b41f456c2_origin.pdf,1261—1261,17
望文生义,,火中取栗,"比喻冒危险给别人出力,自己却上了大当,一无所得。也指冒险行事,使自己蒙受损失。易误解为:获取利益或褒义化冒险。",先释成语整体义，再对照原易误解点；字面和典故只能辅助，不替代当前使用义。,CN-LREF-C041,51-100,732ab222-dcbb-4b77-abef-8c7b41f456c2_origin.pdf,1263—1265,17
望文生义,,见危授命,在危亡关头勇于献出生命。易误解为:在危急时刻接受任务。,先释成语整体义，再对照原易误解点；字面和典故只能辅助，不替代当前使用义。,CN-LREF-C042,51-100,732ab222-dcbb-4b77-abef-8c7b41f456c2_origin.pdf,1269—1270,
望文生义,,噤若寒蝉,"像寒秋的蝉不再鸣叫,形容不敢作声。易误解为:十分寂静;寒冷;冷得不敢出声。",先释成语整体义，再对照原易误解点；字面和典故只能辅助，不替代当前使用义。,CN-LREF-C043,51-100,732ab222-dcbb-4b77-abef-8c7b41f456c2_origin.pdf,1272—1273,
望文生义,,久假(jiǎ)不归,"长期借去,不归还。易误解为:长期请假不回来。",先释成语整体义，再对照原易误解点；字面和典故只能辅助，不替代当前使用义。,CN-LREF-C044,51-100,732ab222-dcbb-4b77-abef-8c7b41f456c2_origin.pdf,1275—1275,17
望文生义,,开门揖(yī)盗,"开了门请强盗进来,比喻引进坏人来危害自己。易误解为:打开大门抓强盗。",先释成语整体义，再对照原易误解点；字面和典故只能辅助，不替代当前使用义。,CN-LREF-C045,51-100,732ab222-dcbb-4b77-abef-8c7b41f456c2_origin.pdf,1279—1279,17
望文生义,,苦心孤诣,"费尽心思钻研或经营,达到别人达不到的境地。易误解为:良苦用心。",先释成语整体义，再对照原易误解点；字面和典故只能辅助，不替代当前使用义。,CN-LREF-C046,51-100,732ab222-dcbb-4b77-abef-8c7b41f456c2_origin.pdf,1281—1281,17
望文生义,,良莠(yǒu)不齐,指好的坏的混杂在一起。易误解为:水平参差不齐。,先释成语整体义，再对照原易误解点；字面和典故只能辅助，不替代当前使用义。,CN-LREF-C047,51-100,732ab222-dcbb-4b77-abef-8c7b41f456c2_origin.pdf,1285—1285,17
望文生义,,梁上君子,窃贼的代称。易误解为:行为高尚的人。,先释成语整体义，再对照原易误解点；字面和典故只能辅助，不替代当前使用义。,CN-LREF-C048,51-100,732ab222-dcbb-4b77-abef-8c7b41f456c2_origin.pdf,1287—1287,
望文生义,,屡试不爽,屡次试验都没有差错。易误解为:多次试验或考试不成功。,先释成语整体义，再对照原易误解点；字面和典故只能辅助，不替代当前使用义。,CN-LREF-C049,51-100,732ab222-dcbb-4b77-abef-8c7b41f456c2_origin.pdf,1289—1289,17
望文生义,,洛阳纸贵,"借指著作广泛流传,风行一时。易误解为:物价上涨。",先释成语整体义，再对照原易误解点；字面和典故只能辅助，不替代当前使用义。,CN-LREF-C050,51-100,732ab222-dcbb-4b77-abef-8c7b41f456c2_origin.pdf,1291—1291,17
望文生义,,马革裹尸,"用马皮把尸体包裹起来,指军人战死于沙场。易误解为:因生活贫困,人死后下葬很简陋;死无葬身之地,潦倒而亡。",先释成语整体义，再对照原易误解点；字面和典故只能辅助，不替代当前使用义。,CN-LREF-C051,51-100,732ab222-dcbb-4b77-abef-8c7b41f456c2_origin.pdf,1295—1295,17
望文生义,,门可罗雀,"大门前面可以张网捕雀,形容宾客稀少,十分冷落。易误解为:门外热闹。",先释成语整体义，再对照原易误解点；字面和典故只能辅助，不替代当前使用义。,CN-LREF-C052,51-100,732ab222-dcbb-4b77-abef-8c7b41f456c2_origin.pdf,1297—1297,17
望文生义,,妙手偶得,"指文学修养很高的人,由于偶发灵感而写出佳句、佳作。易误解为:偶然间获得某物。",先释成语整体义，再对照原易误解点；字面和典故只能辅助，不替代当前使用义。,CN-LREF-C053,51-100,732ab222-dcbb-4b77-abef-8c7b41f456c2_origin.pdf,1299—1299,17
望文生义,,明日黄花,"原指重阳节一过,赏菊的节令就过去了,菊花日渐枯萎,没什么好赏玩的了。后用来比喻已失去新闻价值的报道或已失去应时作用的事物。易误解为:未来美好的事物。",先释成语整体义，再对照原易误解点；字面和典故只能辅助，不替代当前使用义。,CN-LREF-C054,51-100,732ab222-dcbb-4b77-abef-8c7b41f456c2_origin.pdf,1301—1303,17
望文生义,,拍案而起,"形容愤怒至极,难以克制。易误解为:非常赞赏。",先释成语整体义，再对照原易误解点；字面和典故只能辅助，不替代当前使用义。,CN-LREF-C055,51-100,732ab222-dcbb-4b77-abef-8c7b41f456c2_origin.pdf,1307—1308,
望文生义,,气冲霄汉,形容大无畏的精神和气概。易误解为:怒气冲天。,先释成语整体义，再对照原易误解点；字面和典故只能辅助，不替代当前使用义。,CN-LREF-C056,51-100,732ab222-dcbb-4b77-abef-8c7b41f456c2_origin.pdf,1312—1313,
望文生义,,如坐春风,"好像置身于和暖的春风里,形容受到良师的教诲、熏陶。易误解为:心情、气候、风光好。",先释成语整体义，再对照原易误解点；字面和典故只能辅助，不替代当前使用义。,CN-LREF-C057,51-100,732ab222-dcbb-4b77-abef-8c7b41f456c2_origin.pdf,1317—1317,18
望文生义,,师出无名," 出兵打仗而没有正当理由, 泛指做某件事缺乏正当理由。易误解为: 出自无名之师。",先释成语整体义，再对照原易误解点；字面和典故只能辅助，不替代当前使用义。,CN-LREF-C058,51-100,732ab222-dcbb-4b77-abef-8c7b41f456c2_origin.pdf,1321—1321,18
望文生义,,十室九空," 十户人家九家空, 形容天灾人祸使得人民流离失所的悲惨景象。易误解为: 大多数室内空无一人。",先释成语整体义，再对照原易误解点；字面和典故只能辅助，不替代当前使用义。,CN-LREF-C059,51-100,732ab222-dcbb-4b77-abef-8c7b41f456c2_origin.pdf,1323—1323,18
望文生义,,拾人牙慧,拾取人家的只言片语当作自己的话。易误解为:拾取别人残留的东西或接受别人的帮助、救济。,先释成语整体义，再对照原易误解点；字面和典故只能辅助，不替代当前使用义。,CN-LREF-C060,51-100,732ab222-dcbb-4b77-abef-8c7b41f456c2_origin.pdf,1325—1326,18
望文生义,,首当其冲,指最先受到攻击或遭遇灾难。易误解为:冲在最前面。,先释成语整体义，再对照原易误解点；字面和典故只能辅助，不替代当前使用义。,CN-LREF-C061,51-100,732ab222-dcbb-4b77-abef-8c7b41f456c2_origin.pdf,1328—1328,18
望文生义,,万人空巷,"家家户户的人都从巷子里出来(观看或参加某些大的活动等),多用来形容庆祝、欢迎等盛况。易误解为:街巷空无一人。",先释成语整体义，再对照原易误解点；字面和典故只能辅助，不替代当前使用义。,CN-LREF-C062,51-100,732ab222-dcbb-4b77-abef-8c7b41f456c2_origin.pdf,1332—1332,18
望文生义,,望其项背,形容赶得上或比得上(多用于否定式)。易误解为:赶不上或落在后面。,先释成语整体义，再对照原易误解点；字面和典故只能辅助，不替代当前使用义。,CN-LREF-C063,51-100,732ab222-dcbb-4b77-abef-8c7b41f456c2_origin.pdf,1334—1334,18
望文生义,,文不加点,"形容写文章很快,不用涂改就写成。易误解为:文章没有加标点。",先释成语整体义，再对照原易误解点；字面和典故只能辅助，不替代当前使用义。,CN-LREF-C064,51-100,732ab222-dcbb-4b77-abef-8c7b41f456c2_origin.pdf,1336—1336,18
望文生义,,舞文弄墨,形容玩弄文字技巧。也指歪曲法律条文作弊。易误解为:写文章;写毛笔字。,先释成语整体义，再对照原易误解点；字面和典故只能辅助，不替代当前使用义。,CN-LREF-C065,51-100,732ab222-dcbb-4b77-abef-8c7b41f456c2_origin.pdf,1338—1338,18
望文生义,,细大不捐,小的大的都不抛弃。易误解为:小钱大钱都不愿捐献。,先释成语整体义，再对照原易误解点；字面和典故只能辅助，不替代当前使用义。,CN-LREF-C066,51-100,732ab222-dcbb-4b77-abef-8c7b41f456c2_origin.pdf,1342—1342,18
望文生义,,下里巴人,泛指通俗的普及的文学艺术。易误解为:地位低下的人。,先释成语整体义，再对照原易误解点；字面和典故只能辅助，不替代当前使用义。,CN-LREF-C067,51-100,732ab222-dcbb-4b77-abef-8c7b41f456c2_origin.pdf,1344—1344,18
望文生义,,休养生息,"指在国家大动荡或大变革以后,减轻人民负担,安定生活,发展生产,恢复元气。易误解为:休息。",先释成语整体义，再对照原易误解点；字面和典故只能辅助，不替代当前使用义。,CN-LREF-C068,51-100,732ab222-dcbb-4b77-abef-8c7b41f456c2_origin.pdf,1346—1346,18
望文生义,,阳春白雪,泛指高深的、不通俗的文学艺术。易误解为:春天里的白雪。,先释成语整体义，再对照原易误解点；字面和典故只能辅助，不替代当前使用义。,CN-LREF-C069,51-100,732ab222-dcbb-4b77-abef-8c7b41f456c2_origin.pdf,1350—1350,18
望文生义,,缘木求鱼,"比喻方向、方法不对,一定达不到目的。易误解为:顺藤摸瓜;做不可能的事。",先释成语整体义，再对照原易误解点；字面和典故只能辅助，不替代当前使用义。,CN-LREF-C070,51-100,732ab222-dcbb-4b77-abef-8c7b41f456c2_origin.pdf,1352—1353,
望文生义,,振聋发聩,比喻用语言文字唤醒糊涂的人。易误解为:声音大。,先释成语整体义，再对照原易误解点；字面和典故只能辅助，不替代当前使用义。,CN-LREF-C071,51-100,732ab222-dcbb-4b77-abef-8c7b41f456c2_origin.pdf,1357—1357,18
望文生义,,振振有词,"形容理由似乎很充分,说个不休。易误解为:能言善道。",先释成语整体义，再对照原易误解点；字面和典故只能辅助，不替代当前使用义。,CN-LREF-C072,51-100,732ab222-dcbb-4b77-abef-8c7b41f456c2_origin.pdf,1359—1359,18
望文生义,,炙手可热,"手一挨近就感觉热,形容气焰很盛,权势很大。易误解为:受欢迎。",先释成语整体义，再对照原易误解点；字面和典故只能辅助，不替代当前使用义。,CN-LREF-C073,51-100,732ab222-dcbb-4b77-abef-8c7b41f456c2_origin.pdf,1361—1361,18
望文生义,,捉襟见肘,"形容衣服破烂。也比喻顾此失彼,应付不过来。易误解为:衣服不合身。",先释成语整体义，再对照原易误解点；字面和典故只能辅助，不替代当前使用义。,CN-LREF-C074,51-100,732ab222-dcbb-4b77-abef-8c7b41f456c2_origin.pdf,1363—1363,18
望文生义,,罪不容诛," 罪大恶极, 处死都不能抵偿。易误解为: 罪不至死。",先释成语整体义，再对照原易误解点；字面和典故只能辅助，不替代当前使用义。,CN-LREF-C075,51-100,732ab222-dcbb-4b77-abef-8c7b41f456c2_origin.pdf,1365—1365,18
意义重复,,哀鸿遍野,"形容到处都是呻吟呼号、流离失所的灾民的悲惨景象。含有“灾民”之意,不能说“灾民哀鸿遍野”。",原表列语义重叠风险，不据孤立片段一律判病句；先核句法、信息是否重复及有无程度补充或强调作用。,CN-LREF-C076,51-100,732ab222-dcbb-4b77-abef-8c7b41f456c2_origin.pdf,1371—1371,18
意义重复,,爱莫能助,"心里愿意帮助,但是力量做不到。含有“感到”之意,不能说“感到爱莫能助”。",原表列语义重叠风险，不据孤立片段一律判病句；先核句法、信息是否重复及有无程度补充或强调作用。,CN-LREF-C077,51-100,732ab222-dcbb-4b77-abef-8c7b41f456c2_origin.pdf,1373—1373,18
意义重复,,安居乐业,"安定地生活,愉快地劳动。含有“生活”之意,不能说“人民生活得安居乐业”。",原表列语义重叠风险，不据孤立片段一律判病句；先核句法、信息是否重复及有无程度补充或强调作用。,CN-LREF-C078,51-100,732ab222-dcbb-4b77-abef-8c7b41f456c2_origin.pdf,1375—1375,18
意义重复,,变本加厉,"变得比原来更加严重。含有“更加、愈加、越发”之意,不能说“更加/愈加/越发变本加厉”。",原表列语义重叠风险，不据孤立片段一律判病句；先核句法、信息是否重复及有无程度补充或强调作用。,CN-LREF-C079,51-100,732ab222-dcbb-4b77-abef-8c7b41f456c2_origin.pdf,1379—1379,18
意义重复,,遍体鳞伤,"满身都是像鱼鳞一样密集的创伤,形容伤势非常重。含有“浑身”之意,不能说“浑身遍体鳞伤”。",原表列语义重叠风险，不据孤立片段一律判病句；先核句法、信息是否重复及有无程度补充或强调作用。,CN-LREF-C080,51-100,732ab222-dcbb-4b77-abef-8c7b41f456c2_origin.pdf,1381—1381,18
意义重复,,不期而遇,"没有约定而意外地相遇。含有“突然”和“遇见”之意,不能说“突然不期而遇”,也不能说“不期而遇地邂逅”。",原表列语义重叠风险，不据孤立片段一律判病句；先核句法、信息是否重复及有无程度补充或强调作用。,CN-LREF-C081,51-100,732ab222-dcbb-4b77-abef-8c7b41f456c2_origin.pdf,1383—1383,19
意义重复,,不言而喻,"不用说就可以明白。不能说“不言而喻的潜台词”,因为“潜台词”含有“不用说”之意。",原表列语义重叠风险，不据孤立片段一律判病句；先核句法、信息是否重复及有无程度补充或强调作用。,CN-LREF-C082,51-100,732ab222-dcbb-4b77-abef-8c7b41f456c2_origin.pdf,1385—1385,19
意义重复,,沧海桑田,"大海变成农田,农田变成大海,形容世事变化很大。含有“变化大”之意,不能说“沧海桑田的巨变”。",原表列语义重叠风险，不据孤立片段一律判病句；先核句法、信息是否重复及有无程度补充或强调作用。,CN-LREF-C083,51-100,732ab222-dcbb-4b77-abef-8c7b41f456c2_origin.pdf,1389—1389,19
意义重复,,弹丸之地,"形容很小的地方。含有“很小”之意,不能说“小小的弹丸之地”。",原表列语义重叠风险，不据孤立片段一律判病句；先核句法、信息是否重复及有无程度补充或强调作用。,CN-LREF-C084,51-100,732ab222-dcbb-4b77-abef-8c7b41f456c2_origin.pdf,1393—1393,19
意义重复,,当务之急,"当前急切应办的事。含有“当前、目前、现在”之意,不能说“当前/目前/现在的当务之急”。",原表列语义重叠风险，不据孤立片段一律判病句；先核句法、信息是否重复及有无程度补充或强调作用。,CN-LREF-C085,51-100,732ab222-dcbb-4b77-abef-8c7b41f456c2_origin.pdf,1395—1395,19
意义重复,,鼎足之势,"鼎,炊具,多为三足。比喻三方面分立相持的局势。含有“对峙”之意,不能说“呈鼎足之势对峙着”。",原表列语义重叠风险，不据孤立片段一律判病句；先核句法、信息是否重复及有无程度补充或强调作用。,CN-LREF-C086,51-100,732ab222-dcbb-4b77-abef-8c7b41f456c2_origin.pdf,1397—1397,19
意义重复,,独占鳌(áo)头,"借指居首位或第一名。含有“首位、第一”之意,不能说“独占鳌头第一名”。",原表列语义重叠风险，不据孤立片段一律判病句；先核句法、信息是否重复及有无程度补充或强调作用。,CN-LREF-C087,51-100,732ab222-dcbb-4b77-abef-8c7b41f456c2_origin.pdf,1399—1399,19
意义重复,,方兴未艾(ài),"事物正在兴起、发展,一时不会终止。含有“正在”之意,不能说“正/正在方兴未艾”。",原表列语义重叠风险，不据孤立片段一律判病句；先核句法、信息是否重复及有无程度补充或强调作用。,CN-LREF-C088,51-100,732ab222-dcbb-4b77-abef-8c7b41f456c2_origin.pdf,1403—1403,19
意义重复,,纷至沓(tà)来,"纷纷到来,连续不断地到来。含有“纷纷、连续”之意,不能说“连续不断地纷至沓来”。",原表列语义重叠风险，不据孤立片段一律判病句；先核句法、信息是否重复及有无程度补充或强调作用。,CN-LREF-C089,51-100,732ab222-dcbb-4b77-abef-8c7b41f456c2_origin.pdf,1405—1405,19
意义重复,,釜底抽薪," 抽去锅底下的柴火, 比喻从根本上解决问题。不能说“从根本上釜底抽薪”。",原表列语义重叠风险，不据孤立片段一律判病句；先核句法、信息是否重复及有无程度补充或强调作用。,CN-LREF-C090,51-100,732ab222-dcbb-4b77-abef-8c7b41f456c2_origin.pdf,1407—1407,19
意义重复,,妇孺皆知,妇女和小孩都知道。形容某事物广泛为人所知晓。不能说“人们妇孺皆知”。,原表列语义重叠风险，不据孤立片段一律判病句；先核句法、信息是否重复及有无程度补充或强调作用。,CN-LREF-C091,51-100,732ab222-dcbb-4b77-abef-8c7b41f456c2_origin.pdf,1409—1409,19
意义重复,,耿耿于怀,"事情(多为令人牵挂的或不愉快的)在心里,难以排解。含有“心里”之意,不能说“心里一直耿耿于怀”。",原表列语义重叠风险，不据孤立片段一律判病句；先核句法、信息是否重复及有无程度补充或强调作用。,CN-LREF-C092,51-100,732ab222-dcbb-4b77-abef-8c7b41f456c2_origin.pdf,1413—1413,19
意义重复,,钩心斗角,"指各用心机,互相排挤。含有“相互”之意,不能说“相互钩心斗角”。",原表列语义重叠风险，不据孤立片段一律判病句；先核句法、信息是否重复及有无程度补充或强调作用。,CN-LREF-C093,51-100,732ab222-dcbb-4b77-abef-8c7b41f456c2_origin.pdf,1415—1415,19
意义重复,,怙(hù)恶不悛(quān),"坚持作恶,不知悔改。不能说“坚持怙恶不悛”。",原表列语义重叠风险，不据孤立片段一律判病句；先核句法、信息是否重复及有无程度补充或强调作用。,CN-LREF-C094,51-100,732ab222-dcbb-4b77-abef-8c7b41f456c2_origin.pdf,1419—1419,19
意义重复,,恍然大悟,"一下子完全明白了。含有“突然、猛然”之意,不能说“突然/猛然恍然大悟”。",原表列语义重叠风险，不据孤立片段一律判病句；先核句法、信息是否重复及有无程度补充或强调作用。,CN-LREF-C095,51-100,732ab222-dcbb-4b77-abef-8c7b41f456c2_origin.pdf,1421—1421,19
意义重复,,记忆犹新,"对往事的印象还很清晰,就像新发生的一样。形容印象深刻。含有“还”之意,不能说“还记忆犹新”。",原表列语义重叠风险，不据孤立片段一律判病句；先核句法、信息是否重复及有无程度补充或强调作用。 原本条断语较强，仅作待具体语境核验的风险提醒，不采作排他语法禁令。,CN-LREF-C096,51-100,732ab222-dcbb-4b77-abef-8c7b41f456c2_origin.pdf,1425—1425,19
意义重复,,孑(jié)然一身,"孤零零一个人。含有“独自”之意,不能说“独自孑然一身”。",原表列语义重叠风险，不据孤立片段一律判病句；先核句法、信息是否重复及有无程度补充或强调作用。,CN-LREF-C097,51-100,732ab222-dcbb-4b77-abef-8c7b41f456c2_origin.pdf,1427—1427,19
意义重复,,津津乐道,"形容对某件事情很感兴趣。含有“讲、说”之意,不能说“讲得津津乐道”“津津乐道地说”。",原表列语义重叠风险，不据孤立片段一律判病句；先核句法、信息是否重复及有无程度补充或强调作用。,CN-LREF-C098,51-100,732ab222-dcbb-4b77-abef-8c7b41f456c2_origin.pdf,1429—1429,19
意义重复,,咎(jiù)由自取,"遭受责备、惩处或祸害是自己造成的。含有“由于”之意,不能说“由于他咎由自取”。",原表列语义重叠风险，不据孤立片段一律判病句；先核句法、信息是否重复及有无程度补充或强调作用。,CN-LREF-C099,51-100,732ab222-dcbb-4b77-abef-8c7b41f456c2_origin.pdf,1431—1431,19
意义重复,,可歌可泣,"值得歌颂,使人感动得流泪,指悲壮的事迹使人非常感动。含有“值得”之意,不能说“值得可歌可泣”。",原表列语义重叠风险，不据孤立片段一律判病句；先核句法、信息是否重复及有无程度补充或强调作用。,CN-LREF-C100,51-100,732ab222-dcbb-4b77-abef-8c7b41f456c2_origin.pdf,1435—1435,19
意义重复,,刻骨铭心,"形容感念很深,永远不忘。含有“难忘”之意,不能说“刻骨铭心地难忘”。",原表列语义重叠风险，不据孤立片段一律判病句；先核句法、信息是否重复及有无程度补充或强调作用。,CN-LREF-C101,51-100,732ab222-dcbb-4b77-abef-8c7b41f456c2_origin.pdf,1437—1437,19
意义重复,,口若悬河,"说话像瀑布流泻一样滔滔不绝,形容能言善辩。含有“说、讲”之意,不能说“口若悬河地说”。",原表列语义重叠风险，不据孤立片段一律判病句；先核句法、信息是否重复及有无程度补充或强调作用。,CN-LREF-C102,51-100,732ab222-dcbb-4b77-abef-8c7b41f456c2_origin.pdf,1439—1439,19
意义重复,,历历在目,"形容某种景象清楚地展现在眼前。含有“出现”“眼前”之意,不能说“历历在目地出现在眼前”。",原表列语义重叠风险，不据孤立片段一律判病句；先核句法、信息是否重复及有无程度补充或强调作用。,CN-LREF-C103,51-100,732ab222-dcbb-4b77-abef-8c7b41f456c2_origin.pdf,1443—1443,19
意义重复,,立竿见影,"在阳光下立起竹竿,立刻就能看到竹竿的影子。比喻立见功效。含有“迅速、立刻”之意,不能说“迅速/立刻立竿见影”。",原表列语义重叠风险，不据孤立片段一律判病句；先核句法、信息是否重复及有无程度补充或强调作用。,CN-LREF-C104,51-100,732ab222-dcbb-4b77-abef-8c7b41f456c2_origin.pdf,1445—1445,19
意义重复,,屡见不鲜,"经常看见,并不新奇。含有“经常”之意,不能说“常常屡见不鲜”。",原表列语义重叠风险，不据孤立片段一律判病句；先核句法、信息是否重复及有无程度补充或强调作用。,CN-LREF-C105,51-100,732ab222-dcbb-4b77-abef-8c7b41f456c2_origin.pdf,1447—1447,19
意义重复,,满腹经纶,"形容人很有政治才能或很有才学。含有“学识”之意,不能说“满腹经纶的学识”。",原表列语义重叠风险，不据孤立片段一律判病句；先核句法、信息是否重复及有无程度补充或强调作用。,CN-LREF-C106,51-100,732ab222-dcbb-4b77-abef-8c7b41f456c2_origin.pdf,1451—1451,20
意义重复,,漫山遍野,"遍布山野,形容很多。含有“到处”之意,不能说“到处漫山遍野”。",原表列语义重叠风险，不据孤立片段一律判病句；先核句法、信息是否重复及有无程度补充或强调作用。,CN-LREF-C107,51-100,732ab222-dcbb-4b77-abef-8c7b41f456c2_origin.pdf,1453—1453,20
意义重复,,茅塞顿开,"原来心里好像有茅草堵塞着,现在忽然被打开了。形容忽然理解、领会。含有“忽然、突然、顿时”之意,不能说“忽然/突然/顿时茅塞顿开”。",原表列语义重叠风险，不据孤立片段一律判病句；先核句法、信息是否重复及有无程度补充或强调作用。,CN-LREF-C108,51-100,732ab222-dcbb-4b77-abef-8c7b41f456c2_origin.pdf,1455—1455,20
意义重复,,扪(mén)心自问,"摸着心口,自己问自己。指自我反省,自我批评。含有“自省”“自己”之意,不能说“扪心自问地自省”“我自己扪心自问”。",原表列语义重叠风险，不据孤立片段一律判病句；先核句法、信息是否重复及有无程度补充或强调作用。 原本条断语较强，仅作待具体语境核验的风险提醒，不采作排他语法禁令。,CN-LREF-C109,51-100,732ab222-dcbb-4b77-abef-8c7b41f456c2_origin.pdf,1457—1457,20
意义重复,,弥足珍贵,"更加值得珍爱、重视。含有“更加、十分、非常”之意,不能说“更加/十分/非常弥足珍贵”。",原表列语义重叠风险，不据孤立片段一律判病句；先核句法、信息是否重复及有无程度补充或强调作用。,CN-LREF-C110,51-100,732ab222-dcbb-4b77-abef-8c7b41f456c2_origin.pdf,1459—1459,20
意义重复,,南柯一梦,"泛指一场梦,或比喻一场空欢喜。含有“一场”之意,不能说“一场南柯一梦”。",原表列语义重叠风险，不据孤立片段一律判病句；先核句法、信息是否重复及有无程度补充或强调作用。,CN-LREF-C111,51-100,732ab222-dcbb-4b77-abef-8c7b41f456c2_origin.pdf,1463—1463,20
意义重复,,难言之隐," 难于说出口的藏在内心深处的事情。含有“隐情、苦衷”之意,不能说“难言之隐的苦衷”。",原表列语义重叠风险，不据孤立片段一律判病句；先核句法、信息是否重复及有无程度补充或强调作用。,CN-LREF-C112,51-100,732ab222-dcbb-4b77-abef-8c7b41f456c2_origin.pdf,1465—1466,20
意义重复,,千方百计,"形容想尽或用尽种种方法。含有“想尽”“用尽”之意,不能说“想尽/用尽/千方百计”。",原表列语义重叠风险，不据孤立片段一律判病句；先核句法、信息是否重复及有无程度补充或强调作用。,CN-LREF-C113,51-100,732ab222-dcbb-4b77-abef-8c7b41f456c2_origin.pdf,1470—1470,20
意义重复,,穷凶极恶,"形容极端残暴恶毒。含有“特别、十分、非常”之意,不能说“特别/十分/非常穷凶极恶”。",原表列语义重叠风险，不据孤立片段一律判病句；先核句法、信息是否重复及有无程度补充或强调作用。,CN-LREF-C114,51-100,732ab222-dcbb-4b77-abef-8c7b41f456c2_origin.pdf,1472—1472,20
意义重复,,燃眉之急,"像火烧眉毛那样非常紧急的情况。含有“急迫、紧急”之意,不能说“燃眉之急的紧急情况”。",原表列语义重叠风险，不据孤立片段一律判病句；先核句法、信息是否重复及有无程度补充或强调作用。,CN-LREF-C115,51-100,732ab222-dcbb-4b77-abef-8c7b41f456c2_origin.pdf,1476—1476,20
意义重复,,忍俊不禁,"忍不住笑。含有“笑”之意,不能说“忍俊不禁地笑”。",原表列语义重叠风险，不据孤立片段一律判病句；先核句法、信息是否重复及有无程度补充或强调作用。,CN-LREF-C116,51-100,732ab222-dcbb-4b77-abef-8c7b41f456c2_origin.pdf,1478—1478,20
意义重复,,任重道远,"比喻责任重大,需要长期艰苦奋斗。含有“责任”之意,不能说“责任任重道远”。",原表列语义重叠风险，不据孤立片段一律判病句；先核句法、信息是否重复及有无程度补充或强调作用。,CN-LREF-C117,51-100,732ab222-dcbb-4b77-abef-8c7b41f456c2_origin.pdf,1480—1482,
意义重复,,日臻(zhēn)完善,"臻,达到。逐渐达到尽善尽美的程度。含有“一天天、逐渐”之意,不能说“一天天/逐渐日臻完善”。",原表列语义重叠风险，不据孤立片段一律判病句；先核句法、信息是否重复及有无程度补充或强调作用。,CN-LREF-C118,51-100,732ab222-dcbb-4b77-abef-8c7b41f456c2_origin.pdf,1484—1484,20
意义重复,,如芒在背,"形容惶恐不安,如刺在背。含有“好像”之意,不能说“好像如芒在背”。",原表列语义重叠风险，不据孤立片段一律判病句；先核句法、信息是否重复及有无程度补充或强调作用。,CN-LREF-C119,51-100,732ab222-dcbb-4b77-abef-8c7b41f456c2_origin.pdf,1486—1486,20
意义重复,,如数家珍,"像数自己家里的珍宝一样,形容对列举的事物或叙述的故事十分熟悉。含有“收藏”“好像”之意,不能说“对收藏的宝贝如数家珍”“好像如数家珍”。",原表列语义重叠风险，不据孤立片段一律判病句；先核句法、信息是否重复及有无程度补充或强调作用。 原本条断语较强，仅作待具体语境核验的风险提醒，不采作排他语法禁令。,CN-LREF-C120,51-100,732ab222-dcbb-4b77-abef-8c7b41f456c2_origin.pdf,1488—1488,20
意义重复,,三令五申,"再三地命令和告诫。含有“多次”“强调”之意,不能说“多次三令五申”“三令五申地强调”。",原表列语义重叠风险，不据孤立片段一律判病句；先核句法、信息是否重复及有无程度补充或强调作用。,CN-LREF-C121,51-100,732ab222-dcbb-4b77-abef-8c7b41f456c2_origin.pdf,1492—1492,20
意义重复,,莘(shēn)莘学子,"莘莘,众多。众多的学生。不能说“众多莘莘学子”。",原表列语义重叠风险，不据孤立片段一律判病句；先核句法、信息是否重复及有无程度补充或强调作用。,CN-LREF-C122,51-100,732ab222-dcbb-4b77-abef-8c7b41f456c2_origin.pdf,1494—1494,20
意义重复,,声名鹊起,"形容名声迅速提高。含有“突然、迅速”之意,不能说“突然/迅速声名鹊起”。",原表列语义重叠风险，不据孤立片段一律判病句；先核句法、信息是否重复及有无程度补充或强调作用。,CN-LREF-C123,51-100,732ab222-dcbb-4b77-abef-8c7b41f456c2_origin.pdf,1496—1496,20
意义重复,,水到渠成,"比喻条件成熟,事情自然会成功。含有“自然”之意,不能说“自然水到渠成”。",原表列语义重叠风险，不据孤立片段一律判病句；先核句法、信息是否重复及有无程度补充或强调作用。,CN-LREF-C124,51-100,732ab222-dcbb-4b77-abef-8c7b41f456c2_origin.pdf,1498—1498,20
意义重复,,同归于尽,"一同死亡或毁灭。含有“一起”之意,不能说“一起同归于尽”。",原表列语义重叠风险，不据孤立片段一律判病句；先核句法、信息是否重复及有无程度补充或强调作用。,CN-LREF-C125,51-100,732ab222-dcbb-4b77-abef-8c7b41f456c2_origin.pdf,1502—1502,20
意义重复,,完璧归赵,"借指原物完整无损地归还本人。含有“全部、完好”之意,不能说“全部完璧归赵”。",原表列语义重叠风险，不据孤立片段一律判病句；先核句法、信息是否重复及有无程度补充或强调作用。,CN-LREF-C126,51-100,732ab222-dcbb-4b77-abef-8c7b41f456c2_origin.pdf,1506—1506,20
意义重复,,未雨绸(chóu)缪(móu),"趁着天没下雨,先修缮房屋门窗。比喻事先做好准备。含有“事先、事前”之意,不能说“在出现问题之前就未雨绸缪”。",原表列语义重叠风险，不据孤立片段一律判病句；先核句法、信息是否重复及有无程度补充或强调作用。,CN-LREF-C127,51-100,732ab222-dcbb-4b77-abef-8c7b41f456c2_origin.pdf,1508—1508,20
意义重复,,闻名遐(xiá)迩(ěr),"远近的人都知道,形容名气很大。含有“远近”之意,不能说“远近/海内外闻名遐迩”。",原表列语义重叠风险，不据孤立片段一律判病句；先核句法、信息是否重复及有无程度补充或强调作用。,CN-LREF-C128,51-100,732ab222-dcbb-4b77-abef-8c7b41f456c2_origin.pdf,1510—1510,20
意义重复,,无地自容,形容羞愧到了极点。,原称羞愧得无地自容必重复，核官方成语典有同结构用例，应纠正：得字后可作程度补充，不能一律禁用。,CN-LREF-C129,51-100,732ab222-dcbb-4b77-abef-8c7b41f456c2_origin.pdf,1512—1512,20
意义重复,,无动于衷," 心里一点儿不受感动; 一点儿也不动心。指对令人感动或应该关注的事情毫无反应或漠不关心。含有“心里、心中”之意, 不能说“心里无动于衷”。",原表列语义重叠风险，不据孤立片段一律判病句；先核句法、信息是否重复及有无程度补充或强调作用。,CN-LREF-C130,51-100,732ab222-dcbb-4b77-abef-8c7b41f456c2_origin.pdf,1514—1514,21
意义重复,,兀兀穷年,"用心劳苦地一年到头这样做。兀兀,用心劳苦的样子。穷年,终年、一年到头。含有“一年到头”之意,不能说“一年到头都兀兀穷年”。",原表列语义重叠风险，不据孤立片段一律判病句；先核句法、信息是否重复及有无程度补充或强调作用。,CN-LREF-C131,51-100,732ab222-dcbb-4b77-abef-8c7b41f456c2_origin.pdf,1516—1516,21
意义重复,,息息相关,"呼吸相关联,形容关系密切。含有“彼此、相互”之意,不能说“彼此/相互息息相关”。",原表列语义重叠风险，不据孤立片段一律判病句；先核句法、信息是否重复及有无程度补充或强调作用。,CN-LREF-C132,51-100,732ab222-dcbb-4b77-abef-8c7b41f456c2_origin.pdf,1520—1520,21
意义重复,,相形见绌(chù), 跟另一人或事物比较起来显得远远不足。含有“显得”“相比”之意，不能说“显得相形见绌”“与……相比相形见绌”。,原表列语义重叠风险，不据孤立片段一律判病句；先核句法、信息是否重复及有无程度补充或强调作用。,CN-LREF-C133,51-100,732ab222-dcbb-4b77-abef-8c7b41f456c2_origin.pdf,1522—1522,21
意义重复,,心安理得,"自信事情做得合理,心里很坦然。不能说“觉得/自认为心安理得”。",原表列语义重叠风险，不据孤立片段一律判病句；先核句法、信息是否重复及有无程度补充或强调作用。 原本条断语较强，仅作待具体语境核验的风险提醒，不采作排他语法禁令。,CN-LREF-C134,51-100,732ab222-dcbb-4b77-abef-8c7b41f456c2_origin.pdf,1524—1524,21
意义重复,,言犹在耳,"形容别人的话说过不久,或者虽然说过很久,但是还记得很清楚。“犹”含有“还”之意。不能说“还言犹在耳”。",原表列语义重叠风险，不据孤立片段一律判病句；先核句法、信息是否重复及有无程度补充或强调作用。,CN-LREF-C135,51-100,732ab222-dcbb-4b77-abef-8c7b41f456c2_origin.pdf,1528—1528,21
意义重复,,眼花缭乱,"眼睛看见复杂纷繁的东西而感到迷乱。含有“看”之意,不能说“让人看得眼花缭乱”。",原表列语义重叠风险，不据孤立片段一律判病句；先核句法、信息是否重复及有无程度补充或强调作用。 原本条断语较强，仅作待具体语境核验的风险提醒，不采作排他语法禁令。,CN-LREF-C136,51-100,732ab222-dcbb-4b77-abef-8c7b41f456c2_origin.pdf,1530—1531,
意义重复,,阳奉阴违,"表面上遵从,暗地里违抗。含有“暗地、背地”之意,不能说“暗地/背地里阳奉阴违”。",原表列语义重叠风险，不据孤立片段一律判病句；先核句法、信息是否重复及有无程度补充或强调作用。,CN-LREF-C137,51-100,732ab222-dcbb-4b77-abef-8c7b41f456c2_origin.pdf,1533—1533,21
意义重复,,一劳永逸,"辛苦一次,把事情办好,以后就不再费事了。含有“从此、永远”之意,不能说“从此一劳永逸”。",原表列语义重叠风险，不据孤立片段一律判病句；先核句法、信息是否重复及有无程度补充或强调作用。,CN-LREF-C138,51-100,732ab222-dcbb-4b77-abef-8c7b41f456c2_origin.pdf,1535—1535,21
意义重复,,衣冠禽兽,"穿戴着衣帽的禽兽,指行为卑劣、如同禽兽的人。不能说“衣冠禽兽的家伙”。",原表列语义重叠风险，不据孤立片段一律判病句；先核句法、信息是否重复及有无程度补充或强调作用。,CN-LREF-C139,51-100,732ab222-dcbb-4b77-abef-8c7b41f456c2_origin.pdf,1537—1537,21
意义重复,,贻(yí)笑大方,"让内行笑话。含有“让、使、被”之意,不能说“让人/使人/被人贻笑大方”。",原表列语义重叠风险，不据孤立片段一律判病句；先核句法、信息是否重复及有无程度补充或强调作用。,CN-LREF-C140,51-100,732ab222-dcbb-4b77-abef-8c7b41f456c2_origin.pdf,1539—1539,21
意义重复,,以邻为壑,比喻把灾祸推给别人。不能说“以邻为壑转嫁给别人”。,原表列语义重叠风险，不据孤立片段一律判病句；先核句法、信息是否重复及有无程度补充或强调作用。,CN-LREF-C141,51-100,732ab222-dcbb-4b77-abef-8c7b41f456c2_origin.pdf,1541—1541,21
意义重复,,意犹未尽,"还没有尽兴,也指意思还没有全部表达出来。含有“还”之意,不能说“还意犹未尽”。",原表列语义重叠风险，不据孤立片段一律判病句；先核句法、信息是否重复及有无程度补充或强调作用。,CN-LREF-C142,51-100,732ab222-dcbb-4b77-abef-8c7b41f456c2_origin.pdf,1543—1543,21
意义重复,,有口皆碑,"形容人人称赞。含有“人人、大家”之意,不能说“大家有口皆碑”。",原表列语义重叠风险，不据孤立片段一律判病句；先核句法、信息是否重复及有无程度补充或强调作用。,CN-LREF-C143,51-100,732ab222-dcbb-4b77-abef-8c7b41f456c2_origin.pdf,1545—1545,21
意义重复,,芸芸众生,"指一切有生命的东西,一般也用来指众多的平常人。含有“众多”“平凡”之意,不能说“许多芸芸众生”“平凡的芸芸众生”。",原表列语义重叠风险，不据孤立片段一律判病句；先核句法、信息是否重复及有无程度补充或强调作用。,CN-LREF-C144,51-100,732ab222-dcbb-4b77-abef-8c7b41f456c2_origin.pdf,1547—1547,21
意义重复,,朝夕相处,"早晨、晚上都生活在一起。表示关系密切。含有“日夜”之意,不能说“日夜朝夕相处”。",原表列语义重叠风险，不据孤立片段一律判病句；先核句法、信息是否重复及有无程度补充或强调作用。,CN-LREF-C145,51-100,732ab222-dcbb-4b77-abef-8c7b41f456c2_origin.pdf,1551—1551,21
意义重复,,真知灼见,"正确而透彻的见解。含有“见解、意见、看法”之意,不能说“真知灼见的见解/意见/看法”。",原表列语义重叠风险，不据孤立片段一律判病句；先核句法、信息是否重复及有无程度补充或强调作用。,CN-LREF-C146,51-100,732ab222-dcbb-4b77-abef-8c7b41f456c2_origin.pdf,1553—1553,21
意义重复,,众所周知,大家全都知道。不能说“大家众所周知”。,原表列语义重叠风险，不据孤立片段一律判病句；先核句法、信息是否重复及有无程度补充或强调作用。,CN-LREF-C147,51-100,732ab222-dcbb-4b77-abef-8c7b41f456c2_origin.pdf,1555—1555,
意义重复,,自惭形秽,"原指因自己容貌举止不如别人而感到惭愧,后来泛指自愧不如别人。含有“感到”之意,不能说“感到自惭形秽”。",原表列语义重叠风险，不据孤立片段一律判病句；先核句法、信息是否重复及有无程度补充或强调作用。 原本条断语较强，仅作待具体语境核验的风险提醒，不采作排他语法禁令。,CN-LREF-C148,51-100,732ab222-dcbb-4b77-abef-8c7b41f456c2_origin.pdf,1557—1557,21
意义重复,,座无虚席,"座位没有空着的。形容观众、听众或出席的人很多。含有“座位”之意,不能说“座位座无虚席”。",原表列语义重叠风险，不据孤立片段一律判病句；先核句法、信息是否重复及有无程度补充或强调作用。,CN-LREF-C149,51-100,732ab222-dcbb-4b77-abef-8c7b41f456c2_origin.pdf,1559—1559,21
对象条件,,哀而不伤,"形容诗歌、音乐等具有中和之美。形容感情或行为有节制,没有过与不及之处。使用对象:诗歌、音乐、感情、行为。",先核本条完整意义及所指对象；所列常见对象是筛查线索，不能将“多用于”改成“只可用于”。,CN-LREF-C150,51-100,732ab222-dcbb-4b77-abef-8c7b41f456c2_origin.pdf,1565—1565,21
对象条件,,白头偕老,"夫妻感情和谐,共同生活到老。使用对象:夫妻。",先核本条完整意义及所指对象；所列常见对象是筛查线索，不能将“多用于”改成“只可用于”。,CN-LREF-C151,51-100,732ab222-dcbb-4b77-abef-8c7b41f456c2_origin.pdf,1569—1569,21
对象条件,,百年好合,"夫妻和睦相处,一直到老。使用对象:夫妻。",先核本条完整意义及所指对象；所列常见对象是筛查线索，不能将“多用于”改成“只可用于”。,CN-LREF-C152,51-100,732ab222-dcbb-4b77-abef-8c7b41f456c2_origin.pdf,1571—1571,21
对象条件,,斑驳陆离,形容色彩繁杂。使用对象:色彩。,先核本条完整意义及所指对象；所列常见对象是筛查线索，不能将“多用于”改成“只可用于”。,CN-LREF-C153,51-100,732ab222-dcbb-4b77-abef-8c7b41f456c2_origin.pdf,1573—1573,
对象条件,,比翼双飞,"比喻夫妻恩爱,形影不离。使用对象:夫妻。",先核本条完整意义及所指对象；所列常见对象是筛查线索，不能将“多用于”改成“只可用于”。,CN-LREF-C154,51-100,732ab222-dcbb-4b77-abef-8c7b41f456c2_origin.pdf,1575—1575,21
对象条件,,笔走龙蛇,形容书法笔势雄健活泼。使用对象:书法。,先核本条完整意义及所指对象；所列常见对象是筛查线索，不能将“多用于”改成“只可用于”。,CN-LREF-C155,51-100,732ab222-dcbb-4b77-abef-8c7b41f456c2_origin.pdf,1577—1577,
对象条件,,闭月羞花,形容女子容貌非常美丽。使用对象:女性。,先核本条完整意义及所指对象；所列常见对象是筛查线索，不能将“多用于”改成“只可用于”。,CN-LREF-C156,51-100,732ab222-dcbb-4b77-abef-8c7b41f456c2_origin.pdf,1579—1580,
对象条件,,鞭辟(pì)入里,"形容能透彻说明问题,深中要害。使用对象:说话、写文章等。",先核本条完整意义及所指对象；所列常见对象是筛查线索，不能将“多用于”改成“只可用于”。,CN-LREF-C157,51-100,732ab222-dcbb-4b77-abef-8c7b41f456c2_origin.pdf,1582—1583,
对象条件,,不耻下问, 不以向地位比自己低、知识比自己少的人请教为可耻。使用对象: 学问、地位不如自己的人。,先核本条完整意义及所指对象；所列常见对象是筛查线索，不能将“多用于”改成“只可用于”。,CN-LREF-C158,51-100,732ab222-dcbb-4b77-abef-8c7b41f456c2_origin.pdf,1585—1585,22
对象条件,,不落窠(kē)臼(jiù),"指文章或艺术等有独创风格,不落俗套。使用对象:文章、艺术。",先核本条完整意义及所指对象；所列常见对象是筛查线索，不能将“多用于”改成“只可用于”。,CN-LREF-C159,51-100,732ab222-dcbb-4b77-abef-8c7b41f456c2_origin.pdf,1587—1587,22
对象条件,,叱(chì)咤(zhà)风云,形容威力、声势极大。使用对象:威力、声势。,先核本条完整意义及所指对象；所列常见对象是筛查线索，不能将“多用于”改成“只可用于”。,CN-LREF-C160,51-100,732ab222-dcbb-4b77-abef-8c7b41f456c2_origin.pdf,1591—1591,22
对象条件,,沉鱼落雁,形容女子容貌极美。使用对象:女性。,先核本条完整意义及所指对象；所列常见对象是筛查线索，不能将“多用于”改成“只可用于”。,CN-LREF-C161,51-100,732ab222-dcbb-4b77-abef-8c7b41f456c2_origin.pdf,1593—1593,
对象条件,,触目伤怀,眼睛所见的都让人感伤。使用对象:看到的情况。,先核本条完整意义及所指对象；所列常见对象是筛查线索，不能将“多用于”改成“只可用于”。,CN-LREF-C162,51-100,732ab222-dcbb-4b77-abef-8c7b41f456c2_origin.pdf,1595—1595,22
对象条件,,穿云裂石,"(声音)穿过云层,震裂石头,形容乐器声或歌声高亢嘹亮。使用对象:乐器声、歌声。",先核本条完整意义及所指对象；所列常见对象是筛查线索，不能将“多用于”改成“只可用于”。,CN-LREF-C163,51-100,732ab222-dcbb-4b77-abef-8c7b41f456c2_origin.pdf,1597—1597,22
对象条件,,荡气回肠,形容文章、乐曲等十分动人。使用对象:文章、乐曲等。,先核本条完整意义及所指对象；所列常见对象是筛查线索，不能将“多用于”改成“只可用于”。,CN-LREF-C164,51-100,732ab222-dcbb-4b77-abef-8c7b41f456c2_origin.pdf,1601—1601,22
对象条件,,豆蔻(kòu)年华,指女子十三四岁的年纪。使用对象:女性。,先核本条完整意义及所指对象；所列常见对象是筛查线索，不能将“多用于”改成“只可用于”。,CN-LREF-C165,51-100,732ab222-dcbb-4b77-abef-8c7b41f456c2_origin.pdf,1603—1603,22
对象条件,,风华正茂,风采和才华正在最好的时候。使用对象:年轻人。,先核本条完整意义及所指对象；所列常见对象是筛查线索，不能将“多用于”改成“只可用于”。,CN-LREF-C166,51-100,732ab222-dcbb-4b77-abef-8c7b41f456c2_origin.pdf,1607—1607,22
对象条件,,俯拾即是," 只要弯下身子来捡, 到处都是。形容地上的某一类东西、要找的某一类例证、文章中的错别字等很多。使用对象: 东西、例证、错别字。",先核本条完整意义及所指对象；所列常见对象是筛查线索，不能将“多用于”改成“只可用于”。,CN-LREF-C167,51-100,732ab222-dcbb-4b77-abef-8c7b41f456c2_origin.pdf,1609—1609,22
对象条件,,海誓山盟,"男女相爱时所立的誓言和盟约,表示爱情要像山和海一样永恒不变。使用对象:爱情。",先核本条完整意义及所指对象；所列常见对象是筛查线索，不能将“多用于”改成“只可用于”。,CN-LREF-C168,51-100,732ab222-dcbb-4b77-abef-8c7b41f456c2_origin.pdf,1613—1613,22
对象条件,,浑然天成,"形容诗作、文章的结构严谨自然,或用词运典自然。也形容人的才能、品德完美自然。使用对象:诗文结构,人的才能、品德。",先核本条完整意义及所指对象；所列常见对象是筛查线索，不能将“多用于”改成“只可用于”。,CN-LREF-C169,51-100,732ab222-dcbb-4b77-abef-8c7b41f456c2_origin.pdf,1615—1617,22
对象条件,,汗牛充栋,形容书籍极多。使用对象:书籍。,先核本条完整意义及所指对象；所列常见对象是筛查线索，不能将“多用于”改成“只可用于”。,CN-LREF-C170,51-100,732ab222-dcbb-4b77-abef-8c7b41f456c2_origin.pdf,1619—1619,
对象条件,,浩如烟海,形容文献、资料等非常丰富。使用对象:文献、资料。,先核本条完整意义及所指对象；所列常见对象是筛查线索，不能将“多用于”改成“只可用于”。,CN-LREF-C171,51-100,732ab222-dcbb-4b77-abef-8c7b41f456c2_origin.pdf,1621—1621,22
对象条件,,挥洒自如,"形容书写作画运笔自如,不受拘束,也形容写文章流畅洒脱。使用对象:写字、作画、写文章。",先核本条完整意义及所指对象；所列常见对象是筛查线索，不能将“多用于”改成“只可用于”。,CN-LREF-C172,51-100,732ab222-dcbb-4b77-abef-8c7b41f456c2_origin.pdf,1623—1623,22
对象条件,,活灵活现,形容描述或模仿的人或事物生动逼真。使用对象:描绘、模仿的人或事物。,先核本条完整意义及所指对象；所列常见对象是筛查线索，不能将“多用于”改成“只可用于”。,CN-LREF-C173,51-100,732ab222-dcbb-4b77-abef-8c7b41f456c2_origin.pdf,1625—1626,
对象条件,,祸起萧墙,"祸乱发生在家里,泛指内部发生祸乱。使用对象:内部的祸乱。",先核本条完整意义及所指对象；所列常见对象是筛查线索，不能将“多用于”改成“只可用于”。,CN-LREF-C174,51-100,732ab222-dcbb-4b77-abef-8c7b41f456c2_origin.pdf,1628—1629,
对象条件,,急转直下,"突然转变,并且很快地顺势发展下去。使用对象:形势、故事情节、文笔等。",先核本条完整意义及所指对象；所列常见对象是筛查线索，不能将“多用于”改成“只可用于”。,CN-LREF-C175,51-100,732ab222-dcbb-4b77-abef-8c7b41f456c2_origin.pdf,1633—1634,
对象条件,,济济一堂,形容许多有才能的人聚集在一起。使用对象:有才能的人。,先核本条完整意义及所指对象；所列常见对象是筛查线索，不能将“多用于”改成“只可用于”。,CN-LREF-C176,51-100,732ab222-dcbb-4b77-abef-8c7b41f456c2_origin.pdf,1636—1636,22
对象条件,,戛(jiá)然而止,形容声音突然中止。使用对象:声音。,先核本条完整意义及所指对象；所列常见对象是筛查线索，不能将“多用于”改成“只可用于”。,CN-LREF-C177,51-100,732ab222-dcbb-4b77-abef-8c7b41f456c2_origin.pdf,1638—1638,22
对象条件,,剑拔弩(nǔ)张,"形容形势紧张,一触即发。也形容书法雄健。使用对象:书法、形势。",先核本条完整意义及所指对象；所列常见对象是筛查线索，不能将“多用于”改成“只可用于”。,CN-LREF-C178,51-100,732ab222-dcbb-4b77-abef-8c7b41f456c2_origin.pdf,1640—1640,22
对象条件,,举案齐眉,形容夫妻互敬互爱。使用对象:夫妻。,先核本条完整意义及所指对象；所列常见对象是筛查线索，不能将“多用于”改成“只可用于”。,CN-LREF-C179,51-100,732ab222-dcbb-4b77-abef-8c7b41f456c2_origin.pdf,1642—1642,
对象条件,,卷帙(zhì)浩繁,形容书籍或篇章多而纷繁。使用对象:书籍、篇章。,先核本条完整意义及所指对象；所列常见对象是筛查线索，不能将“多用于”改成“只可用于”。,CN-LREF-C180,51-100,732ab222-dcbb-4b77-abef-8c7b41f456c2_origin.pdf,1644—1644,22
对象条件,,开卷有益,"开卷,打开书卷,指读书。益,好处。形容读书有好处。使用对象:读书。",先核本条完整意义及所指对象；所列常见对象是筛查线索，不能将“多用于”改成“只可用于”。,CN-LREF-C181,51-100,732ab222-dcbb-4b77-abef-8c7b41f456c2_origin.pdf,1648—1648,22
对象条件,,刻画入微,指文学、艺术作品描绘事物极其生动细微。使用对象:文学、艺术作品。,先核本条完整意义及所指对象；所列常见对象是筛查线索，不能将“多用于”改成“只可用于”。,CN-LREF-C182,51-100,732ab222-dcbb-4b77-abef-8c7b41f456c2_origin.pdf,1650—1650,22
对象条件,,扣人心弦,"形容诗文、表演等有感染力,使人心情激动。使用对象:诗文、表演等。",先核本条完整意义及所指对象；所列常见对象是筛查线索，不能将“多用于”改成“只可用于”。,CN-LREF-C183,51-100,732ab222-dcbb-4b77-abef-8c7b41f456c2_origin.pdf,1652—1652,22
对象条件,,脍(kuài)炙人口,"美味人人都爱吃,比喻好的诗文或事物,人们都称赞。使用对象:好的诗文或事物。",先核本条完整意义及所指对象；所列常见对象是筛查线索，不能将“多用于”改成“只可用于”。,CN-LREF-C184,51-100,732ab222-dcbb-4b77-abef-8c7b41f456c2_origin.pdf,1654—1654,22
对象条件,,龙飞凤舞,"形容山势蜿蜒起伏,气势磅礴。也形容书法笔势活泼。使用对象:山势、书法。",先核本条完整意义及所指对象；所列常见对象是筛查线索，不能将“多用于”改成“只可用于”。,CN-LREF-C185,51-100,732ab222-dcbb-4b77-abef-8c7b41f456c2_origin.pdf,1658—1658,22
对象条件,,力透纸背,形容书法遒劲有力。也形容文章深刻有力。使用对象:书法、文章。,先核本条完整意义及所指对象；所列常见对象是筛查线索，不能将“多用于”改成“只可用于”。,CN-LREF-C186,51-100,732ab222-dcbb-4b77-abef-8c7b41f456c2_origin.pdf,1660—1660,23
对象条件,,两小无猜,"男女小的时候在一起玩耍,天真烂漫,没有猜疑。使用对象:幼年男女。",先核本条完整意义及所指对象；所列常见对象是筛查线索，不能将“多用于”改成“只可用于”。,CN-LREF-C187,51-100,732ab222-dcbb-4b77-abef-8c7b41f456c2_origin.pdf,1662—1663,
对象条件,,两袖清风,比喻为官清廉。使用对象：为官者。,先核本条完整意义及所指对象；所列常见对象是筛查线索，不能将“多用于”改成“只可用于”。,CN-LREF-C188,51-100,732ab222-dcbb-4b77-abef-8c7b41f456c2_origin.pdf,1665—1665,
对象条件,,鳞次栉(zhì)比,形容船只或房屋等紧密、整齐地排列着。使用对象:船只、房屋等。,先核本条完整意义及所指对象；所列常见对象是筛查线索，不能将“多用于”改成“只可用于”。,CN-LREF-C189,51-100,732ab222-dcbb-4b77-abef-8c7b41f456c2_origin.pdf,1667—1667,23
对象条件,,令人发指,形容事情使人愤怒到了极点。使用对象:坏事、恶事。,先核本条完整意义及所指对象；所列常见对象是筛查线索，不能将“多用于”改成“只可用于”。,CN-LREF-C190,51-100,732ab222-dcbb-4b77-abef-8c7b41f456c2_origin.pdf,1669—1669,23
对象条件,,炉火纯青,比喻学问、技术等达到了纯熟完美的地步。使用对象:学问、技术等。,先核本条完整意义及所指对象；所列常见对象是筛查线索，不能将“多用于”改成“只可用于”。,CN-LREF-C191,51-100,732ab222-dcbb-4b77-abef-8c7b41f456c2_origin.pdf,1671—1671,23
对象条件,,络绎不绝,"形容人马、车船来来往往,连接不断。使用对象:人马、车船。",先核本条完整意义及所指对象；所列常见对象是筛查线索，不能将“多用于”改成“只可用于”。,CN-LREF-C192,51-100,732ab222-dcbb-4b77-abef-8c7b41f456c2_origin.pdf,1673—1674,
对象条件,,美轮美奂,"形容新屋高大美观,也形容装饰、布置等美好漂亮。使用对象:房屋、装饰、布置等。",先核本条完整意义及所指对象；所列常见对象是筛查线索，不能将“多用于”改成“只可用于”。,CN-LREF-C193,51-100,732ab222-dcbb-4b77-abef-8c7b41f456c2_origin.pdf,1678—1678,23
对象条件,,妙手回春,"称赞医生医道高明,能把垂危的病人治好。使用对象:医者。",先核本条完整意义及所指对象；所列常见对象是筛查线索，不能将“多用于”改成“只可用于”。,CN-LREF-C194,51-100,732ab222-dcbb-4b77-abef-8c7b41f456c2_origin.pdf,1680—1680,23
对象条件,,莫衷一是,不能得出一致的结论。使用对象:多个人。不能用于一个人。,先核本条完整意义及所指对象；所列常见对象是筛查线索，不能将“多用于”改成“只可用于”。,CN-LREF-C195,51-100,732ab222-dcbb-4b77-abef-8c7b41f456c2_origin.pdf,1682—1682,23
对象条件,,难能可贵,不容易做到的事而做到了，因此特别可贵。,原限只能赞人、不能赞事物过强，核官方释义及用法可评精神、成果等；须保留难做到而做到的条件。,CN-LREF-C196,51-100,732ab222-dcbb-4b77-abef-8c7b41f456c2_origin.pdf,1686—1687,23
对象条件,,念念不忘,心中常常惦记，时刻不忘。,原禁用于不幸的事过强，词义本身不限定所记事物必须幸运；评价与对象要据语境。,CN-LREF-C197,51-100,732ab222-dcbb-4b77-abef-8c7b41f456c2_origin.pdf,1689—1689,23
对象条件,,拍手称快,"拍着手喊痛快,多指仇恨得到消除。使用对象:正义得到伸张的事。",先核本条完整意义及所指对象；所列常见对象是筛查线索，不能将“多用于”改成“只可用于”。,CN-LREF-C198,51-100,732ab222-dcbb-4b77-abef-8c7b41f456c2_origin.pdf,1693—1693,23
对象条件,,萍水相逢,比喻向来不认识的人偶然相遇。使用对象:陌生人。,先核本条完整意义及所指对象；所列常见对象是筛查线索，不能将“多用于”改成“只可用于”。,CN-LREF-C199,51-100,732ab222-dcbb-4b77-abef-8c7b41f456c2_origin.pdf,1695—1695,23
对象条件,,破镜重圆,比喻夫妻失散或决裂后重又团圆。使用对象:夫妻。,先核本条完整意义及所指对象；所列常见对象是筛查线索，不能将“多用于”改成“只可用于”。,CN-LREF-C200,51-100,732ab222-dcbb-4b77-abef-8c7b41f456c2_origin.pdf,1697—1697,23
对象条件,,旗开得胜,比喻事情一开始就取得好成绩。使用对象:事情一开始。,先核本条完整意义及所指对象；所列常见对象是筛查线索，不能将“多用于”改成“只可用于”。,CN-LREF-C201,51-100,732ab222-dcbb-4b77-abef-8c7b41f456c2_origin.pdf,1701—1701,23
对象条件,,巧夺天工,"精巧的人工胜过天然,形容技艺极其精巧。使用对象:人工事物。",先核本条完整意义及所指对象；所列常见对象是筛查线索，不能将“多用于”改成“只可用于”。,CN-LREF-C202,51-100,732ab222-dcbb-4b77-abef-8c7b41f456c2_origin.pdf,1703—1705,
对象条件,,秦晋之好,泛指两家联姻。使用对象:联姻家庭。,先核本条完整意义及所指对象；所列常见对象是筛查线索，不能将“多用于”改成“只可用于”。,CN-LREF-C203,51-100,732ab222-dcbb-4b77-abef-8c7b41f456c2_origin.pdf,1707—1707,
对象条件,,青梅竹马,"形容男女小的时候天真无邪,在一起玩耍。现多指夫妻俩或恋人从小就相识。使用对象:夫妻、恋人。",先核本条完整意义及所指对象；所列常见对象是筛查线索，不能将“多用于”改成“只可用于”。,CN-LREF-C204,51-100,732ab222-dcbb-4b77-abef-8c7b41f456c2_origin.pdf,1709—1709,23
对象条件,,情同手足,彼此之间的感情如同亲兄弟一样亲密。使用对象:非亲兄弟。,先核本条完整意义及所指对象；所列常见对象是筛查线索，不能将“多用于”改成“只可用于”。,CN-LREF-C205,51-100,732ab222-dcbb-4b77-abef-8c7b41f456c2_origin.pdf,1711—1712,
对象条件,,罄(qìng)竹难书,"形容事实(多指罪恶)很多,难以说完。使用对象:罪行。",先核本条完整意义及所指对象；所列常见对象是筛查线索，不能将“多用于”改成“只可用于”。,CN-LREF-C206,51-100,732ab222-dcbb-4b77-abef-8c7b41f456c2_origin.pdf,1714—1714,23
对象条件,,日理万机,"每天处理大量要务,形容政务繁忙。使用对象:高级领导人。不用于一般人。",先核本条完整意义及所指对象；所列常见对象是筛查线索，不能将“多用于”改成“只可用于”。,CN-LREF-C207,51-100,732ab222-dcbb-4b77-abef-8c7b41f456c2_origin.pdf,1718—1718,23
对象条件,,入木三分,"用来形容书法刚劲有力,也用来形容议论、见解深刻。使用对象:书法、议论、见解。",先核本条完整意义及所指对象；所列常见对象是筛查线索，不能将“多用于”改成“只可用于”。,CN-LREF-C208,51-100,732ab222-dcbb-4b77-abef-8c7b41f456c2_origin.pdf,1720—1720,23
对象条件,,深入浅出,"指文章或言论的内容很深刻,措辞却浅显易懂。使用对象:文章、言论。",先核本条完整意义及所指对象；所列常见对象是筛查线索，不能将“多用于”改成“只可用于”。,CN-LREF-C209,51-100,732ab222-dcbb-4b77-abef-8c7b41f456c2_origin.pdf,1724—1724,23
对象条件,,舐(shì)犊情深,形容对子女关心、疼爱的感情非常深。使用对象:长辈。,先核本条完整意义及所指对象；所列常见对象是筛查线索，不能将“多用于”改成“只可用于”。,CN-LREF-C210,51-100,732ab222-dcbb-4b77-abef-8c7b41f456c2_origin.pdf,1726—1726,23
对象条件,,泰然自若,形容镇定、毫不在意的样子。使用对象:紧急情况下的人。,先核本条完整意义及所指对象；所列常见对象是筛查线索，不能将“多用于”改成“只可用于”。,CN-LREF-C211,51-100,732ab222-dcbb-4b77-abef-8c7b41f456c2_origin.pdf,1730—1730,23
对象条件,,天伦之乐,指家庭中亲人团聚的快乐。使用对象:亲人。,先核本条完整意义及所指对象；所列常见对象是筛查线索，不能将“多用于”改成“只可用于”。,CN-LREF-C212,51-100,732ab222-dcbb-4b77-abef-8c7b41f456c2_origin.pdf,1732—1732,23
对象条件,,天马行空,"多形容诗文、书法、言行等气势豪放,不受拘束。也形容说话做事不着边际。使用对象:诗文、书法、言行等。",先核本条完整意义及所指对象；所列常见对象是筛查线索，不能将“多用于”改成“只可用于”。,CN-LREF-C213,51-100,732ab222-dcbb-4b77-abef-8c7b41f456c2_origin.pdf,1734—1734,23
对象条件,,亭亭玉立,形容女子身材修长。也形容花木等形体挺拔。使用对象:女性、花木。,先核本条完整意义及所指对象；所列常见对象是筛查线索，不能将“多用于”改成“只可用于”。,CN-LREF-C214,51-100,732ab222-dcbb-4b77-abef-8c7b41f456c2_origin.pdf,1736—1736,23
对象条件,,妄自菲薄,过分地看轻自己。使用对象:自己。,先核本条完整意义及所指对象；所列常见对象是筛查线索，不能将“多用于”改成“只可用于”。,CN-LREF-C215,51-100,732ab222-dcbb-4b77-abef-8c7b41f456c2_origin.pdf,1740—1740,
对象条件,,韦(wéi)编三绝,形容读书勤奋。使用对象:读书。,先核本条完整意义及所指对象；所列常见对象是筛查线索，不能将“多用于”改成“只可用于”。,CN-LREF-C216,51-100,732ab222-dcbb-4b77-abef-8c7b41f456c2_origin.pdf,1742—1742,23
对象条件,,为虎傅翼,比喻做坏人的帮凶或助长坏人的声势。使用对象:坏事。,先核本条完整意义及所指对象；所列常见对象是筛查线索，不能将“多用于”改成“只可用于”。,CN-LREF-C217,51-100,732ab222-dcbb-4b77-abef-8c7b41f456c2_origin.pdf,1744—1745,
对象条件,,蔚然成风,"形容一种事物逐渐发展、盛行,形成风气。使用对象:好事。",先核本条完整意义及所指对象；所列常见对象是筛查线索，不能将“多用于”改成“只可用于”。,CN-LREF-C218,51-100,732ab222-dcbb-4b77-abef-8c7b41f456c2_origin.pdf,1747—1749,
对象条件,,味同嚼蜡,"形容没有味道,多指文章或讲话枯燥无味。使用对象:文章、讲话。",先核本条完整意义及所指对象；所列常见对象是筛查线索，不能将“多用于”改成“只可用于”。,CN-LREF-C219,51-100,732ab222-dcbb-4b77-abef-8c7b41f456c2_origin.pdf,1751—1751,24
对象条件,,无出其右,没有人能超过他(古人以右为尊)。使用对象:优秀的人。,先核本条完整意义及所指对象；所列常见对象是筛查线索，不能将“多用于”改成“只可用于”。,CN-LREF-C220,51-100,732ab222-dcbb-4b77-abef-8c7b41f456c2_origin.pdf,1753—1753,24
对象条件,,狭路相逢,"原指相向的车辆在狭窄的路上相遇,互相避不开。后指仇人相见,彼此不相容。使用对象:仇人。",先核本条完整意义及所指对象；所列常见对象是筛查线索，不能将“多用于”改成“只可用于”。,CN-LREF-C221,51-100,732ab222-dcbb-4b77-abef-8c7b41f456c2_origin.pdf,1757—1757,24
对象条件,,相敬如宾,形容夫妻互相尊敬像对待宾客一样。使用对象:夫妻。,先核本条完整意义及所指对象；所列常见对象是筛查线索，不能将“多用于”改成“只可用于”。,CN-LREF-C222,51-100,732ab222-dcbb-4b77-abef-8c7b41f456c2_origin.pdf,1759—1760,
对象条件,,相濡以沫,"比喻同处困境,相互救助。使用对象:同处困境中的人。",先核本条完整意义及所指对象；所列常见对象是筛查线索，不能将“多用于”改成“只可用于”。,CN-LREF-C223,51-100,732ab222-dcbb-4b77-abef-8c7b41f456c2_origin.pdf,1762—1762,24
对象条件,,宵衣旰(gàn)食,"天不亮就穿衣起来,天黑了才吃饭,形容勤于政务。使用对象:国家领导人。不能用于一般群众。",先核本条完整意义及所指对象；所列常见对象是筛查线索，不能将“多用于”改成“只可用于”。,CN-LREF-C224,51-100,732ab222-dcbb-4b77-abef-8c7b41f456c2_origin.pdf,1764—1764,24
对象条件,,信手拈来,"多形容写文章时词汇或材料丰富,不费思索,就能写出来。使用对象:写文章。",先核本条完整意义及所指对象；所列常见对象是筛查线索，不能将“多用于”改成“只可用于”。,CN-LREF-C225,51-100,732ab222-dcbb-4b77-abef-8c7b41f456c2_origin.pdf,1766—1766,24
对象条件,,行云流水,"飘浮的云,流动的水,形容诗文、书画、歌唱等自然流畅。使用对象:诗文、书画、歌唱等。",先核本条完整意义及所指对象；所列常见对象是筛查线索，不能将“多用于”改成“只可用于”。,CN-LREF-C226,51-100,732ab222-dcbb-4b77-abef-8c7b41f456c2_origin.pdf,1768—1768,24
对象条件,,秀色可餐,形容女子姿容非常美丽或景物非常优美。使用对象:女性、景物。,先核本条完整意义及所指对象；所列常见对象是筛查线索，不能将“多用于”改成“只可用于”。,CN-LREF-C227,51-100,732ab222-dcbb-4b77-abef-8c7b41f456c2_origin.pdf,1770—1770,24
对象条件,,栩栩如生,"形容非常逼真,像活的一样。使用对象:非真实存在的艺术形象。",先核本条完整意义及所指对象；所列常见对象是筛查线索，不能将“多用于”改成“只可用于”。,CN-LREF-C228,51-100,732ab222-dcbb-4b77-abef-8c7b41f456c2_origin.pdf,1772—1772,24
对象条件,,洋洋洒洒,"形容文章或谈话内容丰富,连续不断。也形容规模或气势盛大。使用对象:文章、谈话内容、规模、气势。",先核本条完整意义及所指对象；所列常见对象是筛查线索，不能将“多用于”改成“只可用于”。,CN-LREF-C229,51-100,732ab222-dcbb-4b77-abef-8c7b41f456c2_origin.pdf,1776—1777,24
对象条件,,一笔抹杀,比喻轻率地把优点、成绩等全部否定。使用对象: 成绩、优点。不用于罪行、缺点。,先核本条完整意义及所指对象；所列常见对象是筛查线索，不能将“多用于”改成“只可用于”。,CN-LREF-C230,51-100,732ab222-dcbb-4b77-abef-8c7b41f456c2_origin.pdf,1779—1781,
对象条件,,一挥而就,形容写字、写文章、绘画很快就完成了。使用对象:写字、写文章、绘画。,先核本条完整意义及所指对象；所列常见对象是筛查线索，不能将“多用于”改成“只可用于”。,CN-LREF-C231,51-100,732ab222-dcbb-4b77-abef-8c7b41f456c2_origin.pdf,1783—1784,
对象条件,,一言难尽,"用一句话难以说清楚,形容事情曲折复杂。使用对象:不愉快的事。",先核本条完整意义及所指对象；所列常见对象是筛查线索，不能将“多用于”改成“只可用于”。,CN-LREF-C232,51-100,732ab222-dcbb-4b77-abef-8c7b41f456c2_origin.pdf,1786—1786,24
对象条件,,倚马可待,"形容文思敏捷,写文章快。使用对象:写文章。",先核本条完整意义及所指对象；所列常见对象是筛查线索，不能将“多用于”改成“只可用于”。,CN-LREF-C233,51-100,732ab222-dcbb-4b77-abef-8c7b41f456c2_origin.pdf,1788—1788,24
对象条件,,抑扬顿挫,(声音)高低起伏和停顿转折。使用对象:声音。,先核本条完整意义及所指对象；所列常见对象是筛查线索，不能将“多用于”改成“只可用于”。,CN-LREF-C234,51-100,732ab222-dcbb-4b77-abef-8c7b41f456c2_origin.pdf,1790—1790,24
对象条件,,余音绕梁,"形容歌声或音乐优美,耐人寻味。使用对象:歌声、音乐。",先核本条完整意义及所指对象；所列常见对象是筛查线索，不能将“多用于”改成“只可用于”。,CN-LREF-C235,51-100,732ab222-dcbb-4b77-abef-8c7b41f456c2_origin.pdf,1792—1792,24
对象条件,,崭露(lù)头角,比喻突出地显露出才能和本领。使用对象:年轻人或新人。,先核本条完整意义及所指对象；所列常见对象是筛查线索，不能将“多用于”改成“只可用于”。,CN-LREF-C236,51-100,732ab222-dcbb-4b77-abef-8c7b41f456c2_origin.pdf,1796—1797,
对象条件,,珠圆玉润,形容歌声婉转优美或文字流畅明快。使用对象:歌声、文字。,先核本条完整意义及所指对象；所列常见对象是筛查线索，不能将“多用于”改成“只可用于”。,CN-LREF-C237,51-100,732ab222-dcbb-4b77-abef-8c7b41f456c2_origin.pdf,1799—1800,
对象条件,,擢(zhuó)发难数,"形容罪恶多得像头发那样,数也数不清。使用对象:罪恶。",先核本条完整意义及所指对象；所列常见对象是筛查线索，不能将“多用于”改成“只可用于”。,CN-LREF-C238,51-100,732ab222-dcbb-4b77-abef-8c7b41f456c2_origin.pdf,1802—1802,24
谦敬方向,敬辞,不吝赐教,用于自己向别人征求意见或请教问题。,核说话人、受话人和被评价者；列为敬谦用语是原常见口径，不把全部用法锁成一个角色。,CN-LREF-C239,51-100,732ab222-dcbb-4b77-abef-8c7b41f456c2_origin.pdf,1808—1808,
谦敬方向,敬辞,鼎力相助,大力帮助(用于请托或表示感谢时)。,核说话人、受话人和被评价者；列为敬谦用语是原常见口径，不把全部用法锁成一个角色。,CN-LREF-C240,51-100,732ab222-dcbb-4b77-abef-8c7b41f456c2_origin.pdf,1810—1810,
谦敬方向,敬辞,高朋满座,"高贵的宾客坐满席位,形容来宾很多。",核说话人、受话人和被评价者；列为敬谦用语是原常见口径，不把全部用法锁成一个角色。,CN-LREF-C241,51-100,732ab222-dcbb-4b77-abef-8c7b41f456c2_origin.pdf,1812—1812,
谦敬方向,敬辞,高抬贵手,"客套话,多用于请求对方饶恕或通融。",核说话人、受话人和被评价者；列为敬谦用语是原常见口径，不把全部用法锁成一个角色。,CN-LREF-C242,51-100,732ab222-dcbb-4b77-abef-8c7b41f456c2_origin.pdf,1814—1814,
谦敬方向,敬辞,久闻大名,早就听到对方的盛名。多用作初见面时的客套话。,核说话人、受话人和被评价者；列为敬谦用语是原常见口径，不把全部用法锁成一个角色。,CN-LREF-C243,51-100,732ab222-dcbb-4b77-abef-8c7b41f456c2_origin.pdf,1816—1816,24
谦敬方向,敬辞,洗耳恭听,恭敬地专心倾听(请人讲话时说的客气话)。,核说话人、受话人和被评价者；列为敬谦用语是原常见口径，不把全部用法锁成一个角色。,CN-LREF-C244,51-100,732ab222-dcbb-4b77-abef-8c7b41f456c2_origin.pdf,1818—1818,24
谦敬方向,敬辞,虚怀若谷,"胸怀像山谷一样深广,形容十分谦虚。",原放敬辞表，通常赞他人谦虚；其意义为谦虚包容，不等于形式上绝不可说自己的努力目标。,CN-LREF-C245,51-100,732ab222-dcbb-4b77-abef-8c7b41f456c2_origin.pdf,1820—1820,
谦敬方向,谦辞,敝帚自珍,"比喻东西虽不好,自己却很珍惜。",核说话人、受话人和被评价者；列为敬谦用语是原常见口径，不把全部用法锁成一个角色。,CN-LREF-C246,51-100,732ab222-dcbb-4b77-abef-8c7b41f456c2_origin.pdf,1824—1824,
谦敬方向,谦辞,不情之请,"客套话,不合情理的请求(用于向人求助时称自己的请求)。",核说话人、受话人和被评价者；列为敬谦用语是原常见口径，不把全部用法锁成一个角色。,CN-LREF-C247,51-100,732ab222-dcbb-4b77-abef-8c7b41f456c2_origin.pdf,1826—1826,24
谦敬方向,谦辞,不足挂齿,不值得一提。,核说话人、受话人和被评价者；列为敬谦用语是原常见口径，不把全部用法锁成一个角色。,CN-LREF-C248,51-100,732ab222-dcbb-4b77-abef-8c7b41f456c2_origin.pdf,1828—1828,
谦敬方向,谦辞,才疏学浅,"才能低,学识浅(多用于自谦)。",核说话人、受话人和被评价者；列为敬谦用语是原常见口径，不把全部用法锁成一个角色。,CN-LREF-C249,51-100,732ab222-dcbb-4b77-abef-8c7b41f456c2_origin.pdf,1830—1830,
谦敬方向,谦辞,德薄才疏,"德行浅薄,才干空乏(多用于自谦)。",核说话人、受话人和被评价者；列为敬谦用语是原常见口径，不把全部用法锁成一个角色。,CN-LREF-C250,51-100,732ab222-dcbb-4b77-abef-8c7b41f456c2_origin.pdf,1832—1832,
谦敬方向,谦辞,姑妄言之,"姑且说说(对于自己不能深信不疑的事情,说给别人时常用此语以示保留)。",核说话人、受话人和被评价者；列为敬谦用语是原常见口径，不把全部用法锁成一个角色。,CN-LREF-C251,51-100,732ab222-dcbb-4b77-abef-8c7b41f456c2_origin.pdf,1834—1834,24
谦敬方向,谦辞,敬谢不敏," 谢, 推辞。不敏, 不聪明、没有才能。表示推辞做某件事的客气话。",核说话人、受话人和被评价者；列为敬谦用语是原常见口径，不把全部用法锁成一个角色。,CN-LREF-C252,51-100,732ab222-dcbb-4b77-abef-8c7b41f456c2_origin.pdf,1836—1836,24
谦敬方向,谦辞,绵力薄才,"力量小,能力低。",核说话人、受话人和被评价者；列为敬谦用语是原常见口径，不把全部用法锁成一个角色。,CN-LREF-C253,51-100,732ab222-dcbb-4b77-abef-8c7b41f456c2_origin.pdf,1838—1838,
谦敬方向,谦辞,抛砖引玉,比喻用粗浅的、不成熟的意见引出别人高明的、成熟的意见。,核说话人、受话人和被评价者；列为敬谦用语是原常见口径，不把全部用法锁成一个角色。,CN-LREF-C254,51-100,732ab222-dcbb-4b77-abef-8c7b41f456c2_origin.pdf,1840—1840,24
谦敬方向,谦辞,受之有愧,接受某种馈赠或褒奖令自己感到惭愧。,核说话人、受话人和被评价者；列为敬谦用语是原常见口径，不把全部用法锁成一个角色。,CN-LREF-C255,51-100,732ab222-dcbb-4b77-abef-8c7b41f456c2_origin.pdf,1842—1842,
谦敬方向,谦辞,蓬荜生辉,表示由于别人到自己家里来或张挂别人给自己题赠的字画等而使自己非常光荣。,核说话人、受话人和被评价者；列为敬谦用语是原常见口径，不把全部用法锁成一个角色。,CN-LREF-C256,51-100,732ab222-dcbb-4b77-abef-8c7b41f456c2_origin.pdf,1844—1844,25
谦敬方向,谦辞,忝(tiǎn)列门墙,表示自己愧在师门。,核说话人、受话人和被评价者；列为敬谦用语是原常见口径，不把全部用法锁成一个角色。,CN-LREF-C257,51-100,732ab222-dcbb-4b77-abef-8c7b41f456c2_origin.pdf,1846—1846,
谦敬方向,谦辞,信笔涂鸦,形容书写拙劣或胡乱写作。,核说话人、受话人和被评价者；列为敬谦用语是原常见口径，不把全部用法锁成一个角色。,CN-LREF-C258,51-100,732ab222-dcbb-4b77-abef-8c7b41f456c2_origin.pdf,1848—1848,
谦敬方向,谦辞,一得之愚,称自己对某一问题的见解。,核说话人、受话人和被评价者；列为敬谦用语是原常见口径，不把全部用法锁成一个角色。,CN-LREF-C259,51-100,732ab222-dcbb-4b77-abef-8c7b41f456c2_origin.pdf,1850—1850,
谦敬方向,谦辞,一孔之见,"从一个小窟窿里面所看到的,比喻狭隘的片面的见解。",核说话人、受话人和被评价者；列为敬谦用语是原常见口径，不把全部用法锁成一个角色。,CN-LREF-C260,51-100,732ab222-dcbb-4b77-abef-8c7b41f456c2_origin.pdf,1852—1852,25
褒贬倾向,贬义,半斤八两,"比喻彼此一样,不相上下(多含贬义)。",按原常见色彩与具体语境核；本义、引申义或特殊语用可能不同，不只见词形就定评价。,CN-LREF-C261,51-100,732ab222-dcbb-4b77-abef-8c7b41f456c2_origin.pdf,1858—1858,
褒贬倾向,贬义,别有用心,言论或行动另有不可告人的企图。,按原常见色彩与具体语境核；本义、引申义或特殊语用可能不同，不只见词形就定评价。,CN-LREF-C262,51-100,732ab222-dcbb-4b77-abef-8c7b41f456c2_origin.pdf,1860—1860,
褒贬倾向,贬义,长此以往,老是这样下去(多就不好的情况而言)。,按原常见色彩与具体语境核；本义、引申义或特殊语用可能不同，不只见词形就定评价。,CN-LREF-C263,51-100,732ab222-dcbb-4b77-abef-8c7b41f456c2_origin.pdf,1862—1862,
褒贬倾向,贬义,长篇大论,滔滔不绝的言论或篇幅冗长的文章。,按原常见色彩与具体语境核；本义、引申义或特殊语用可能不同，不只见词形就定评价。,CN-LREF-C264,51-100,732ab222-dcbb-4b77-abef-8c7b41f456c2_origin.pdf,1864—1864,
褒贬倾向,贬义,蠢蠢欲动,指敌人准备进行攻击或坏人策划破坏活动。,按原常见色彩与具体语境核；本义、引申义或特殊语用可能不同，不只见词形就定评价。,CN-LREF-C265,51-100,732ab222-dcbb-4b77-abef-8c7b41f456c2_origin.pdf,1866—1866,
褒贬倾向,贬义,大模大样,行动没有顾忌、毫不拘束的样子。形容傲慢自大或毫不在乎。,按原常见色彩与具体语境核；本义、引申义或特殊语用可能不同，不只见词形就定评价。,CN-LREF-C266,51-100,732ab222-dcbb-4b77-abef-8c7b41f456c2_origin.pdf,1868—1868,25
褒贬倾向,贬义,大言不惭,说大话而毫不感到难为情。,按原常见色彩与具体语境核；本义、引申义或特殊语用可能不同，不只见词形就定评价。,CN-LREF-C267,51-100,732ab222-dcbb-4b77-abef-8c7b41f456c2_origin.pdf,1870—1870,
褒贬倾向,贬义,道貌岸然,形容神态庄严(现多含讥讽意)。,按原常见色彩与具体语境核；本义、引申义或特殊语用可能不同，不只见词形就定评价。,CN-LREF-C268,51-100,732ab222-dcbb-4b77-abef-8c7b41f456c2_origin.pdf,1872—1872,
褒贬倾向,贬义,大而化之," 现常用来表示做事疏忽大意, 马马虎虎。",按原常见色彩与具体语境核；本义、引申义或特殊语用可能不同，不只见词形就定评价。,CN-LREF-C269,51-100,732ab222-dcbb-4b77-abef-8c7b41f456c2_origin.pdf,1874—1874,
褒贬倾向,贬义,翻云覆雨,比喻反复无常或玩弄手段。,按原常见色彩与具体语境核；本义、引申义或特殊语用可能不同，不只见词形就定评价。,CN-LREF-C270,51-100,732ab222-dcbb-4b77-abef-8c7b41f456c2_origin.pdf,1876—1876,
褒贬倾向,贬义,粉墨登场,"化装上台演戏,今多借指登上政治舞台(含讥讽意)。",按原常见色彩与具体语境核；本义、引申义或特殊语用可能不同，不只见词形就定评价。,CN-LREF-C271,51-100,732ab222-dcbb-4b77-abef-8c7b41f456c2_origin.pdf,1878—1878,25
褒贬倾向,贬义,邯郸学步,"比喻模仿别人不成,反而丧失了原有的技能。",按原常见色彩与具体语境核；本义、引申义或特殊语用可能不同，不只见词形就定评价。,CN-LREF-C272,51-100,732ab222-dcbb-4b77-abef-8c7b41f456c2_origin.pdf,1880—1880,25
褒贬倾向,贬义,沆(hàng)瀣(xiè)一气,泛指臭味相投的人结合在一起。,按原常见色彩与具体语境核；本义、引申义或特殊语用可能不同，不只见词形就定评价。,CN-LREF-C273,51-100,732ab222-dcbb-4b77-abef-8c7b41f456c2_origin.pdf,1882—1882,25
褒贬倾向,贬义,好高骛远,不切实际地追求过高的目标。,按原常见色彩与具体语境核；本义、引申义或特殊语用可能不同，不只见词形就定评价。,CN-LREF-C274,51-100,732ab222-dcbb-4b77-abef-8c7b41f456c2_origin.pdf,1884—1884,
褒贬倾向,贬义,好为人师,"喜欢以教育者自居,不谦虚。",按原常见色彩与具体语境核；本义、引申义或特殊语用可能不同，不只见词形就定评价。,CN-LREF-C275,51-100,732ab222-dcbb-4b77-abef-8c7b41f456c2_origin.pdf,1886—1886,
褒贬倾向,贬义,虎视眈眈,形容贪婪而凶狠地注视。,按原常见色彩与具体语境核；本义、引申义或特殊语用可能不同，不只见词形就定评价。,CN-LREF-C276,51-100,732ab222-dcbb-4b77-abef-8c7b41f456c2_origin.pdf,1888—1888,
褒贬倾向,贬义,见异思迁,"看见不同的事物就改变主意,指意志不坚定,喜爱不专一。",按原常见色彩与具体语境核；本义、引申义或特殊语用可能不同，不只见词形就定评价。,CN-LREF-C277,51-100,732ab222-dcbb-4b77-abef-8c7b41f456c2_origin.pdf,1890—1890,25
褒贬倾向,贬义,满城风雨,"形容事情传遍各处,到处都在议论着(多指坏事)。",按原常见色彩与具体语境核；本义、引申义或特殊语用可能不同，不只见词形就定评价。,CN-LREF-C278,51-100,732ab222-dcbb-4b77-abef-8c7b41f456c2_origin.pdf,1892—1892,25
褒贬倾向,贬义,评头论足,"指无聊的人随便谈论妇女的容貌,也比喻在小节上多方挑剔。",按原常见色彩与具体语境核；本义、引申义或特殊语用可能不同，不只见词形就定评价。,CN-LREF-C279,51-100,732ab222-dcbb-4b77-abef-8c7b41f456c2_origin.pdf,1894—1896,
褒贬倾向,贬义,巧舌如簧,"形容能说会道,善于狡辩。",按原常见色彩与具体语境核；本义、引申义或特殊语用可能不同，不只见词形就定评价。,CN-LREF-C280,51-100,732ab222-dcbb-4b77-abef-8c7b41f456c2_origin.pdf,1898—1898,
褒贬倾向,贬义,巧言令色,"指用花言巧语和假装和善来讨好别人,也指讨好别人的花言巧语和伪善态度。",按原常见色彩与具体语境核；本义、引申义或特殊语用可能不同，不只见词形就定评价。,CN-LREF-C281,51-100,732ab222-dcbb-4b77-abef-8c7b41f456c2_origin.pdf,1900—1900,25
褒贬倾向,贬义,强聒不舍,"形容别人不愿意听,还絮絮叨叨说个没完。",按原常见色彩与具体语境核；本义、引申义或特殊语用可能不同，不只见词形就定评价。,CN-LREF-C282,51-100,732ab222-dcbb-4b77-abef-8c7b41f456c2_origin.pdf,1902—1902,
褒贬倾向,贬义,趋之若鹜(wù),形容许多人争着去追逐某种事物(含贬义)。,按原常见色彩与具体语境核；本义、引申义或特殊语用可能不同，不只见词形就定评价。,CN-LREF-C283,51-100,732ab222-dcbb-4b77-abef-8c7b41f456c2_origin.pdf,1904—1904,25
褒贬倾向,贬义,三人成虎,"比喻谣言或讹传一再反复,就能令人信以为真。",按原常见色彩与具体语境核；本义、引申义或特殊语用可能不同，不只见词形就定评价。,CN-LREF-C284,51-100,732ab222-dcbb-4b77-abef-8c7b41f456c2_origin.pdf,1906—1906,25
褒贬倾向,贬义,上下其手,"比喻暗中勾结,玩弄手法。含贬义。",按原常见色彩与具体语境核；本义、引申义或特殊语用可能不同，不只见词形就定评价。,CN-LREF-C285,51-100,732ab222-dcbb-4b77-abef-8c7b41f456c2_origin.pdf,1908—1908,
褒贬倾向,贬义,师心自用,"固执己见,自以为是。",按原常见色彩与具体语境核；本义、引申义或特殊语用可能不同，不只见词形就定评价。,CN-LREF-C286,51-100,732ab222-dcbb-4b77-abef-8c7b41f456c2_origin.pdf,1910—1910,
褒贬倾向,贬义,始作俑者,泛指恶劣风气的创始者。,按原常见色彩与具体语境核；本义、引申义或特殊语用可能不同，不只见词形就定评价。,CN-LREF-C287,51-100,732ab222-dcbb-4b77-abef-8c7b41f456c2_origin.pdf,1912—1912,
褒贬倾向,贬义,弹冠相庆,"指一人当了官或升了官,他的同伙也互相庆贺将有官可做。",按原常见色彩与具体语境核；本义、引申义或特殊语用可能不同，不只见词形就定评价。,CN-LREF-C288,51-100,732ab222-dcbb-4b77-abef-8c7b41f456c2_origin.pdf,1914—1914,25
褒贬倾向,贬义,天花乱坠,"形容说话有声有色,非常动听(多指夸大的或不切实际的)。",按原常见色彩与具体语境核；本义、引申义或特殊语用可能不同，不只见词形就定评价。,CN-LREF-C289,51-100,732ab222-dcbb-4b77-abef-8c7b41f456c2_origin.pdf,1916—1916,25
褒贬倾向,贬义,推波助澜,"比喻促使或助长事物(多指坏的事物)的发展,使扩大影响。",按原常见色彩与具体语境核；本义、引申义或特殊语用可能不同，不只见词形就定评价。,CN-LREF-C290,51-100,732ab222-dcbb-4b77-abef-8c7b41f456c2_origin.pdf,1918—1918,25
褒贬倾向,贬义,忘乎所以,由于过度兴奋或骄傲自满而忘记了言行应该把握的分寸。,按原常见色彩与具体语境核；本义、引申义或特殊语用可能不同，不只见词形就定评价。,CN-LREF-C291,51-100,732ab222-dcbb-4b77-abef-8c7b41f456c2_origin.pdf,1920—1920,25
褒贬倾向,贬义,颐指气使,形容有权势的人随意支使人的傲慢神气。,按原常见色彩与具体语境核；本义、引申义或特殊语用可能不同，不只见词形就定评价。,CN-LREF-C292,51-100,732ab222-dcbb-4b77-abef-8c7b41f456c2_origin.pdf,1922—1922,
褒贬倾向,贬义,一团和气,"本指态度和蔼可亲,现在指无原则地讲和气。",按原常见色彩与具体语境核；本义、引申义或特殊语用可能不同，不只见词形就定评价。,CN-LREF-C293,51-100,732ab222-dcbb-4b77-abef-8c7b41f456c2_origin.pdf,1924—1924,25
褒贬倾向,贬义,坐而论道,指空谈大道理。,按原常见色彩与具体语境核；本义、引申义或特殊语用可能不同，不只见词形就定评价。,CN-LREF-C294,51-100,732ab222-dcbb-4b77-abef-8c7b41f456c2_origin.pdf,1926—1926,
褒贬倾向,褒义,殚精竭虑,"用尽精力,费尽心思。",按原常见色彩与具体语境核；本义、引申义或特殊语用可能不同，不只见词形就定评价。,CN-LREF-C295,51-100,732ab222-dcbb-4b77-abef-8c7b41f456c2_origin.pdf,1930—1930,
褒贬倾向,褒义,凤毛麟角,比喻稀少而可贵的人或事物。,按原常见色彩与具体语境核；本义、引申义或特殊语用可能不同，不只见词形就定评价。,CN-LREF-C296,51-100,732ab222-dcbb-4b77-abef-8c7b41f456c2_origin.pdf,1932—1932,
褒贬倾向,褒义,侃(kǎn)侃而谈,形容理直气壮、不慌不忙地说话。,按原常见色彩与具体语境核；本义、引申义或特殊语用可能不同，不只见词形就定评价。,CN-LREF-C297,51-100,732ab222-dcbb-4b77-abef-8c7b41f456c2_origin.pdf,1934—1934,25
褒贬倾向,褒义,目无全牛,形容技艺已达到十分纯熟的地步。,按原常见色彩与具体语境核；本义、引申义或特殊语用可能不同，不只见词形就定评价。,CN-LREF-C298,51-100,732ab222-dcbb-4b77-abef-8c7b41f456c2_origin.pdf,1936—1936,
褒贬倾向,褒义,如火如荼(tú),形容旺盛、热烈或激烈。,按原常见色彩与具体语境核；本义、引申义或特殊语用可能不同，不只见词形就定评价。,CN-LREF-C299,51-100,732ab222-dcbb-4b77-abef-8c7b41f456c2_origin.pdf,1938—1938,
褒贬倾向,褒义,夙(sù)兴夜寐,"早起晚睡,形容勤劳。",按原常见色彩与具体语境核；本义、引申义或特殊语用可能不同，不只见词形就定评价。,CN-LREF-C300,51-100,732ab222-dcbb-4b77-abef-8c7b41f456c2_origin.pdf,1940—1940,
褒贬倾向,褒义,叹为观止,赞美看到的事物好到极点。,按原常见色彩与具体语境核；本义、引申义或特殊语用可能不同，不只见词形就定评价。,CN-LREF-C301,51-100,732ab222-dcbb-4b77-abef-8c7b41f456c2_origin.pdf,1942—1942,
褒贬倾向,褒义,胸无城府,"形容心胸坦率、坦白,没有什么隐藏。",按原常见色彩与具体语境核；本义、引申义或特殊语用可能不同，不只见词形就定评价。,CN-LREF-C302,51-100,732ab222-dcbb-4b77-abef-8c7b41f456c2_origin.pdf,1944—1944,
褒贬倾向,褒义,雨后春笋,比喻新事物大量出现。,按原常见色彩与具体语境核；本义、引申义或特殊语用可能不同，不只见词形就定评价。,CN-LREF-C303,51-100,732ab222-dcbb-4b77-abef-8c7b41f456c2_origin.pdf,1946—1946,
