书体,名家,原特点,原作品一,原作品二,阅读提醒,来源编号,实际PDF页码
篆书,李斯,"笔法自然,线条挺拔,展现出雄浑与庄重的气质。在结构布局上,他注重字体的对称性与平衡感,使得作品呈现出和谐统一的美感。被称为“小篆之父”",《峄山刻石》,《会稽刻石》,作者可以兼擅多体；作品题先观察图中笔法和结构，再结合原解析核作者，不据形容词唯一鉴定。,CN-HAN-K07,32、33
隶书,蔡邕,"藏头护尾,中锋用笔,一波三折,富有节奏感。方正端庄,重心平稳,比例协调,疏密得当。风格醇厚,高古拙朴,刚柔相济,骨气洞达。",《熹平石经》,《袁博碑》,作者可以兼擅多体；作品题先观察图中笔法和结构，再结合原解析核作者，不据形容词唯一鉴定。,CN-HAN-K07,32、33
草书,张旭,"笔画连绵,线条流畅且富有节奏感。字形结构既有古法的严谨,又充满创新。章法独特,布局自然,气势恢宏。",《心经》,《残秋入洛阳帖》,作者可以兼擅多体；作品题先观察图中笔法和结构，再结合原解析核作者，不据形容词唯一鉴定。,CN-HAN-K07,32、33
草书,怀素,"笔法瘦劲,飞动自然,如骤雨旋风,随手万变。实笔与虚笔相互交织,形成强烈对比。结体自由奔放,不拘泥于传统格局,充满灵动之美。",《自叙帖》,《大草千字文》,作者可以兼擅多体；作品题先观察图中笔法和结构，再结合原解析核作者，不据形容词唯一鉴定。,CN-HAN-K07,32、33
楷书,欧阳询,"字形稍长,整齐严谨,有疏有密,四面俱备,八面玲珑,气韵生动。用笔鲜明有力,刚柔并济,力度适中,字体大都向右扩展,但重心仍然稳固。",《九成宫醴泉铭》,《化度寺碑》,作者可以兼擅多体；作品题先观察图中笔法和结构，再结合原解析核作者，不据形容词唯一鉴定。,CN-HAN-K07,32、33
楷书,颜真卿,"崇端庄、阔大,重气势、魄力。直画呈弓弩蓄势之形,捺笔表现出一波三折的节奏。点画丰厚饱满,结构端正,大气磅礴,稳健厚重。其书法称“颜筋”",《多宝塔碑》,《麻姑仙坛记》,作者可以兼擅多体；作品题先观察图中笔法和结构，再结合原解析核作者，不据形容词唯一鉴定。,CN-HAN-K07,32、33
楷书,柳公权,"笔画细劲,棱角峻厉,结体严谨。往往将部分笔画紧密穿插,使宽处特别开阔。与颜真卿的浑厚宽博不同,显得英气逼人。其书法称“柳骨”",《玄秘塔碑》,《教弟子言》,作者可以兼擅多体；作品题先观察图中笔法和结构，再结合原解析核作者，不据形容词唯一鉴定。,CN-HAN-K07,32、33
楷书,赵孟頫,"削简就繁,形体端秀而骨架劲挺,起笔、运笔、收笔的笔路十分清楚。笔圆架方,流动带行。",《道德经》,《止斋记》,作者可以兼擅多体；作品题先观察图中笔法和结构，再结合原解析核作者，不据形容词唯一鉴定。,CN-HAN-K07,32、33
行书,王羲之,"笔法精妙,行笔飘逸,如行云流水。结构多变,上下结构或左右结构显得长短互疏,宽窄各异,使作品充满节奏感与韵律美。字体清秀,气韵生动。",《兰亭集序》(临摹本),《兰亭集序》(临摹本),作者可以兼擅多体；作品题先观察图中笔法和结构，再结合原解析核作者，不据形容词唯一鉴定。,CN-HAN-K07,32、33
