字,拼音,原释义,原组词,学习判断,章节内来源编号,分册,原文行号,原OCR拼音,恢复说明
阿,ā,当前缀或译音,阿婆、阿拉伯,先解释完整原词，再对应本行读音；同字其他读音见相邻行，不凭字形任选。,CN-PHON-D001,1-50,1858,ā,
阿,ē,迎合,阿谀、刚正不阿,先解释完整原词，再对应本行读音；同字其他读音见相邻行，不凭字形任选。,CN-PHON-D002,1-50,1858,ē,
挨,āi,"1顺着(次序);2靠近,紧接着",1挨个儿;2挨近、挨边,先解释完整原词，再对应本行读音；同字其他读音见相邻行，不凭字形任选。,CN-PHON-D003,1-50,1858,āi,
挨,ái,"1遭受,忍受;2拖延",1挨打、挨饿;2挨时间,先解释完整原词，再对应本行读音；同字其他读音见相邻行，不凭字形任选。,CN-PHON-D004,1-50,1858,ái,
艾,ài,"1多年生草本植物,可入药;2停止",1艾蒿;2方兴未艾,先解释完整原词，再对应本行读音；同字其他读音见相邻行，不凭字形任选。,CN-PHON-D005,1-50,1858,ài,
艾,yì,惩治,自怨自艾,先解释完整原词，再对应本行读音；同字其他读音见相邻行，不凭字形任选。,CN-PHON-D006,1-50,1858,yì,
扒,bā,"1抓着(可依附的东西);2刨,挖,拆;3剥,脱掉",1扒车;2扒房子;3扒皮,先解释完整原词，再对应本行读音；同字其他读音见相邻行，不凭字形任选。,CN-PHON-D007,1-50,1862,bā,
扒,pá,1用手或用耙子一类的工具使东西聚拢或散开;2扒窃,1扒草;2扒手,先解释完整原词，再对应本行读音；同字其他读音见相邻行，不凭字形任选。,CN-PHON-D008,1-50,1862,pá,
薄,báo,"1扁平物上下两面之间的距离小;2(感情)冷淡,不深;3(味道)不浓,淡;4(土地)不肥沃;5(家产)少,不富有",1薄片;2情分薄;3酒味薄;4地薄;5家底儿薄,先解释完整原词，再对应本行读音；同字其他读音见相邻行，不凭字形任选。,CN-PHON-D009,1-50,1862,báo,
薄,bó,"1轻微,少;2不强健,不壮实;3不厚道,不庄重;4看不起;5迫近;6(土地)不肥沃",1薄技;2单薄;3刻薄;4鄙薄;5日薄西山;6薄田,先解释完整原词，再对应本行读音；同字其他读音见相邻行，不凭字形任选。,CN-PHON-D010,1-50,1862,bó,
薄,bò,用于“薄荷”,薄荷,先解释完整原词，再对应本行读音；同字其他读音见相邻行，不凭字形任选。,CN-PHON-D011,1-50,1862,bò,
剥,bāo,去掉外面的皮或壳,剥花生,先解释完整原词，再对应本行读音；同字其他读音见相邻行，不凭字形任选。,CN-PHON-D012,1-50,1862,bāo,
剥,bō,"义同“剥”(bāo),专用于合成词或成语",剥削、剥夺,先解释完整原词，再对应本行读音；同字其他读音见相邻行，不凭字形任选。,CN-PHON-D013,1-50,1862,bō,
曝,bào,用于“曝光”,曝光,先解释完整原词，再对应本行读音；同字其他读音见相邻行，不凭字形任选。,CN-PHON-D014,1-50,1862,bào,
曝,pù,晒,曝晒、一曝十寒,先解释完整原词，再对应本行读音；同字其他读音见相邻行，不凭字形任选。,CN-PHON-D015,1-50,1862,pù,
奔,bēn,"1奔走,急跑;2紧赶,赶忙或赶急事;3逃跑",1奔驰;2奔丧;3奔逃,先解释完整原词，再对应本行读音；同字其他读音见相邻行，不凭字形任选。,CN-PHON-D016,1-50,1862,bēn,
奔,bèn,直向目的地走去,投奔,先解释完整原词，再对应本行读音；同字其他读音见相邻行，不凭字形任选。,CN-PHON-D017,1-50,1862,bèn,
辟,bì,1君主;2帝王召见并授予官职,1复辟;2辟举,先解释完整原词，再对应本行读音；同字其他读音见相邻行，不凭字形任选。,CN-PHON-D018,1-50,1866,bì,
辟,pì,1开辟;2驳斥或排除(不正确的言论或谣言);3透彻,1辟为公园;2辟谣;3精辟,先解释完整原词，再对应本行读音；同字其他读音见相邻行，不凭字形任选。,CN-PHON-D019,1-50,1866,pì,
扁,biǎn,"1图形或字体上下的距离比左右的距离小,物体的厚度比长度、宽度小;2打,揍",1扁平;2挨扁,先解释完整原词，再对应本行读音；同字其他读音见相邻行，不凭字形任选。,CN-PHON-D020,1-50,1866,biǎn,
扁,piān,用于“扁舟”(小船),扁舟,先解释完整原词，再对应本行读音；同字其他读音见相邻行，不凭字形任选。,CN-PHON-D021,1-50,1866,piān,
便,biàn,"1方便,便利;2方便的时候或顺便的机会",1轻便;2便车,先解释完整原词，再对应本行读音；同字其他读音见相邻行，不凭字形任选。,CN-PHON-D022,1-50,1866,biàn,
便,pián,1用于“便便”(形容肥胖);2用于“便宜”(价钱低),1大腹便便;2便宜,先解释完整原词，再对应本行读音；同字其他读音见相邻行，不凭字形任选。,CN-PHON-D023,1-50,1866,pián,
别,bié,1分离;2差别;3类别;4另外;5表示禁止或劝阻,1久别重逢;2天壤之别;3性别;4别称;5别动,先解释完整原词，再对应本行读音；同字其他读音见相邻行，不凭字形任选。,CN-PHON-D024,1-50,1866,bié,
别,biè,改变别人坚持的意见或习性,别扭,先解释完整原词，再对应本行读音；同字其他读音见相邻行，不凭字形任选。,CN-PHON-D025,1-50,1866,biè,
屏,bǐng,"1抑止(呼吸);2除去,排除",1屏气;2屏弃,先解释完整原词，再对应本行读音；同字其他读音见相邻行，不凭字形任选。,CN-PHON-D026,1-50,1866,bǐng,
屏,píng,1屏风;2遮挡,1画屏;2屏蔽,先解释完整原词，再对应本行读音；同字其他读音见相邻行，不凭字形任选。,CN-PHON-D027,1-50,1866,píng,
背,bēi,(人)用脊背驮,背负,先解释完整原词，再对应本行读音；同字其他读音见相邻行，不凭字形任选。,CN-PHON-D028,1-50,1866,bēi,
背,bèi,"1躯干的一部分,部位跟胸和腹相对;2某些物体的反面或后部;3背部对着(跟“向”相对);4离开;5背诵;6违背,违反;7不顺利,倒霉;8听觉不灵",1背影;2手背;3人心向背;4背井离乡;5背书;6背信弃义;7手气背;8耳背,先解释完整原词，再对应本行读音；同字其他读音见相邻行，不凭字形任选。,CN-PHON-D029,1-50,1866,bèi,
泊,bó,1船靠岸;2停留;3停放(车辆);4恬静,1停泊;2漂泊;3泊车;4淡泊,先解释完整原词，再对应本行读音；同字其他读音见相邻行，不凭字形任选。,CN-PHON-D030,1-50,1866,bó,
泊,pō,湖(多用于湖名),湖泊,先解释完整原词，再对应本行读音；同字其他读音见相邻行，不凭字形任选。,CN-PHON-D031,1-50,1866,pō,
参,cān,"1加入,参加;2进见,谒见;3探究并领会(道理、意义等)",1参军;2参拜;3参透,先解释完整原词，再对应本行读音；同字其他读音见相邻行，不凭字形任选。,CN-PHON-D032,1-50,1866,cān,
参,cēn,用于“参差”,参差,先解释完整原词，再对应本行读音；同字其他读音见相邻行，不凭字形任选。,CN-PHON-D033,1-50,1866,cēn,
参,shēn,二十八星宿之一,参商,先解释完整原词，再对应本行读音；同字其他读音见相邻行，不凭字形任选。,CN-PHON-D034,1-50,1866,shēn,
差,chā,"稍微,大体",差强人意,先解释完整原词，再对应本行读音；同字其他读音见相邻行，不凭字形任选。,CN-PHON-D035,1-50,1866,chā,
差,chà,"不相同,不相合",差得远,先解释完整原词，再对应本行读音；同字其他读音见相邻行，不凭字形任选。,CN-PHON-D036,1-50,1866,chà,
差,chāi,"1派遣(去做事);2被派遣去做的事;3旧时指被派遣的人,差役",1差遣;2出差;3解差,先解释完整原词，再对应本行读音；同字其他读音见相邻行，不凭字形任选。,CN-PHON-D037,1-50,1866,chāi,
差,cī,用于“参差”,参差,先解释完整原词，再对应本行读音；同字其他读音见相邻行，不凭字形任选。,CN-PHON-D038,1-50,1866,cī,
禅,chán,"佛教用语,指排除杂念,静坐",坐禅,先解释完整原词，再对应本行读音；同字其他读音见相邻行，不凭字形任选。,CN-PHON-D039,1-50,1866,chán,
禅,shàn,用于“禅让”,禅让,先解释完整原词，再对应本行读音；同字其他读音见相邻行，不凭字形任选。,CN-PHON-D040,1-50,1866,shàn,
绰,chāo,抓取,绰起,先解释完整原词，再对应本行读音；同字其他读音见相邻行，不凭字形任选。,CN-PHON-D041,1-50,1866,chāo,
绰,chuò,1宽绰;2用于“绰号”;3(体态)柔美,1绰有余裕;2绰号;3绰约,先解释完整原词，再对应本行读音；同字其他读音见相邻行，不凭字形任选。,CN-PHON-D042,1-50,1866,chuò,
朝,cháo,"1朝廷,也指当政的地位(跟“野”相对);2朝代;3表示动作的方向",1上朝;2宋朝;3朝操场走去,先解释完整原词，再对应本行读音；同字其他读音见相邻行，不凭字形任选。,CN-PHON-D043,1-50,1866,cháo,
朝,zhāo,"1早晨;2日,天",1朝阳;2今朝,先解释完整原词，再对应本行读音；同字其他读音见相邻行，不凭字形任选。,CN-PHON-D044,1-50,1866,zhāo,
称,chèn,"适合,相当",称职,先解释完整原词，再对应本行读音；同字其他读音见相邻行，不凭字形任选。,CN-PHON-D045,1-50,1866,chèn,
称,chēng,"1叫,叫作;2名称;3说;4测定重量",1自称;2俗称;3连声称好;4称一称,先解释完整原词，再对应本行读音；同字其他读音见相邻行，不凭字形任选。,CN-PHON-D046,1-50,1866,chēng,
乘,chéng,"1借助交通工具或牲畜出行,坐;2利用(机会等);3进行乘法运算",1乘船;2乘势;3乘方,先解释完整原词，再对应本行读音；同字其他读音见相邻行，不凭字形任选。,CN-PHON-D047,1-50,1866,chéng,
乘,shèng,古代称四匹马拉的车一辆为一乘,千乘之国,先解释完整原词，再对应本行读音；同字其他读音见相邻行，不凭字形任选。,CN-PHON-D048,1-50,1866,shèng,
盛,chéng,把东西放在容器里,盛饭,先解释完整原词，再对应本行读音；同字其他读音见相邻行，不凭字形任选。,CN-PHON-D049,1-50,1866,chéng,
盛,shèng,"1兴盛,繁盛;2强烈,旺盛;3盛大,隆重;4深厚",1繁荣昌盛;2年轻气盛;3盛会;4盛情款待,先解释完整原词，再对应本行读音；同字其他读音见相邻行，不凭字形任选。,CN-PHON-D050,1-50,1866,shèng,
臭,chòu,1(气味)难闻(跟“香”相对);2惹人厌恶的;3狠狠地,1臭气;2臭架子;3臭骂,先解释完整原词，再对应本行读音；同字其他读音见相邻行，不凭字形任选。,CN-PHON-D051,1-50,1868,chòu,
臭,xiù,气味,乳臭未干,先解释完整原词，再对应本行读音；同字其他读音见相邻行，不凭字形任选。,CN-PHON-D052,1-50,1868,xiù,
处,chǔ,"1居住;2跟别人一起生活,交往;3置身在(某地、某种情况等);4处置,办理;5处罚",1穴居野处;2处得来;3设身处地;4处理;5处治,先解释完整原词，再对应本行读音；同字其他读音见相邻行，不凭字形任选。,CN-PHON-D053,1-50,1868,chǔ,
处,chù,"1地方;2机关组织系统中按业务职能划分的单位,也指某些机关",1住处;2公证处,先解释完整原词，再对应本行读音；同字其他读音见相邻行，不凭字形任选。,CN-PHON-D054,1-50,1868,chù,
畜,chù,"禽兽,多指家畜",牲畜,先解释完整原词，再对应本行读音；同字其他读音见相邻行，不凭字形任选。,CN-PHON-D055,1-50,1868,chù,
畜,xù,畜养,畜牧,先解释完整原词，再对应本行读音；同字其他读音见相邻行，不凭字形任选。,CN-PHON-D056,1-50,1868,xù,
揣,chuāi,手或物品放在穿着的衣服的口袋、袖管、衣襟等里面,揣手儿,先解释完整原词，再对应本行读音；同字其他读音见相邻行，不凭字形任选。,CN-PHON-D057,1-50,1868,chuāi,
揣,chuǎi,"估计,忖度",揣测,先解释完整原词，再对应本行读音；同字其他读音见相邻行，不凭字形任选。,CN-PHON-D058,1-50,1868,chuǎi,
传,chuán,"1传授;2传播;3传导;4表达;5发出命令;6传染;7由一方交给另一方,由上代交给下代",1师传;2宣传;3传电;4传情;5传讯;6传染;7流传,先解释完整原词，再对应本行读音；同字其他读音见相邻行，不凭字形任选。,CN-PHON-D059,1-50,1868,chuán,
传,zhuàn,1解释经文的著作;2传记,1经传;2自传体,先解释完整原词，再对应本行读音；同字其他读音见相邻行，不凭字形任选。,CN-PHON-D060,1-50,1868,zhuàn,
创,chuāng,1创伤;2使受损伤,1创伤、创痛;2重创,先解释完整原词，再对应本行读音；同字其他读音见相邻行，不凭字形任选。,CN-PHON-D061,1-50,1868,chuāng,
创,chuàng,"开始(做),(初次)做",首创,先解释完整原词，再对应本行读音；同字其他读音见相邻行，不凭字形任选。,CN-PHON-D062,1-50,1868,chuàng,
伺,cì,用于“伺候”,伺候,先解释完整原词，再对应本行读音；同字其他读音见相邻行，不凭字形任选。,CN-PHON-D063,1-50,1868,cì,
伺,sì,"观察,守候",窥伺、伺机,先解释完整原词，再对应本行读音；同字其他读音见相邻行，不凭字形任选。,CN-PHON-D064,1-50,1868,sì,
答,dā,专用于“答应、答理”等词,答应,先解释完整原词，再对应本行读音；同字其他读音见相邻行，不凭字形任选。,CN-PHON-D065,1-50,1872,dā,
答,dá,"1回答;2受了别人的好处,还报别人",1答非所问;2答谢,先解释完整原词，再对应本行读音；同字其他读音见相邻行，不凭字形任选。,CN-PHON-D066,1-50,1872,dá,
待,dāi,停留,待一会儿,先解释完整原词，再对应本行读音；同字其他读音见相邻行，不凭字形任选。,CN-PHON-D067,1-50,1872,dāi,
待,dài,1对待;2等待;3招待;4需要,1优待;2待业;3待客;4自不待言,先解释完整原词，再对应本行读音；同字其他读音见相邻行，不凭字形任选。,CN-PHON-D068,1-50,1872,dài,
逮,dǎi,捉,猫逮老鼠,先解释完整原词，再对应本行读音；同字其他读音见相邻行，不凭字形任选。,CN-PHON-D069,1-50,1872,dǎi,
逮,dài,"1到,及;2义同“逮”(dǎi),只用于“逮捕”",1力有未逮;2逮捕,先解释完整原词，再对应本行读音；同字其他读音见相邻行，不凭字形任选。,CN-PHON-D070,1-50,1872,dài,
单,dān,"1只有一个的(跟“双”相对);2奇数的(1、3、5、7等,跟“双”相对);3单独;4只,仅;5项目或种类少,不复杂;6薄弱;7只有一层的(衣服等);8用于签合同的生意",1单人床;2单数;3单身;4单说;5单纯;6单弱;7单裤;8一单生意,先解释完整原词，再对应本行读音；同字其他读音见相邻行，不凭字形任选。,CN-PHON-D071,1-50,1872,dān,
单,chán,用于“单于”,单于,先解释完整原词，再对应本行读音；同字其他读音见相邻行，不凭字形任选。,CN-PHON-D072,1-50,1872,chán,
单,Shàn,地名或姓氏,单县,先解释完整原词，再对应本行读音；同字其他读音见相邻行，不凭字形任选。,CN-PHON-D073,1-50,1872,Shàn,
担,dān,"1用肩膀挑;2担负,承当",1担水;2承担,先解释完整原词，再对应本行读音；同字其他读音见相邻行，不凭字形任选。,CN-PHON-D074,1-50,1872,dān,
担,dàn,1担子;2重量单位;3用于成担的东西,1重担;3一担水,先解释完整原词，再对应本行读音；同字其他读音见相邻行，不凭字形任选。,CN-PHON-D075,1-50,1872,dàn,
弹,dàn,"1弹子;2枪弹,炮弹,炸弹",1弹丸;2中弹,先解释完整原词，再对应本行读音；同字其他读音见相邻行，不凭字形任选。,CN-PHON-D076,1-50,1872,dàn,
弹,tán,"1用手指、器具拨弄或敲打,使物体振动;2有弹性;3抨击;4利用机械使纤维变得松软;5由于一物的弹性作用使另一物射出去",1弹吉他;2弹簧;3弹劾;4弹棉花,先解释完整原词，再对应本行读音；同字其他读音见相邻行，不凭字形任选。,CN-PHON-D077,1-50,1872,tán,
当,dāng,"1担任,充当;2承当,承受;3掌管,主持;4相称;5应当;6面对着,向着;7阻挡,抵挡;8正在(那时候、那地方)",1当班长;2敢做敢当;3独当一面;4相当;5理当如此;6当面;7锐不可当;8当场,先解释完整原词，再对应本行读音；同字其他读音见相邻行，不凭字形任选。,CN-PHON-D078,1-50,1872,dāng,
当,dàng,"1合宜,合适;2抵得上;3以为,认为;4作为,当作;5用实物做抵押向当铺借钱;6指事情发生的(时间);7同一个,自己方面的",1处理得当;3当真;4安步当车;5典当;6当年;7当村,先解释完整原词，再对应本行读音；同字其他读音见相邻行，不凭字形任选。,CN-PHON-D079,1-50,1872,dàng,
倒,dǎo,"1(人或竖立的东西)横躺下来;2(事业)失败,垮台;3转移,转换;4倒买倒卖",1摔倒;2倒闭;3倒手;4倒汇,先解释完整原词，再对应本行读音；同字其他读音见相邻行，不凭字形任选。,CN-PHON-D080,1-50,1876,dǎo,
倒,dào,"1上下颠倒或前后颠倒;2反转或倾斜容器使里面的东西出来,倾倒;3反面的,相反的;4使向相反的方向移动或颠倒",1倒影;2倒茶;3倒彩;4倒退,先解释完整原词，再对应本行读音；同字其他读音见相邻行，不凭字形任选。,CN-PHON-D081,1-50,1876,dào,
提,dī,用于“提防”“提溜”,提防、提溜,先解释完整原词，再对应本行读音；同字其他读音见相邻行，不凭字形任选。,CN-PHON-D082,1-50,1876,dī,
提,tí,"1垂手拿着(有提梁、绳套之类的东西);2使事物由下往上移;3指出或举出;4谈(起,到);5提取;6把预定的期限往前挪",1提壶水;2提升;3提醒;4旧事重提;5提炼;6提前,先解释完整原词，再对应本行读音；同字其他读音见相邻行，不凭字形任选。,CN-PHON-D083,1-50,1876,tí,
调,diào,"1腔调;2指语音上的声调;3论调;4调动,分派;5调查;6互换",1南腔北调;2调号;3一个调;4调职;5函调;6调换,先解释完整原词，再对应本行读音；同字其他读音见相邻行，不凭字形任选。,CN-PHON-D084,1-50,1876,diào,
调,tiáo,1配合得均匀合适;2使配合得均匀合适;3调解;4调整;5挑逗;6挑拨,1失调;2调味;3调停;4调价;5调笑,先解释完整原词，再对应本行读音；同字其他读音见相邻行，不凭字形任选。,CN-PHON-D085,1-50,1876,tiáo,
斗,dǒu,1容量单位;2量粮食的器具;3形状略像斗的东西;4北斗星,3漏斗,先解释完整原词，再对应本行读音；同字其他读音见相邻行，不凭字形任选。,CN-PHON-D086,1-50,1876,dǒu,
斗,dòu,"1对打;2使动物斗;3比赛争胜;4往一块儿凑,凑在一块儿",1斗殴;2斗鸡;3斗嘴;4斗眼,先解释完整原词，再对应本行读音；同字其他读音见相邻行，不凭字形任选。,CN-PHON-D087,1-50,1876,dòu,
恶,ě,用于“恶心”,恶心,先解释完整原词，再对应本行读音；同字其他读音见相邻行，不凭字形任选。,CN-PHON-D088,1-50,1880,ě,
恶,è,"1跟“善”相对;2凶恶,凶狠,凶猛;3恶劣,坏",1作恶;2恶骂;3恶习,先解释完整原词，再对应本行读音；同字其他读音见相邻行，不凭字形任选。,CN-PHON-D089,1-50,1880,è,
恶,wù,"讨厌,憎恨",深恶痛绝,先解释完整原词，再对应本行读音；同字其他读音见相邻行，不凭字形任选。,CN-PHON-D090,1-50,1880,wù,
分,fēn,"1跟“合”相对;2分配;3辨别;4分支,部分;5分数;6计量单位名称",1分离;2分配;3分清是非;4分会;5得分,先解释完整原词，再对应本行读音；同字其他读音见相邻行，不凭字形任选。,CN-PHON-D091,1-50,1880,fēn,
分,fèn,"1成分;2职责、权利等的限度;3情分,情谊",1养分;2本分;3情分,先解释完整原词，再对应本行读音；同字其他读音见相邻行，不凭字形任选。,CN-PHON-D092,1-50,1880,fèn,
缝,féng,用针线将原来不在一起或开了口儿的东西连上,缝补、缝纫,先解释完整原词，再对应本行读音；同字其他读音见相邻行，不凭字形任选。,CN-PHON-D093,1-50,1880,féng,
缝,fèng,1接合的地方;2缝隙,1无缝;2裂缝,先解释完整原词，再对应本行读音；同字其他读音见相邻行，不凭字形任选。,CN-PHON-D094,1-50,1880,fèng,
否,fǒu,否定,否认,先解释完整原词，再对应本行读音；同字其他读音见相邻行，不凭字形任选。,CN-PHON-D095,1-50,1880,fǒu,
否,pǐ,"1坏,恶;2贬斥",1否极泰来;2臧否人物,先解释完整原词，再对应本行读音；同字其他读音见相邻行，不凭字形任选。,CN-PHON-D096,1-50,1880,pǐ,
扛,gāng,用两手举(重物),力能扛鼎,先解释完整原词，再对应本行读音；同字其他读音见相邻行，不凭字形任选。,CN-PHON-D097,1-50,1884,gāng,
扛,káng,用肩膀承担物体,扛枪,先解释完整原词，再对应本行读音；同字其他读音见相邻行，不凭字形任选。,CN-PHON-D098,1-50,1884,káng,
给,gěi,"1使对方得到某些东西或某种遭遇;2用在动词后面,表示交与,付出;3叫,让",2送给他;3不给看,先解释完整原词，再对应本行读音；同字其他读音见相邻行，不凭字形任选。,CN-PHON-D099,1-50,1884,gěi,
给,jǐ,"1供给,供应;2富裕充足",1补给;2家给户足,先解释完整原词，再对应本行读音；同字其他读音见相邻行，不凭字形任选。,CN-PHON-D100,1-50,1884,jǐ,
更,gēng,"1改变,改换;2经历;3旧时一夜分成五更,每更大约两小时",1变更、更新;2少不更事;3五更,先解释完整原词，再对应本行读音；同字其他读音见相邻行，不凭字形任选。,CN-PHON-D101,1-50,1884,gēng,
更,gèng,"1再,又;2更加",1更上一层楼;2更好,先解释完整原词，再对应本行读音；同字其他读音见相邻行，不凭字形任选。,CN-PHON-D102,1-50,1884,gèng,
供,gōng,"1供给,供应;2提供某种利用的条件(给对方利用)",1供不应求;2供读者参考,先解释完整原词，再对应本行读音；同字其他读音见相邻行，不凭字形任选。,CN-PHON-D103,1-50,1884,gōng,
供,gòng,"1把香烛等放在神佛或先辈的像(或牌位)前面表示敬奉,祭祀时摆设祭品;2陈列的表示虔诚的东西,供品;3受审者陈述案情;4口供,供词",1供果;2上供;3供认;4录供,先解释完整原词，再对应本行读音；同字其他读音见相邻行，不凭字形任选。,CN-PHON-D104,1-50,1884,gòng,
勾,gōu,"1用笔画出钩形符号,表示删除或截取;2画出形象的边缘,描画;3招引,引;4勾结;5(腰或手)弯曲成钩形",1勾销;2勾勒;3勾引;4勾搭;5勾着腰,先解释完整原词，再对应本行读音；同字其他读音见相邻行，不凭字形任选。,CN-PHON-D105,1-50,1886,gōu,
勾,gòu,用于“勾当”,勾当,先解释完整原词，再对应本行读音；同字其他读音见相邻行，不凭字形任选。,CN-PHON-D106,1-50,1886,gòu,
观,guān,1看;2对事物的认识或看法,1走马观花;2乐观,先解释完整原词，再对应本行读音；同字其他读音见相邻行，不凭字形任选。,CN-PHON-D107,1-50,1886,guān,
观,guàn,道教的庙宇,道观,先解释完整原词，再对应本行读音；同字其他读音见相邻行，不凭字形任选。,CN-PHON-D108,1-50,1886,guàn,
冠,guān,"1帽子,古代指礼帽或较庄重场合戴的帽子;2形状像帽子或在顶上的东西",1王冠;2树冠,先解释完整原词，再对应本行读音；同字其他读音见相邻行，不凭字形任选。,CN-PHON-D109,1-50,1886,guān,
冠,guàn,"1在前面加上某种名号或文字;2指冠军;3把帽子戴在头上(古代男子二十岁举行冠礼,表示已成年)",1冠名;2夺冠;3未冠,先解释完整原词，再对应本行读音；同字其他读音见相邻行，不凭字形任选。,CN-PHON-D110,1-50,1886,guàn,
行,háng,1行列;2行业;3某些营业机构,1双行;2同行;3银行,先解释完整原词，再对应本行读音；同字其他读音见相邻行，不凭字形任选。,CN-PHON-D111,1-50,1890,háng,
行,xíng,"1走;2指旅行或跟旅行有关的;3流通,推行;4做,办,实施;5能干,不错;6可以",1步行;2行程;3发行;4举行;5真行;6不行,先解释完整原词，再对应本行读音；同字其他读音见相邻行，不凭字形任选。,CN-PHON-D112,1-50,1890,xíng,
吭,háng,喉咙,引吭高歌,先解释完整原词，再对应本行读音；同字其他读音见相邻行，不凭字形任选。,CN-PHON-D113,1-50,1890,háng,
吭,kēng,"出声,说话",吭声,先解释完整原词，再对应本行读音；同字其他读音见相邻行，不凭字形任选。,CN-PHON-D114,1-50,1890,kēng,
巷,hàng,用于“巷道”(指采矿或探矿时在山体中或地下挖掘的大致成水平方向的坑道),巷道,先解释完整原词，再对应本行读音；同字其他读音见相邻行，不凭字形任选。,CN-PHON-D115,1-50,1890,hàng,
巷,xiàng,较窄的街道,街头巷尾,先解释完整原词，再对应本行读音；同字其他读音见相邻行，不凭字形任选。,CN-PHON-D116,1-50,1890,xiàng,
号,háo,1拖长声音大声叫唤;2大声哭,1呼号;2号啕,先解释完整原词，再对应本行读音；同字其他读音见相邻行，不凭字形任选。,CN-PHON-D117,1-50,1890,háo,
号,hào,1号令;2用号吹出的表示一定意义的声音,1发号施令;2集合号,先解释完整原词，再对应本行读音；同字其他读音见相邻行，不凭字形任选。,CN-PHON-D118,1-50,1890,hào,
好,hǎo,"1优点多的,使人满意的;2用在动词前,表示使人满意的性质在哪方面;3友爱,和睦;4用在动词后,表示完成或达到完善的地步;5(身体)健康,(疾病)痊愈;6用在形容词、数量词等前面,表示多或久",1好人;2好看;3友好;4请坐好;5体质好;6好久,先解释完整原词，再对应本行读音；同字其他读音见相邻行，不凭字形任选。,CN-PHON-D119,1-50,1890,hǎo,
好,hào,1喜爱(跟“恶”wù相对);2常容易(发生某种事情),1嗜好;2好生病,先解释完整原词，再对应本行读音；同字其他读音见相邻行，不凭字形任选。,CN-PHON-D120,1-50,1890,hào,
和,hé,"1平和,和缓;2和谐,和睦;3结束战争或争执;4(下棋或赛球)不分胜负;5连带",1温和;2和衷共济;3讲和;4和局;5和盘托出,先解释完整原词，再对应本行读音；同字其他读音见相邻行，不凭字形任选。,CN-PHON-D121,1-50,1890,hé,
和,hè,1和谐地跟着唱;2依照别人诗词的题材和体裁做诗词,1曲高和寡;2奉和一首,先解释完整原词，再对应本行读音；同字其他读音见相邻行，不凭字形任选。,CN-PHON-D122,1-50,1890,hè,
和,hú,"打麻将或斗纸牌时某一家的牌合乎规定的要求,取得胜利",和牌,先解释完整原词，再对应本行读音；同字其他读音见相邻行，不凭字形任选。,CN-PHON-D123,1-50,1890,hú,
和,huó,在粉状物中加液体搅拌或揉弄使有黏性,和面,先解释完整原词，再对应本行读音；同字其他读音见相邻行，不凭字形任选。,CN-PHON-D124,1-50,1890,huó,
和,huò,"把粉状或粒状物掺和在一起,或加水搅拌使成较稀的东西",和药,先解释完整原词，再对应本行读音；同字其他读音见相邻行，不凭字形任选。,CN-PHON-D125,1-50,1890,huò,
横,héng,1跟地面平行的(跟“竖、直”相对);2地理上东西向的(跟“纵”相对);3纵横杂乱,1横梁;2横贯;3横流,先解释完整原词，再对应本行读音；同字其他读音见相邻行，不凭字形任选。,CN-PHON-D126,1-50,1890,héng,
横,hèng,"1粗暴,凶暴;2不吉利的,意外的",1蛮横;2横祸,先解释完整原词，再对应本行读音；同字其他读音见相邻行，不凭字形任选。,CN-PHON-D127,1-50,1890,hèng,
哄,hōng,许多人同时发出声音,哄传,先解释完整原词，再对应本行读音；同字其他读音见相邻行，不凭字形任选。,CN-PHON-D128,1-50,1890,hōng,
哄,hǒng,"1哄骗;2哄逗,特指看小孩儿或带小孩儿",1哄人;2哄小孩儿,先解释完整原词，再对应本行读音；同字其他读音见相邻行，不凭字形任选。,CN-PHON-D129,1-50,1890,hǒng,
哄,hòng,"吵闹,开玩笑",起哄,先解释完整原词，再对应本行读音；同字其他读音见相邻行，不凭字形任选。,CN-PHON-D130,1-50,1890,hòng,
红,hóng,1像鲜血的颜色;2红利;3象征喜庆的红布,1红色;2分红;3披红,先解释完整原词，再对应本行读音；同字其他读音见相邻行，不凭字形任选。,CN-PHON-D131,1-50,1894,hóng,
红,gōng,用于“女红”,女红,先解释完整原词，再对应本行读音；同字其他读音见相邻行，不凭字形任选。,CN-PHON-D132,1-50,1894,gōng,
晃,huǎng,1(光芒)闪耀;2很快地闪过,1晃眼;2虚晃一刀,先解释完整原词，再对应本行读音；同字其他读音见相邻行，不凭字形任选。,CN-PHON-D133,1-50,1894,huǎng,
晃,huàng,"摇动,摆动",摇头晃脑,先解释完整原词，再对应本行读音；同字其他读音见相邻行，不凭字形任选。,CN-PHON-D134,1-50,1894,huàng,
会,huì,"1聚合,合在一起;2见面,会见;3某些团体;4时机;5理解,懂得;6熟习,通晓",1会诊;2会客;3工会;4机会;5体会;6会英文,先解释完整原词，再对应本行读音；同字其他读音见相邻行，不凭字形任选。,CN-PHON-D135,1-50,1894,huì,
会,kuài,总计,会计,先解释完整原词，再对应本行读音；同字其他读音见相邻行，不凭字形任选。,CN-PHON-D136,1-50,1894,kuài,
混,hún,"糊涂,不明事理",混球儿,先解释完整原词，再对应本行读音；同字其他读音见相邻行，不凭字形任选。,CN-PHON-D137,1-50,1894,hún,
混,hùn,1掺杂;2蒙混;3苟且地生活,1混为一谈;2鱼目混珠;3混日子,先解释完整原词，再对应本行读音；同字其他读音见相邻行，不凭字形任选。,CN-PHON-D138,1-50,1894,hùn,
几,jī,1小桌子;2几乎,1窗明几净;2几三千人,先解释完整原词，再对应本行读音；同字其他读音见相邻行，不凭字形任选。,CN-PHON-D139,1-50,1898,jī,
几,jǐ,1询问数目(估计数目不太大);2表示大于一而小于十的不定的数目,1几人;2十几,先解释完整原词，再对应本行读音；同字其他读音见相邻行，不凭字形任选。,CN-PHON-D140,1-50,1898,jǐ,
稽,jī,"1查考;2计较;3停留,拖延",1稽查、有案可稽;2反唇相稽;3稽留,先解释完整原词，再对应本行读音；同字其他读音见相邻行，不凭字形任选。,CN-PHON-D141,1-50,1898,jī,
稽,qǐ,用于“稽首”,稽首,先解释完整原词，再对应本行读音；同字其他读音见相邻行，不凭字形任选。,CN-PHON-D142,1-50,1898,qǐ,
期,jī,"一周年,一整月",期年,先解释完整原词，再对应本行读音；同字其他读音见相邻行，不凭字形任选。,CN-PHON-D143,1-50,1898,jī,
期,qī,"1预定的时日,日期;2一段时间;3约定时日;4量词,用于分期的事物;5等候所约的人,泛指等待或盼望",1到期;2假期;3不期而遇;4第七期;5期望,先解释完整原词，再对应本行读音；同字其他读音见相邻行，不凭字形任选。,CN-PHON-D144,1-50,1898,qī,
间,jiān,"1方位词,一定的空间或时间里;2一间屋子,房间",1田间;2衣帽间,先解释完整原词，再对应本行读音；同字其他读音见相邻行，不凭字形任选。,CN-PHON-D145,1-50,1898,jiān,
间,jiàn,"1空隙;2嫌隙,隔阂;3隔开,不连接;4挑拨使人不和,离间",1乘间;2亲密无间;3间隔;4反间,先解释完整原词，再对应本行读音；同字其他读音见相邻行，不凭字形任选。,CN-PHON-D146,1-50,1898,jiàn,
监,jiān,"1从旁察看,监视;2牢狱",1监督;2探监,先解释完整原词，再对应本行读音；同字其他读音见相邻行，不凭字形任选。,CN-PHON-D147,1-50,1898,jiān,
监,jiàn,古代官府名,钦天监、监生,先解释完整原词，再对应本行读音；同字其他读音见相邻行，不凭字形任选。,CN-PHON-D148,1-50,1898,jiàn,
强,jiàng,"强硬不屈,固执",倔强,先解释完整原词，再对应本行读音；同字其他读音见相邻行，不凭字形任选。,CN-PHON-D149,1-50,1898,jiàng,
强,qiáng,"1力量大,势力大;2感情或意志所要求达到的程度高,坚强;3使用强力,强迫;4优越,好(多用于比较);5使强大或强壮",1富强;2要强;3强占;4比上届强;5富国强兵,先解释完整原词，再对应本行读音；同字其他读音见相邻行，不凭字形任选。,CN-PHON-D150,1-50,1898,qiáng,
强,qiǎng,勉强,强笑,先解释完整原词，再对应本行读音；同字其他读音见相邻行，不凭字形任选。,CN-PHON-D151,1-50,1898,qiǎng,
教,jiāo,把知识或技能传给人,教书,先解释完整原词，再对应本行读音；同字其他读音见相邻行，不凭字形任选。,CN-PHON-D152,1-50,1898,jiāo,
教,jiào,"1教导,教育;2宗教",1因材施教;2宗教,先解释完整原词，再对应本行读音；同字其他读音见相邻行，不凭字形任选。,CN-PHON-D153,1-50,1898,jiào,
嚼,jiáo,上下牙齿磨碎食物,细嚼慢咽、咬文嚼字、味同嚼蜡,先解释完整原词，再对应本行读音；同字其他读音见相邻行，不凭字形任选。,CN-PHON-D154,1-50,1898,jiáo,
嚼,jiào,用于“倒嚼”,倒嚼,先解释完整原词，再对应本行读音；同字其他读音见相邻行，不凭字形任选。,CN-PHON-D155,1-50,1898,jiào,
嚼,jué,"义同“嚼”(jiáo),用于某些复合词和成语",咀嚼、过屠门而大嚼,先解释完整原词，再对应本行读音；同字其他读音见相邻行，不凭字形任选。,CN-PHON-D156,1-50,1898,jué,
角,jiǎo,"1牛、羊、鹿等头上长出的坚硬的东西,一般细长而弯曲,上端较尖;2古时军中吹的乐器;3物体两个边沿相接的地方,角落;4我国货币的辅助单位",1牛角;2号角;3桌子角儿;4一角钱,先解释完整原词，再对应本行读音；同字其他读音见相邻行，不凭字形任选。,CN-PHON-D157,1-50,1898,jiǎo,
角,jué,"1角色;2演员;3竞赛,斗争;4古代五音之一",1主角;2名角;3角斗,先解释完整原词，再对应本行读音；同字其他读音见相邻行，不凭字形任选。,CN-PHON-D158,1-50,1898,jué,
校,jiào,"1订正,校对;2比较,较量",1校改;2校场,先解释完整原词，再对应本行读音；同字其他读音见相邻行，不凭字形任选。,CN-PHON-D159,1-50,1898,jiào,
校,xiào,1学校;2校官,1校舍;2上校,先解释完整原词，再对应本行读音；同字其他读音见相邻行，不凭字形任选。,CN-PHON-D160,1-50,1898,xiào,
结,jiē,长出(果实或种子),开花结果,先解释完整原词，再对应本行读音；同字其他读音见相邻行，不凭字形任选。,CN-PHON-D161,1-50,1898,jiē,
结,jié,"1在条状物上打疙瘩或用这种方式制成物品;2条状物打成的疙瘩;3发生某种关系,结合;4凝聚,凝结;5结束,了结",1结网、结绳;2打结;3结仇;4结晶;5结账,先解释完整原词，再对应本行读音；同字其他读音见相邻行，不凭字形任选。,CN-PHON-D162,1-50,1898,jié,
解,jiě,"1分开;2解除;3解释;4了解,明白",1解剖;2解职;3解答;4善解人意,先解释完整原词，再对应本行读音；同字其他读音见相邻行，不凭字形任选。,CN-PHON-D163,1-50,1902,jiě,
解,jiè,1解送;2用于“解元”,1押解;2解元,先解释完整原词，再对应本行读音；同字其他读音见相邻行，不凭字形任选。,CN-PHON-D164,1-50,1902,jiè,
解,xiè,"1懂得,明白;2旧时指杂技表演的各种技艺,特指骑在马上表演的技艺;3(Xiè)姓",2跑马卖解,先解释完整原词，再对应本行读音；同字其他读音见相邻行，不凭字形任选。,CN-PHON-D165,1-50,1902,xiè,
禁,jīn,"1禁受,耐;2忍住",1弱不禁风;2忍俊不禁,先解释完整原词，再对应本行读音；同字其他读音见相邻行，不凭字形任选。,CN-PHON-D166,1-50,1902,jīn,
禁,jìn,1禁止;2监禁;3法令或习俗所不允许的事项,1禁用;2禁闭;3违禁,先解释完整原词，再对应本行读音；同字其他读音见相邻行，不凭字形任选。,CN-PHON-D167,1-50,1902,jìn,
尽,jǐn,力求达到最大限度,尽早,先解释完整原词，再对应本行读音；同字其他读音见相邻行，不凭字形任选。,CN-PHON-D168,1-50,1902,jǐn,
尽,jìn,1完;2死亡;3达到极端;4全部用出;5用力完成;6所有的,1取之不尽;2自尽;3尽头;4尽心;5尽职;6尽人皆知,先解释完整原词，再对应本行读音；同字其他读音见相邻行，不凭字形任选。,CN-PHON-D169,1-50,1902,jìn,
劲,jìn,"1力气;2作用,效力;3精神,情绪",1用劲;2药劲;3干劲儿,先解释完整原词，再对应本行读音；同字其他读音见相邻行，不凭字形任选。,CN-PHON-D170,1-50,1902,jìn,
劲,jìng,"坚强有力,力量大",劲旅、劲风,先解释完整原词，再对应本行读音；同字其他读音见相邻行，不凭字形任选。,CN-PHON-D171,1-50,1902,jìng,
据,jū,用于“拮据”,拮据,先解释完整原词，再对应本行读音；同字其他读音见相邻行，不凭字形任选。,CN-PHON-D172,1-50,1902,jū,
据,jù,"1占据;2凭借,依靠;3按照,依据;4可以用作证明的事物",1据为己有;2据险固守;3据理力争;4凭据,先解释完整原词，再对应本行读音；同字其他读音见相邻行，不凭字形任选。,CN-PHON-D173,1-50,1902,jù,
龟,jūn,用于“龟裂”,龟裂,先解释完整原词，再对应本行读音；同字其他读音见相邻行，不凭字形任选。,CN-PHON-D174,1-50,1902,jūn,
龟,guī,爬行动物,乌龟,先解释完整原词，再对应本行读音；同字其他读音见相邻行，不凭字形任选。,CN-PHON-D175,1-50,1902,guī,
看,kān,"1守护照料;2看押,监视",1看门;2看押,先解释完整原词，再对应本行读音；同字其他读音见相邻行，不凭字形任选。,CN-PHON-D176,1-50,1906,kān,
看,kàn,"1使视线接触人或物;2观察并加以判断;3取决于,决定于;4访问,探望;5对待;6诊治;7照料",1看书;4看望;5看待;6看病;7照看,先解释完整原词，再对应本行读音；同字其他读音见相邻行，不凭字形任选。,CN-PHON-D177,1-50,1906,kàn,
空,kōng,"1不包含什么,里面没有东西或没有内容,不切实际的;2没有结果地,白白地;3天空",1空洞;2空欢喜;3高空,先解释完整原词，再对应本行读音；同字其他读音见相邻行，不凭字形任选。,CN-PHON-D178,1-50,1906,kōng,
空,kòng,"1腾出来,使空;2没有被利用或里面缺少东西;3尚未占用的地方或时间",1空两格;2空地;3填空,先解释完整原词，再对应本行读音；同字其他读音见相邻行，不凭字形任选。,CN-PHON-D179,1-50,1906,kòng,
勒,lè,"1收住缰绳不让骡马等前进;2强制,逼迫;3雕刻",1悬崖勒马;2勒索;3勒石,先解释完整原词，再对应本行读音；同字其他读音见相邻行，不凭字形任选。,CN-PHON-D180,1-50,1910,lè,
勒,lēi,"用绳子等捆住或套住,再用力拉紧,系紧",勒紧,先解释完整原词，再对应本行读音；同字其他读音见相邻行，不凭字形任选。,CN-PHON-D181,1-50,1910,lēi,
累,léi,用于“果实累累”“累赘”,果实累累、累赘,先解释完整原词，再对应本行读音；同字其他读音见相邻行，不凭字形任选。,CN-PHON-D182,1-50,1910,léi,
累,lěi,"1积累;2屡次,连续;3牵连",1日积月累;2累教不改;3牵累,先解释完整原词，再对应本行读音；同字其他读音见相邻行，不凭字形任选。,CN-PHON-D183,1-50,1910,lěi,
累,lèi,"1疲劳;2使疲劳,使劳累",1劳累;2别累着,先解释完整原词，再对应本行读音；同字其他读音见相邻行，不凭字形任选。,CN-PHON-D184,1-50,1910,lèi,
擂,léi,打,擂鼓,先解释完整原词，再对应本行读音；同字其他读音见相邻行，不凭字形任选。,CN-PHON-D185,1-50,1910,léi,
擂,lèi,擂台,打擂,先解释完整原词，再对应本行读音；同字其他读音见相邻行，不凭字形任选。,CN-PHON-D186,1-50,1910,lèi,
俩,liǎ,"1两个;2不多,几个",1咱俩;2俩钱儿,先解释完整原词，再对应本行读音；同字其他读音见相邻行，不凭字形任选。,CN-PHON-D187,1-50,1910,liǎ,
俩,liǎng,用于“伎俩”(不正当的手段),伎俩,先解释完整原词，再对应本行读音；同字其他读音见相邻行，不凭字形任选。,CN-PHON-D188,1-50,1910,liǎng,
量,liáng,1用尺、容器或其他作为标准的东西来确定事物的长短、大小、多少或其他性质;2估量,1量血压、量地;2思量,先解释完整原词，再对应本行读音；同字其他读音见相邻行，不凭字形任选。,CN-PHON-D189,1-50,1910,liáng,
量,liàng,"1古代指测量东西多少的器物;2能容纳或禁受的限度;3数量,数目;4估计,衡量",2胆量;3降雨量;4量力而行,先解释完整原词，再对应本行读音；同字其他读音见相邻行，不凭字形任选。,CN-PHON-D190,1-50,1910,liàng,
笼,lóng,1笼子;2旧时囚禁犯人的戒具;3蒸笼,1鸟笼;2囚笼;3小笼包子,先解释完整原词，再对应本行读音；同字其他读音见相邻行，不凭字形任选。,CN-PHON-D191,1-50,1912,lóng,
笼,lǒng,笼罩,笼络,先解释完整原词，再对应本行读音；同字其他读音见相邻行，不凭字形任选。,CN-PHON-D192,1-50,1912,lǒng,
绿,lǜ,"像草和树叶茂盛时的颜色,由蓝和黄混合而成",绿地、绿茶,先解释完整原词，再对应本行读音；同字其他读音见相邻行，不凭字形任选。,CN-PHON-D193,1-50,1912,lù,实际PDF第24页核对ü两点及调号
绿,lù,"义同“绿”(lǜ),用于“绿林”“鸭绿江”“绿营”等",绿林、鸭绿江、绿营,先解释完整原词，再对应本行读音；同字其他读音见相邻行，不凭字形任选。,CN-PHON-D194,1-50,1912,lù,实际PDF第24页核对ü两点及调号
率,lǜ,两个相关的数在一定条件下的比值,效率、功率,先解释完整原词，再对应本行读音；同字其他读音见相邻行，不凭字形任选。,CN-PHON-D195,1-50,1912,lù,实际PDF第24页核对ü两点及调号
率,shuài,"1带领;2顺着,由着;3不加思索,不慎重;4直爽坦白",1率领;2率性;3草率;4直率,先解释完整原词，再对应本行读音；同字其他读音见相邻行，不凭字形任选。,CN-PHON-D196,1-50,1912,shuài,
落,luò,"1物体因失去支持而下来;2下降;3衰败,飘零;4遗留在后面;5停留,留下;6聚居的地方",1落泪;2落山;3零落;4落选;5落脚;6村落,先解释完整原词，再对应本行读音；同字其他读音见相邻行，不凭字形任选。,CN-PHON-D197,1-50,1912,luò,
落,là,"1遗漏;2因为跟不上而被丢在后面;3把东西放在一个地方,忘记拿走",1落字;2落在后面;3落在家,先解释完整原词，再对应本行读音；同字其他读音见相邻行，不凭字形任选。,CN-PHON-D198,1-50,1912,là,
落,lào,用于“落忍”“落枕”等,落忍、落枕,先解释完整原词，再对应本行读音；同字其他读音见相邻行，不凭字形任选。,CN-PHON-D199,1-50,1912,lào,
落,luō,用于“大大落落”,大大落落,先解释完整原词，再对应本行读音；同字其他读音见相邻行，不凭字形任选。,CN-PHON-D200,1-50,1912,luō,
抹,mā,1摩擦;2用手按着并向下移动;3撤销(职务),1抹桌子;2抹平,先解释完整原词，再对应本行读音；同字其他读音见相邻行，不凭字形任选。,CN-PHON-D201,1-50,1916,mā,
抹,mǒ,"1涂抹;2用布、手巾等摩擦使干净;3量词,用于云霞、阳光等;4勾掉,除去,不计在内",1抹粉;2把嘴一抹;3一抹彩霞;4抹零,先解释完整原词，再对应本行读音；同字其他读音见相邻行，不凭字形任选。,CN-PHON-D202,1-50,1916,mǒ,
抹,mò,1把和好了的泥或灰等涂上后再用抹(mǒ)子弄平;2紧挨着绕过,1抹墙;2转弯抹角,先解释完整原词，再对应本行读音；同字其他读音见相邻行，不凭字形任选。,CN-PHON-D203,1-50,1916,mò,
埋,mái,"1(用土、沙、雪、落叶等)盖住;2藏,隐没",1掩埋;2埋伏,先解释完整原词，再对应本行读音；同字其他读音见相邻行，不凭字形任选。,CN-PHON-D204,1-50,1916,mái,
埋,mán,用于“埋怨”,埋怨,先解释完整原词，再对应本行读音；同字其他读音见相邻行，不凭字形任选。,CN-PHON-D205,1-50,1916,mán,
闷,mēn,"1气压低或空气不流通而引起的不舒畅的感觉;2不吭声,不声张;3声音不响亮",1闷热;2闷声不响;3闷声闷气,先解释完整原词，再对应本行读音；同字其他读音见相邻行，不凭字形任选。,CN-PHON-D206,1-50,1916,mēn,
闷,mèn,"1心情不舒畅,心烦;2密闭,不透气",1愁闷;2闷葫芦,先解释完整原词，再对应本行读音；同字其他读音见相邻行，不凭字形任选。,CN-PHON-D207,1-50,1916,mèn,
蒙,mēng,"1欺骗;2胡乱猜测;3昏迷,神志不清",1蒙人;2瞎蒙;3打蒙,先解释完整原词，再对应本行读音；同字其他读音见相邻行，不凭字形任选。,CN-PHON-D208,1-50,1916,mēng,
蒙,méng,1蒙昧;2遮盖;3受;4形容雨点等很细小,1启蒙;2蒙头;3蒙难;4蒙蒙细雨,先解释完整原词，再对应本行读音；同字其他读音见相邻行，不凭字形任选。,CN-PHON-D209,1-50,1916,méng,
蒙,Měng,蒙古族,蒙古包,先解释完整原词，再对应本行读音；同字其他读音见相邻行，不凭字形任选。,CN-PHON-D210,1-50,1916,Měng,
靡,mí,浪费,奢靡,先解释完整原词，再对应本行读音；同字其他读音见相邻行，不凭字形任选。,CN-PHON-D211,1-50,1916,mí,
靡,mǐ,"1顺风倒下;2美好;3无,没有",1风靡;2靡丽;3靡日不思,先解释完整原词，再对应本行读音；同字其他读音见相邻行，不凭字形任选。,CN-PHON-D212,1-50,1916,mǐ,
模,mó,"1法式,规范,标准;2仿效;3指模范",1模型、楷模;2模拟;3劳模,先解释完整原词，再对应本行读音；同字其他读音见相邻行，不凭字形任选。,CN-PHON-D213,1-50,1916,mó,
模,mú,"1模子;2形状,样子",1模具;2模样,先解释完整原词，再对应本行读音；同字其他读音见相邻行，不凭字形任选。,CN-PHON-D214,1-50,1916,mú,
脉,mò,用于“脉脉”,含情脉脉,先解释完整原词，再对应本行读音；同字其他读音见相邻行，不凭字形任选。,CN-PHON-D215,1-50,1916,mò,
脉,mài,1血管;2脉搏;3像血管一样连贯而成系统的东西,1动脉;2脉象;3山脉,先解释完整原词，再对应本行读音；同字其他读音见相邻行，不凭字形任选。,CN-PHON-D216,1-50,1916,mài,
难,nán,"1做起来费事的,不容易;2使感到困难;3不好",1难办;2难住我;3难听,先解释完整原词，再对应本行读音；同字其他读音见相邻行，不凭字形任选。,CN-PHON-D217,1-50,1920,nán,
难,nàn,"1不幸的遭遇,灾难;2责备,质问",1遭难、大难临头;2问难,先解释完整原词，再对应本行读音；同字其他读音见相邻行，不凭字形任选。,CN-PHON-D218,1-50,1920,nàn,
宁,níng,1安宁;2使安宁,1宁静、坐卧不宁;2息事宁人,先解释完整原词，再对应本行读音；同字其他读音见相邻行，不凭字形任选。,CN-PHON-D219,1-50,1920,níng,
宁,nìng,宁可,宁死不屈,先解释完整原词，再对应本行读音；同字其他读音见相邻行，不凭字形任选。,CN-PHON-D220,1-50,1920,nìng,
弄,nòng,"1手拿着、摆弄着或逗引着玩儿;2做,干,办,搞;3设法取得;4耍,玩弄",1弄沙子;2弄饭;3弄点儿水;4舞文弄墨,先解释完整原词，再对应本行读音；同字其他读音见相邻行，不凭字形任选。,CN-PHON-D221,1-50,1920,nòng,
弄,lòng,"小巷,胡同",里弄、弄堂,先解释完整原词，再对应本行读音；同字其他读音见相邻行，不凭字形任选。,CN-PHON-D222,1-50,1920,lòng,
胖,pàng,"(人体)脂肪多,肉多",肥胖,先解释完整原词，再对应本行读音；同字其他读音见相邻行，不凭字形任选。,CN-PHON-D223,1-50,1924,pàng,
胖,pán,安泰舒适,心广体胖,先解释完整原词，再对应本行读音；同字其他读音见相邻行，不凭字形任选。,CN-PHON-D224,1-50,1924,pán,
炮,páo,炮制中药的一种方法,炮炼、炮制,先解释完整原词，再对应本行读音；同字其他读音见相邻行，不凭字形任选。,CN-PHON-D225,1-50,1924,páo,
炮,pào,"1口径在2厘米以上,能发射炮弹的重型射击武器;2爆竹",1火炮;2鞭炮,先解释完整原词，再对应本行读音；同字其他读音见相邻行，不凭字形任选。,CN-PHON-D226,1-50,1924,pào,
漂,piāo,1停留在液体表面不下沉;2浮在液体表面顺着液体流动或风吹动的方向移动,1漂着;2漂移、漂流,先解释完整原词，再对应本行读音；同字其他读音见相邻行，不凭字形任选。,CN-PHON-D227,1-50,1924,piāo,
漂,piǎo,1漂白;2用水冲去杂质,1漂白;2漂朱砂,先解释完整原词，再对应本行读音；同字其他读音见相邻行，不凭字形任选。,CN-PHON-D228,1-50,1924,piǎo,
漂,piào,1用于“漂亮”等;2(事情、账目等)落空,1漂亮;2漂了,先解释完整原词，再对应本行读音；同字其他读音见相邻行，不凭字形任选。,CN-PHON-D229,1-50,1924,piào,
迫,pò,"1逼迫,强迫;2急促",1压迫;2急迫,先解释完整原词，再对应本行读音；同字其他读音见相邻行，不凭字形任选。,CN-PHON-D230,1-50,1924,pò,
迫,pǎi,用于“迫击炮”,迫击炮,先解释完整原词，再对应本行读音；同字其他读音见相邻行，不凭字形任选。,CN-PHON-D231,1-50,1924,pǎi,
仆,pū,向前跌倒,前仆后继,先解释完整原词，再对应本行读音；同字其他读音见相邻行，不凭字形任选。,CN-PHON-D232,1-50,1924,pū,
仆,pú,1仆人;2古时男子谦称自己,1仆从;2仆不敏,先解释完整原词，再对应本行读音；同字其他读音见相邻行，不凭字形任选。,CN-PHON-D233,1-50,1924,pú,
脯,pú,指胸脯,胸脯,先解释完整原词，再对应本行读音；同字其他读音见相邻行，不凭字形任选。,CN-PHON-D234,1-50,1924,pú,
脯,fǔ,1肉干;2蜜饯果干儿,1肉脯;2杏脯,先解释完整原词，再对应本行读音；同字其他读音见相邻行，不凭字形任选。,CN-PHON-D235,1-50,1924,fǔ,
纤,qiàn,拉船用的绳子,纤绳,先解释完整原词，再对应本行读音；同字其他读音见相邻行，不凭字形任选。,CN-PHON-D236,1-50,1928,qiàn,
纤,xiān,细小,纤维,先解释完整原词，再对应本行读音；同字其他读音见相邻行，不凭字形任选。,CN-PHON-D237,1-50,1928,xiān,
悄,qiāo,用于“悄悄”“悄悄话”,悄悄话,先解释完整原词，再对应本行读音；同字其他读音见相邻行，不凭字形任选。,CN-PHON-D238,1-50,1928,qiāo,
悄,qiǎo,没有声音或声音很低,悄无声息,先解释完整原词，再对应本行读音；同字其他读音见相邻行，不凭字形任选。,CN-PHON-D239,1-50,1928,qiǎo,
壳,qiào,坚硬的外皮,地壳,先解释完整原词，再对应本行读音；同字其他读音见相邻行，不凭字形任选。,CN-PHON-D240,1-50,1928,qiào,
壳,ké,"口语,义同“壳”(qiào)",子弹壳儿,先解释完整原词，再对应本行读音；同字其他读音见相邻行，不凭字形任选。,CN-PHON-D241,1-50,1928,ké,
翘,qiào,(人体的一部分、物体的一头儿)向上仰起,翘尾巴,先解释完整原词，再对应本行读音；同字其他读音见相邻行，不凭字形任选。,CN-PHON-D242,1-50,1928,qiào,
翘,qiáo,1抬起(头);2(木、纸等)平的东西因由湿变干而不平,1翘首;2翘棱,先解释完整原词，再对应本行读音；同字其他读音见相邻行，不凭字形任选。,CN-PHON-D243,1-50,1928,qiáo,
切,qiē,1用刀把物品分成若干部分;2直线与圆、直线与球、圆与圆、平面与球或球与球只有一个交点时叫作切,1切西瓜、切分;2切点,先解释完整原词，再对应本行读音；同字其他读音见相邻行，不凭字形任选。,CN-PHON-D244,1-50,1928,qiē,
切,qiè,"1合,符合;2贴近,亲近;3急切,殷切;4切实,务必",1切题;2亲切;3回国心切;4切记,先解释完整原词，再对应本行读音；同字其他读音见相邻行，不凭字形任选。,CN-PHON-D245,1-50,1928,qiè,
亲,qīn,"1父母;2亲生;3亲自;4用嘴唇接触(人或东西),表示亲热、喜爱;5关系近,感情好",1双亲;2亲女儿;3亲征;4亲吻;5亲密,先解释完整原词，再对应本行读音；同字其他读音见相邻行，不凭字形任选。,CN-PHON-D246,1-50,1928,qīn,
亲,qìng,用于“亲家”(两家儿女相婚配的亲戚关系),亲家,先解释完整原词，再对应本行读音；同字其他读音见相邻行，不凭字形任选。,CN-PHON-D247,1-50,1928,qìng,
曲,qū,"1弯曲(跟“直”相对);2使弯曲;3不公正,无理",1弯腰曲背;2曲突徙薪;3是非曲直,先解释完整原词，再对应本行读音；同字其他读音见相邻行，不凭字形任选。,CN-PHON-D248,1-50,1928,qū,
曲,qǔ,1一种韵文形式;2歌曲;3歌谱,1散曲;2曲调,先解释完整原词，再对应本行读音；同字其他读音见相邻行，不凭字形任选。,CN-PHON-D249,1-50,1928,qǔ,
撒,sā,"1放开,张开;2尽量使出来或施展出来(多含贬义)",1撒手;2撒赖,先解释完整原词，再对应本行读音；同字其他读音见相邻行，不凭字形任选。,CN-PHON-D250,1-50,1932,sā,
撒,sǎ,"1把颗粒状的东西分散着扔出去,散布(东西);2散落,洒",1撒种;2撒一地,先解释完整原词，再对应本行读音；同字其他读音见相邻行，不凭字形任选。,CN-PHON-D251,1-50,1932,sǎ,
塞,sāi,"1把东西放进有空隙的地方,填入;2塞子",1塞住;2活塞,先解释完整原词，再对应本行读音；同字其他读音见相邻行，不凭字形任选。,CN-PHON-D252,1-50,1932,sāi,
塞,sài,可做屏障的险要地方,边塞,先解释完整原词，再对应本行读音；同字其他读音见相邻行，不凭字形任选。,CN-PHON-D253,1-50,1932,sài,
塞,sè,用于某些合成词中,闭塞、塞责,先解释完整原词，再对应本行读音；同字其他读音见相邻行，不凭字形任选。,CN-PHON-D254,1-50,1932,sè,
散,sǎn,"1没有约束,松开;2零碎的,不集中的;3药末",1散漫;2散装;3健胃散,先解释完整原词，再对应本行读音；同字其他读音见相邻行，不凭字形任选。,CN-PHON-D255,1-50,1932,sǎn,
散,sàn,"1由聚集而分离;2散布,分发;3排除,排遣",1烟消云散;2发散;3散心,先解释完整原词，再对应本行读音；同字其他读音见相邻行，不凭字形任选。,CN-PHON-D256,1-50,1932,sàn,
丧,sāng,跟死了人有关的(事情),丧事,先解释完整原词，再对应本行读音；同字其他读音见相邻行，不凭字形任选。,CN-PHON-D257,1-50,1936,sāng,
丧,sàng,"1丢掉,失去;2情绪低落,失意",1丧胆、丧权辱国;2懊丧,先解释完整原词，再对应本行读音；同字其他读音见相邻行，不凭字形任选。,CN-PHON-D258,1-50,1936,sàng,
刹,shā,止住(车、机器等),刹车,先解释完整原词，再对应本行读音；同字其他读音见相邻行，不凭字形任选。,CN-PHON-D259,1-50,1936,shā,
刹,chà,1佛教的寺庙;2用于“刹那”,1古刹;2刹那,先解释完整原词，再对应本行读音；同字其他读音见相邻行，不凭字形任选。,CN-PHON-D260,1-50,1936,chà,
煞,shā,"1结束,收束;2勒紧,扣紧",1煞尾;2煞腰带,先解释完整原词，再对应本行读音；同字其他读音见相邻行，不凭字形任选。,CN-PHON-D261,1-50,1936,shā,
煞,shà,"极,很",煞费苦心,先解释完整原词，再对应本行读音；同字其他读音见相邻行，不凭字形任选。,CN-PHON-D262,1-50,1936,shà,
扇,shān,"1摇动扇子或其他薄片,加速空气流动;2用手掌打",1扇(shān)扇(shàn)子;2扇耳光,先解释完整原词，再对应本行读音；同字其他读音见相邻行，不凭字形任选。,CN-PHON-D263,1-50,1936,shān,
扇,shàn,"1扇子;2指板状或片状的东西;3量词,用于门窗等",1蒲扇;2门扇;3一扇门,先解释完整原词，再对应本行读音；同字其他读音见相邻行，不凭字形任选。,CN-PHON-D264,1-50,1936,shàn,
折,shé,1断;2亏损,1撞折;2折本儿,先解释完整原词，再对应本行读音；同字其他读音见相邻行，不凭字形任选。,CN-PHON-D265,1-50,1936,shé,
折,zhē,1翻转;2倒(dào)过来倒过去,1折跟头;2折腾、折一折,先解释完整原词，再对应本行读音；同字其他读音见相邻行，不凭字形任选。,CN-PHON-D266,1-50,1936,zhē,
折,zhé,"1断,弄断;2损失;3弯,弯曲;4回转,转变方向;5折服;6折合,抵换;7折叠;8折子",1骨折;2折损;3曲折;4转折;5心折;6折价;7对折;8奏折,先解释完整原词，再对应本行读音；同字其他读音见相邻行，不凭字形任选。,CN-PHON-D267,1-50,1936,zhé,
舍,shě,1舍弃;2施舍,1舍生取义;2舍粥,先解释完整原词，再对应本行读音；同字其他读音见相邻行，不凭字形任选。,CN-PHON-D268,1-50,1936,shě,
舍,shè,1房屋;2舍间;3谦辞;4古代行军三十里为一舍,1宿舍;2敝舍;3舍弟;4退避三舍,先解释完整原词，再对应本行读音；同字其他读音见相邻行，不凭字形任选。,CN-PHON-D269,1-50,1936,shè,
省,shěng,"1俭省;2免掉;3行政区划单位,直属中央",1节省;2省一道工序,先解释完整原词，再对应本行读音；同字其他读音见相邻行，不凭字形任选。,CN-PHON-D270,1-50,1936,shěng,
省,xǐng,1检查自己的思想行为;2探望;3醒悟,1内省;2省亲;3省悟,先解释完整原词，再对应本行读音；同字其他读音见相邻行，不凭字形任选。,CN-PHON-D271,1-50,1936,xǐng,
拾,shí,"1把地上的东西拿起来,捡;2收拾",1拾人牙慧;2拾掇,先解释完整原词，再对应本行读音；同字其他读音见相邻行，不凭字形任选。,CN-PHON-D272,1-50,1936,shí,
拾,shè,轻步而上,拾级,先解释完整原词，再对应本行读音；同字其他读音见相邻行，不凭字形任选。,CN-PHON-D273,1-50,1936,shè,
数,shǔ,"1查点(数目),逐个说出(数目);2列举(罪状),责备;3计算起来、比较起来(最突出)",1数不胜数;2数其罪;3数一数二,先解释完整原词，再对应本行读音；同字其他读音见相邻行，不凭字形任选。,CN-PHON-D274,1-50,1936,shǔ,
数,shù,"1数目;2数学上表示事物的量的基本概念;3天命,劫数;4几,几个",1人数;2有理数;3在数难逃;4数十种,先解释完整原词，再对应本行读音；同字其他读音见相邻行，不凭字形任选。,CN-PHON-D275,1-50,1936,shù,
数,shuò,屡次,数见不鲜,先解释完整原词，再对应本行读音；同字其他读音见相邻行，不凭字形任选。,CN-PHON-D276,1-50,1936,shuò,
说,shuō,用话来表达意思,说笑话,先解释完整原词，再对应本行读音；同字其他读音见相邻行，不凭字形任选。,CN-PHON-D277,1-50,1936,shuō,
说,shuì,用话劝说使人听从自己的意见,游说,先解释完整原词，再对应本行读音；同字其他读音见相邻行，不凭字形任选。,CN-PHON-D278,1-50,1936,shuì,
似,sì,"1像,如同;2似乎;3用于比较,表示超过",1似是而非;2似属可行,先解释完整原词，再对应本行读音；同字其他读音见相邻行，不凭字形任选。,CN-PHON-D279,1-50,1936,sì,
似,shì,用于“似的”,似的,先解释完整原词，再对应本行读音；同字其他读音见相邻行，不凭字形任选。,CN-PHON-D280,1-50,1936,shì,
宿,sù,"1夜里睡觉,过夜;2旧有的,一向有的;3年老的,长期从事某事的",1露宿;2宿疾;3宿将,先解释完整原词，再对应本行读音；同字其他读音见相邻行，不凭字形任选。,CN-PHON-D281,1-50,1936,sù,
宿,xiǔ,"量词,用于计算夜",三天两宿,先解释完整原词，再对应本行读音；同字其他读音见相邻行，不凭字形任选。,CN-PHON-D282,1-50,1936,xiǔ,
宿,xiù,我国古代天文学家把天上某些星的集合体叫作宿,二十八宿,先解释完整原词，再对应本行读音；同字其他读音见相邻行，不凭字形任选。,CN-PHON-D283,1-50,1936,xiù,
遂,suí,用于“半身不遂”,半身不遂,先解释完整原词，再对应本行读音；同字其他读音见相邻行，不凭字形任选。,CN-PHON-D284,1-50,1936,suí,
遂,suì,"1顺,合乎(心意);2成功;3就,于是",1遂心;2抢劫未遂;3遂止,先解释完整原词，再对应本行读音；同字其他读音见相邻行，不凭字形任选。,CN-PHON-D285,1-50,1936,suì,
拓,tà,把碑刻、铜器等的形状和上面的文字、图形印下来,拓印,先解释完整原词，再对应本行读音；同字其他读音见相邻行，不凭字形任选。,CN-PHON-D286,1-50,1940,tà,
拓,tuò,1开辟(土地、道路);2(Tuò)姓,1拓荒,先解释完整原词，再对应本行读音；同字其他读音见相邻行，不凭字形任选。,CN-PHON-D287,1-50,1940,tuò,
帖,tiē,"1服从,顺从;2妥当,稳当",1服帖;2妥帖,先解释完整原词，再对应本行读音；同字其他读音见相邻行，不凭字形任选。,CN-PHON-D288,1-50,1940,tiē,
帖,tiě,1邀请客人的通知;2在网络论坛上发表议论、参与讨论的话语或短文,1请帖;2发帖,先解释完整原词，再对应本行读音；同字其他读音见相邻行，不凭字形任选。,CN-PHON-D289,1-50,1940,tiě,
帖,tiè,学习写字或绘画时临摹用的样本,字帖、碑帖,先解释完整原词，再对应本行读音；同字其他读音见相邻行，不凭字形任选。,CN-PHON-D290,1-50,1940,tiè,
为,wéi,"1做;2被;3充当,当作;4变成,成;5是",1有为;2不为所动;3四海为家;4化为乌有;5言为心声,先解释完整原词，再对应本行读音；同字其他读音见相邻行，不凭字形任选。,CN-PHON-D291,1-50,1944,wéi,
为,wèi,"1表示行为的对象,替;2表示原因、目的;",1为人民服务;2为了,先解释完整原词，再对应本行读音；同字其他读音见相邻行，不凭字形任选。,CN-PHON-D292,1-50,1944,wèi,
吓,xià,使害怕,吓唬,先解释完整原词，再对应本行读音；同字其他读音见相邻行，不凭字形任选。,CN-PHON-D293,1-50,1948,xià,
吓,hè,"1恐吓,恫吓;2表示不满",1恐吓,先解释完整原词，再对应本行读音；同字其他读音见相邻行，不凭字形任选。,CN-PHON-D294,1-50,1948,hè,
鲜,xiān,1新鲜;2(花朵)没有枯萎;3鲜明;4鲜美;5特指鱼虾等水产食物,1鲜肉;2鲜花;3鲜红;4味道鲜;5海鲜,先解释完整原词，再对应本行读音；同字其他读音见相邻行，不凭字形任选。,CN-PHON-D295,1-50,1948,xiān,
鲜,xiǎn,少,鲜为人知,先解释完整原词，再对应本行读音；同字其他读音见相邻行，不凭字形任选。,CN-PHON-D296,1-50,1948,xiǎn,
削,xiāo,1用刀斜着去掉物体的表层;2切削,1削梨;2车削,先解释完整原词，再对应本行读音；同字其他读音见相邻行，不凭字形任选。,CN-PHON-D297,1-50,1948,xiāo,
削,xuē,专用于合成词,剥削、削减、瘦削,先解释完整原词，再对应本行读音；同字其他读音见相邻行，不凭字形任选。,CN-PHON-D298,1-50,1948,xuē,
兴,xīng,"1兴盛,流行;2使盛行;3开始,发动,创立;4起,起来",1复兴;2大兴调查研究之风;3兴办;4夙兴夜寐,先解释完整原词，再对应本行读音；同字其他读音见相邻行，不凭字形任选。,CN-PHON-D299,1-50,1948,xīng,
兴,xìng,"兴致,兴趣",雅兴、助兴,先解释完整原词，再对应本行读音；同字其他读音见相邻行，不凭字形任选。,CN-PHON-D300,1-50,1948,xìng,
旋,xuán,"1旋转;2返回,归来;3毛发呈旋涡状的地方;4不久,很快地",1盘旋;2凯旋;4旋即,先解释完整原词，再对应本行读音；同字其他读音见相邻行，不凭字形任选。,CN-PHON-D301,1-50,1948,xuán,
旋,xuàn,1旋转的;2用车床切削或用刀子转(zhuàn)着圈地削;3临时(做),1旋风;2旋根车轴;3旋用旋买,先解释完整原词，再对应本行读音；同字其他读音见相邻行，不凭字形任选。,CN-PHON-D302,1-50,1948,xuàn,
血,xuè,"1人和高等动物体内循环系统中的液体组织,也叫血液;2有血统关系的;3指刚强热烈",1血液;2血缘;3血气,先解释完整原词，再对应本行读音；同字其他读音见相邻行，不凭字形任选。,CN-PHON-D303,1-50,1948,xuè,
血,xiě,"义同“血”(xuè),用于口语",血淋淋,先解释完整原词，再对应本行读音；同字其他读音见相邻行，不凭字形任选。,CN-PHON-D304,1-50,1948,xiě,
咽,yān,用于“咽喉”“咽头”等,咽喉、咽头,先解释完整原词，再对应本行读音；同字其他读音见相邻行，不凭字形任选。,CN-PHON-D305,1-50,1948,yān,
咽,yàn,使嘴里的食物或别的东西通过咽头到食管里去,狼吞虎咽,先解释完整原词，再对应本行读音；同字其他读音见相邻行，不凭字形任选。,CN-PHON-D306,1-50,1948,yàn,
咽,yè,声音受阻而低沉,哽咽,先解释完整原词，再对应本行读音；同字其他读音见相邻行，不凭字形任选。,CN-PHON-D307,1-50,1948,yè,
殷,yān,赤黑色,殷红,先解释完整原词，再对应本行读音；同字其他读音见相邻行，不凭字形任选。,CN-PHON-D308,1-50,1948,yān,
殷,yīn,"1丰盛,丰富;2深厚;3热情而周到;4朝代",1殷实;2殷切;3殷勤;4殷商,先解释完整原词，再对应本行读音；同字其他读音见相邻行，不凭字形任选。,CN-PHON-D309,1-50,1948,yīn,
要,yāo,"1求;2强迫,威胁",1要求;2要挟,先解释完整原词，再对应本行读音；同字其他读音见相邻行，不凭字形任选。,CN-PHON-D310,1-50,1948,yāo,
要,yào,"1重要;2重要的内容;3希望得到,希望保持;4须要,应该;5如果;6因为希望得到或收回而有所表示,索取;7要么",1主要;2纲要;3还要;4要小心;6要账,先解释完整原词，再对应本行读音；同字其他读音见相邻行，不凭字形任选。,CN-PHON-D311,1-50,1948,yào,
应,yīng,1应该;2应声回答;3用于“应届”(本期的),1应有尽有;3应届,先解释完整原词，再对应本行读音；同字其他读音见相邻行，不凭字形任选。,CN-PHON-D312,1-50,1948,yīng,
应,yìng,"1回答;2满足要求,允许,接受;3顺应,适应;4应付",1答应;2有求必应;3应时;4应变,先解释完整原词，再对应本行读音；同字其他读音见相邻行，不凭字形任选。,CN-PHON-D313,1-50,1948,yìng,
与,yǔ,"1跟,向;2给;3交往;4赞许,赞助",1与虎谋皮;2赠与;3相与;4与人为善,先解释完整原词，再对应本行读音；同字其他读音见相邻行，不凭字形任选。,CN-PHON-D314,1-50,1948,yǔ,
与,yù,参与,与会,先解释完整原词，再对应本行读音；同字其他读音见相邻行，不凭字形任选。,CN-PHON-D315,1-50,1948,yù,
晕,yūn,"1义同“‘晕’(yùn)3”,用于“头晕”“晕头晕脑”“晕头转向”等;2昏迷",1头晕;2晕厥,先解释完整原词，再对应本行读音；同字其他读音见相邻行，不凭字形任选。,CN-PHON-D316,1-50,1948,yūn,
晕,yùn,"1日光或月光通过云层中的冰晶时经折射而形成的光圈;2光影、色彩四周模糊的部分;3头脑发昏,周围物体好像在旋转,有要跌倒的感觉",1日晕、月晕;2红晕;3晕车,先解释完整原词，再对应本行读音；同字其他读音见相邻行，不凭字形任选。,CN-PHON-D317,1-50,1948,yùn,
载,zǎi,"1年;2记载,刊登",1千载;2记载,先解释完整原词，再对应本行读音；同字其他读音见相邻行，不凭字形任选。,CN-PHON-D318,1-50,1952,zǎi,
载,zài,"1装载;2充满(道路);3又,且",1载客;2载途;3载歌载舞,先解释完整原词，再对应本行读音；同字其他读音见相邻行，不凭字形任选。,CN-PHON-D319,1-50,1952,zài,
扎,zā,"1捆,束;2量词,用于捆起来的东西",1扎彩;2一扎干草,先解释完整原词，再对应本行读音；同字其他读音见相邻行，不凭字形任选。,CN-PHON-D320,1-50,1954,zā,
扎,zhā,1刺;2钻(进去);3驻扎,1扎手;2扎猛子;3扎营,先解释完整原词，再对应本行读音；同字其他读音见相邻行，不凭字形任选。,CN-PHON-D321,1-50,1954,zhā,
扎,zhá,用于“扎挣(zheng)”,扎挣,先解释完整原词，再对应本行读音；同字其他读音见相邻行，不凭字形任选。,CN-PHON-D322,1-50,1954,zhá,
藏,zàng,1储存大量东西的地方;2(Zàng)指西藏、藏族,1宝藏;2西藏、藏族,先解释完整原词，再对应本行读音；同字其他读音见相邻行，不凭字形任选。,CN-PHON-D323,1-50,1954,zàng,
藏,cáng,"1躲藏,隐藏;2收存,储藏",1藏身;2藏书,先解释完整原词，再对应本行读音；同字其他读音见相邻行，不凭字形任选。,CN-PHON-D324,1-50,1954,cáng,
着,zhāo,下棋时下一子或走一步叫一着,高着儿,先解释完整原词，再对应本行读音；同字其他读音见相邻行，不凭字形任选。,CN-PHON-D325,1-50,1954,zhāo,
着,zháo,"1接触,挨上;2感受,受到;3燃烧,也指灯发光(跟“灭”相对);4表示已经达到目的或有了结果",2着凉;3着得旺;4睡着,先解释完整原词，再对应本行读音；同字其他读音见相邻行，不凭字形任选。,CN-PHON-D326,1-50,1954,zháo,
着,zhuó,"1穿(衣);2接触,挨上;3着落;4派遣;5使接触别的事物,使附着在别的物体上",1穿着;2附着;3无着;4着人;5着手,先解释完整原词，再对应本行读音；同字其他读音见相邻行，不凭字形任选。,CN-PHON-D327,1-50,1954,zhuó,
着,zhe,表示动作、状态的持续,走着、开着会,先解释完整原词，再对应本行读音；同字其他读音见相邻行，不凭字形任选。,CN-PHON-D328,1-50,1954,zhe,
挣,zhēng,用于“挣扎”,挣扎,先解释完整原词，再对应本行读音；同字其他读音见相邻行，不凭字形任选。,CN-PHON-D329,1-50,1954,zhēng,
挣,zhèng,1用力使自己摆脱束缚;2用劳动换取,1挣脱;2挣钱,先解释完整原词，再对应本行读音；同字其他读音见相邻行，不凭字形任选。,CN-PHON-D330,1-50,1954,zhèng,
识,zhì,1记;2记号,1博闻强识;2款识,先解释完整原词，再对应本行读音；同字其他读音见相邻行，不凭字形任选。,CN-PHON-D331,1-50,1954,zhì,
识,shí,"1知道,了解;2认识;3见识,知识",1识趣;2识字;3卓识,先解释完整原词，再对应本行读音；同字其他读音见相邻行，不凭字形任选。,CN-PHON-D332,1-50,1954,shí,
中,zhōng,"1跟四周的距离相等,中心;2指中国;3范围内,内部;4位置在两端之间的;5不偏不倚;6适于,合于",1中央;2古今中外;3家中;4中指;5适中;6中用,先解释完整原词，再对应本行读音；同字其他读音见相邻行，不凭字形任选。,CN-PHON-D333,1-50,1954,zhōng,
中,zhòng,"1正对上,恰好合上;2受到,遭受",1中选;2中伤,先解释完整原词，再对应本行读音；同字其他读音见相邻行，不凭字形任选。,CN-PHON-D334,1-50,1954,zhòng,
转,zhuǎn,改换方向、位置、形势、情况等,转身、转移,先解释完整原词，再对应本行读音；同字其他读音见相邻行，不凭字形任选。,CN-PHON-D335,1-50,1954,zhuǎn,
转,zhuàn,"绕着某物移动,打转",转动、转圈,先解释完整原词，再对应本行读音；同字其他读音见相邻行，不凭字形任选。,CN-PHON-D336,1-50,1954,zhuàn,
