字,拼音,原词例,读写联系,来源编号,原文行号,实际PDF页码,恢复说明
哀,āi,悲哀,读āi，在“悲哀”中用“哀”；先认完整原词，再核该字的部件和笔画，不把读音相同当可互换。,CN-HAN-W001,2274,36,
衰,shuāi,衰老,读shuāi，在“衰老”中用“衰”；先认完整原词，再核该字的部件和笔画，不把读音相同当可互换。,CN-HAN-W002,2275,36,
衷,zhōng,衷心,读zhōng，在“衷心”中用“衷”；先认完整原词，再核该字的部件和笔画，不把读音相同当可互换。,CN-HAN-W003,2276,36,
蔼,ǎi,和蔼,读ǎi，在“和蔼”中用“蔼”；先认完整原词，再核该字的部件和笔画，不把读音相同当可互换。,CN-HAN-W004,2278,36,
霭,ǎi,暮霭,读ǎi，在“暮霭”中用“霭”；先认完整原词，再核该字的部件和笔画，不把读音相同当可互换。,CN-HAN-W005,2279,36,
谙,ān,谙熟,读ān，在“谙熟”中用“谙”；先认完整原词，再核该字的部件和笔画，不把读音相同当可互换。,CN-HAN-W006,2283,36,本行按原页恢复；原OCR见章外勘误表。
暗,àn,灰暗,读àn，在“灰暗”中用“暗”；先认完整原词，再核该字的部件和笔画，不把读音相同当可互换。,CN-HAN-W007,2284,36,
黯,àn,黯然,读àn，在“黯然”中用“黯”；先认完整原词，再核该字的部件和笔画，不把读音相同当可互换。,CN-HAN-W008,2285,36,
隘,ài,关隘,读ài，在“关隘”中用“隘”；先认完整原词，再核该字的部件和笔画，不把读音相同当可互换。,CN-HAN-W009,2287,36,
溢,yì,溢出,读yì，在“溢出”中用“溢”；先认完整原词，再核该字的部件和笔画，不把读音相同当可互换。,CN-HAN-W010,2288,36,
班,bān,班级,读bān，在“班级”中用“班”；先认完整原词，再核该字的部件和笔画，不把读音相同当可互换。,CN-HAN-W011,2292,36,
斑,bān,斑点,读bān，在“斑点”中用“斑”；先认完整原词，再核该字的部件和笔画，不把读音相同当可互换。,CN-HAN-W012,2293,36,
薄,bó,薄弱,读bó，在“薄弱”中用“薄”；先认完整原词，再核该字的部件和笔画，不把读音相同当可互换。,CN-HAN-W013,2295,36,
簿,bù,账簿,读bù，在“账簿”中用“簿”；先认完整原词，再核该字的部件和笔画，不把读音相同当可互换。,CN-HAN-W014,2296,36,
板,bǎn,木板,读bǎn，在“木板”中用“板”；先认完整原词，再核该字的部件和笔画，不把读音相同当可互换。,CN-HAN-W015,2298,36,
版,bǎn,出版,读bǎn，在“出版”中用“版”；先认完整原词，再核该字的部件和笔画，不把读音相同当可互换。,CN-HAN-W016,2299,36,
扳,bān,扳手,读bān，在“扳手”中用“扳”；先认完整原词，再核该字的部件和笔画，不把读音相同当可互换。,CN-HAN-W017,2300,36,
弊,bì,作弊,读bì，在“作弊”中用“弊”；先认完整原词，再核该字的部件和笔画，不把读音相同当可互换。,CN-HAN-W018,2302,36,
敝,bì,凋敝,读bì，在“凋敝”中用“敝”；先认完整原词，再核该字的部件和笔画，不把读音相同当可互换。,CN-HAN-W019,2303,36,
憋,biē,憋气,读biē，在“憋气”中用“憋”；先认完整原词，再核该字的部件和笔画，不把读音相同当可互换。,CN-HAN-W020,2304,36,本行按原页恢复；原OCR见章外勘误表。
蔽,bì,隐蔽,读bì，在“隐蔽”中用“蔽”；先认完整原词，再核该字的部件和笔画，不把读音相同当可互换。,CN-HAN-W021,2305,36,
拔,bá,拔河,读bá，在“拔河”中用“拔”；先认完整原词，再核该字的部件和笔画，不把读音相同当可互换。,CN-HAN-W022,2307,36,本行按原页恢复；原OCR见章外勘误表。
拨,bō,拨算盘,读bō，在“拨算盘”中用“拨”；先认完整原词，再核该字的部件和笔画，不把读音相同当可互换。,CN-HAN-W022,2307,36,本行按原页恢复；原OCR见章外勘误表。
壁,bì,墙壁,读bì，在“墙壁”中用“壁”；先认完整原词，再核该字的部件和笔画，不把读音相同当可互换。,CN-HAN-W024,2309,36,本行按原页恢复；原OCR见章外勘误表。
璧,bì,玉璧,读bì，在“玉璧”中用“璧”；先认完整原词，再核该字的部件和笔画，不把读音相同当可互换。,CN-HAN-W024,2309,36,本行按原页恢复；原OCR见章外勘误表。
辩,biàn,辩解,读biàn，在“辩解”中用“辩”；先认完整原词，再核该字的部件和笔画，不把读音相同当可互换。,CN-HAN-W026,2311,36,本行按原页恢复；原OCR见章外勘误表。
辨,biàn,辨别,读biàn，在“辨别”中用“辨”；先认完整原词，再核该字的部件和笔画，不把读音相同当可互换。,CN-HAN-W026,2311,36,本行按原页恢复；原OCR见章外勘误表。
辫,biàn,辫子,读biàn，在“辫子”中用“辫”；先认完整原词，再核该字的部件和笔画，不把读音相同当可互换。,CN-HAN-W026,2311,36,本行按原页恢复；原OCR见章外勘误表。
拌,bàn,搅拌,读bàn，在“搅拌”中用“拌”；先认完整原词，再核该字的部件和笔画，不把读音相同当可互换。,CN-HAN-W029,2313,36,
绊,bàn,牵绊,读bàn，在“牵绊”中用“绊”；先认完整原词，再核该字的部件和笔画，不把读音相同当可互换。,CN-HAN-W030,2314,36,
悖,bèi,并行不悖,读bèi，在“并行不悖”中用“悖”；先认完整原词，再核该字的部件和笔画，不把读音相同当可互换。,CN-HAN-W031,2316,36,
脖,bó,脖子,读bó，在“脖子”中用“脖”；先认完整原词，再核该字的部件和笔画，不把读音相同当可互换。,CN-HAN-W032,2317,36,
婢,bì,奴婢,读bì，在“奴婢”中用“婢”；先认完整原词，再核该字的部件和笔画，不把读音相同当可互换。,CN-HAN-W033,2319,36,
碑,bēi,纪念碑,读bēi，在“纪念碑”中用“碑”；先认完整原词，再核该字的部件和笔画，不把读音相同当可互换。,CN-HAN-W034,2320,36,
啤,pí,啤酒,读pí，在“啤酒”中用“啤”；先认完整原词，再核该字的部件和笔画，不把读音相同当可互换。,CN-HAN-W035,2321,36,
傍,bàng,傍晚,读bàng，在“傍晚”中用“傍”；先认完整原词，再核该字的部件和笔画，不把读音相同当可互换。,CN-HAN-W036,2323,36,
膀,bǎng,肩膀,读bǎng，在“肩膀”中用“膀”；先认完整原词，再核该字的部件和笔画，不把读音相同当可互换。,CN-HAN-W037,2324,36,
榜,bǎng,榜样,读bǎng，在“榜样”中用“榜”；先认完整原词，再核该字的部件和笔画，不把读音相同当可互换。,CN-HAN-W038,2325,36,
滂,pāng,滂沱,读pāng，在“滂沱”中用“滂”；先认完整原词，再核该字的部件和笔画，不把读音相同当可互换。,CN-HAN-W039,2326,36,
爆,bào,爆笑,读bào，在“爆笑”中用“爆”；先认完整原词，再核该字的部件和笔画，不把读音相同当可互换。,CN-HAN-W040,2328,36,
曝,bào,曝光,读bào，在“曝光”中用“曝”；先认完整原词，再核该字的部件和笔画，不把读音相同当可互换。,CN-HAN-W041,2329,36,
焙,bèi,烘焙,读bèi，在“烘焙”中用“焙”；先认完整原词，再核该字的部件和笔画，不把读音相同当可互换。,CN-HAN-W042,2331,36,
培,péi,培育,读péi，在“培育”中用“培”；先认完整原词，再核该字的部件和笔画，不把读音相同当可互换。,CN-HAN-W043,2332,36,
哺,bǔ,哺育,读bǔ，在“哺育”中用“哺”；先认完整原词，再核该字的部件和笔画，不把读音相同当可互换。,CN-HAN-W044,2334,36,
匍,pú,匍匐,读pú，在“匍匐”中用“匍”；先认完整原词，再核该字的部件和笔画，不把读音相同当可互换。,CN-HAN-W045,2335,36,
圃,pǔ,花圃,读pǔ，在“花圃”中用“圃”；先认完整原词，再核该字的部件和笔画，不把读音相同当可互换。,CN-HAN-W046,2336,36,
侧,cè,侧面,读cè，在“侧面”中用“侧”；先认完整原词，再核该字的部件和笔画，不把读音相同当可互换。,CN-HAN-W047,2340,36,本行按原页恢复；原OCR见章外勘误表。
测,cè,测试,读cè，在“测试”中用“测”；先认完整原词，再核该字的部件和笔画，不把读音相同当可互换。,CN-HAN-W047,2340,36,本行按原页恢复；原OCR见章外勘误表。
恻,cè,恻隐,读cè，在“恻隐”中用“恻”；先认完整原词，再核该字的部件和笔画，不把读音相同当可互换。,CN-HAN-W047,2340,36,本行按原页恢复；原OCR见章外勘误表。
磁,cí,磁铁,读cí，在“磁铁”中用“磁”；先认完整原词，再核该字的部件和笔画，不把读音相同当可互换。,CN-HAN-W050,2342,36,本行按原页恢复；原OCR见章外勘误表。
滋,zī,潜滋暗长,读zī，在“潜滋暗长”中用“滋”；先认完整原词，再核该字的部件和笔画，不把读音相同当可互换。,CN-HAN-W050,2342,36,本行按原页恢复；原OCR见章外勘误表。
徜,cháng,徜徉,读cháng，在“徜徉”中用“徜”；先认完整原词，再核该字的部件和笔画，不把读音相同当可互换。,CN-HAN-W050,2342,36,本行按原页恢复；原OCR见章外勘误表。
淌,tǎng,流淌,读tǎng，在“流淌”中用“淌”；先认完整原词，再核该字的部件和笔画，不把读音相同当可互换。,CN-HAN-W050,2342,36,本行按原页恢复；原OCR见章外勘误表。
绰,chuò,阔绰,读chuò，在“阔绰”中用“绰”；先认完整原词，再核该字的部件和笔画，不把读音相同当可互换。,CN-HAN-W054,2344,36,
悼,dào,悼念,读dào，在“悼念”中用“悼”；先认完整原词，再核该字的部件和笔画，不把读音相同当可互换。,CN-HAN-W055,2345,36,
淖,nào,泥淖,读nào，在“泥淖”中用“淖”；先认完整原词，再核该字的部件和笔画，不把读音相同当可互换。,CN-HAN-W056,2346,36,
掺,chān,掺杂,读chān，在“掺杂”中用“掺”；先认完整原词，再核该字的部件和笔画，不把读音相同当可互换。,CN-HAN-W057,2348,36,本行按原页恢复；原OCR见章外勘误表。
渗,shèn,渗水,读shèn，在“渗水”中用“渗”；先认完整原词，再核该字的部件和笔画，不把读音相同当可互换。,CN-HAN-W057,2348,36,本行按原页恢复；原OCR见章外勘误表。
伥,chāng,为虎作伥,读chāng，在“为虎作伥”中用“伥”；先认完整原词，再核该字的部件和笔画，不把读音相同当可互换。,CN-HAN-W057,2348,36,本行按原页恢复；原OCR见章外勘误表。
怅,chàng,惆怅,读chàng，在“惆怅”中用“怅”；先认完整原词，再核该字的部件和笔画，不把读音相同当可互换。,CN-HAN-W057,2348,36,本行按原页恢复；原OCR见章外勘误表。
雏,chú,雏形,读chú，在“雏形”中用“雏”；先认完整原词，再核该字的部件和笔画，不把读音相同当可互换。,CN-HAN-W061,2350,36,
稚,zhì,幼稚,读zhì，在“幼稚”中用“稚”；先认完整原词，再核该字的部件和笔画，不把读音相同当可互换。,CN-HAN-W062,2351,36,
雉,zhì,雉鸡,读zhì，在“雉鸡”中用“雉”；先认完整原词，再核该字的部件和笔画，不把读音相同当可互换。,CN-HAN-W063,2352,36,本行按原页恢复；原OCR见章外勘误表。
雅,yǎ,高雅,读yǎ，在“高雅”中用“雅”；先认完整原词，再核该字的部件和笔画，不把读音相同当可互换。,CN-HAN-W064,2353,36,
蹉,cuō,蹉跎,读cuō，在“蹉跎”中用“蹉”；先认完整原词，再核该字的部件和笔画，不把读音相同当可互换。,CN-HAN-W065,2355,36,本行按原页恢复；原OCR见章外勘误表。
磋,cuō,磋商,读cuō，在“磋商”中用“磋”；先认完整原词，再核该字的部件和笔画，不把读音相同当可互换。,CN-HAN-W066,2356,36,
嗟,jiē,嗟叹,读jiē，在“嗟叹”中用“嗟”；先认完整原词，再核该字的部件和笔画，不把读音相同当可互换。,CN-HAN-W067,2357,36,
裁,cái,裁判,读cái，在“裁判”中用“裁”；先认完整原词，再核该字的部件和笔画，不把读音相同当可互换。,CN-HAN-W068,2359,36,
栽,zāi,栽培,读zāi，在“栽培”中用“栽”；先认完整原词，再核该字的部件和笔画，不把读音相同当可互换。,CN-HAN-W069,2360,36,
载,zǎi,记载,读zǎi，在“记载”中用“载”；先认完整原词，再核该字的部件和笔画，不把读音相同当可互换。,CN-HAN-W070,2361,36,
猝,cù,猝不及防,读cù，在“猝不及防”中用“猝”；先认完整原词，再核该字的部件和笔画，不把读音相同当可互换。,CN-HAN-W071,2363,36,
瘁,cuì,鞠躬尽瘁,读cuì，在“鞠躬尽瘁”中用“瘁”；先认完整原词，再核该字的部件和笔画，不把读音相同当可互换。,CN-HAN-W072,2364,36,
萃,cuì,荟萃,读cuì，在“荟萃”中用“萃”；先认完整原词，再核该字的部件和笔画，不把读音相同当可互换。,CN-HAN-W073,2365,36,本行按原页恢复；原OCR见章外勘误表。
粹,cuì,国粹,读cuì，在“国粹”中用“粹”；先认完整原词，再核该字的部件和笔画，不把读音相同当可互换。,CN-HAN-W074,2366,36,
诧,chà,诧异,读chà，在“诧异”中用“诧”；先认完整原词，再核该字的部件和笔画，不把读音相同当可互换。,CN-HAN-W075,2368,36,
咤,zhà,叱咤,读zhà，在“叱咤”中用“咤”；先认完整原词，再核该字的部件和笔画，不把读音相同当可互换。,CN-HAN-W076,2369,36,
姹,chà,姹紫嫣红,读chà，在“姹紫嫣红”中用“姹”；先认完整原词，再核该字的部件和笔画，不把读音相同当可互换。,CN-HAN-W077,2370,36,
踹,chuài,踹门,读chuài，在“踹门”中用“踹”；先认完整原词，再核该字的部件和笔画，不把读音相同当可互换。,CN-HAN-W078,2372,36,本行按原页恢复；原OCR见章外勘误表。
喘,chuǎn,喘气,读chuǎn，在“喘气”中用“喘”；先认完整原词，再核该字的部件和笔画，不把读音相同当可互换。,CN-HAN-W079,2373,36,
揣,chuǎi,揣度,读chuǎi，在“揣度”中用“揣”；先认完整原词，再核该字的部件和笔画，不把读音相同当可互换。,CN-HAN-W080,2374,36,
惴,zhuì,惴惴不安,读zhuì，在“惴惴不安”中用“惴”；先认完整原词，再核该字的部件和笔画，不把读音相同当可互换。,CN-HAN-W081,2375,36,本行按原页恢复；原OCR见章外勘误表。
搀,chān,搀扶,读chān，在“搀扶”中用“搀”；先认完整原词，再核该字的部件和笔画，不把读音相同当可互换。,CN-HAN-W082,2377,36,本行按原页恢复；原OCR见章外勘误表。
馋,chán,嘴馋,读chán，在“嘴馋”中用“馋”；先认完整原词，再核该字的部件和笔画，不把读音相同当可互换。,CN-HAN-W083,2378,36,
谗,chán,谗言,读chán，在“谗言”中用“谗”；先认完整原词，再核该字的部件和笔画，不把读音相同当可互换。,CN-HAN-W084,2379,36,本行按原页恢复；原OCR见章外勘误表。
蹿,cuān,蹿升,读cuān，在“蹿升”中用“蹿”；先认完整原词，再核该字的部件和笔画，不把读音相同当可互换。,CN-HAN-W085,2381,36,
撺,cuān,撺掇,读cuān，在“撺掇”中用“撺”；先认完整原词，再核该字的部件和笔画，不把读音相同当可互换。,CN-HAN-W086,2382,36,本行按原页恢复；原OCR见章外勘误表。
窜,cuàn,逃窜,读cuàn，在“逃窜”中用“窜”；先认完整原词，再核该字的部件和笔画，不把读音相同当可互换。,CN-HAN-W087,2383,36,
嗔,chēn,嗔怪,读chēn，在“嗔怪”中用“嗔”；先认完整原词，再核该字的部件和笔画，不把读音相同当可互换。,CN-HAN-W088,2385,36,
慎,shèn,谨慎,读shèn，在“谨慎”中用“慎”；先认完整原词，再核该字的部件和笔画，不把读音相同当可互换。,CN-HAN-W089,2386,36,
缜,zhěn,缜密,读zhěn，在“缜密”中用“缜”；先认完整原词，再核该字的部件和笔画，不把读音相同当可互换。,CN-HAN-W090,2387,36,本行按原页恢复；原OCR见章外勘误表。
滇,diān,滇红,读diān，在“滇红”中用“滇”；先认完整原词，再核该字的部件和笔画，不把读音相同当可互换。,CN-HAN-W091,2388,36,
沧,cāng,沧桑,读cāng，在“沧桑”中用“沧”；先认完整原词，再核该字的部件和笔画，不把读音相同当可互换。,CN-HAN-W092,2390,36,
怆,chuàng,怆然,读chuàng，在“怆然”中用“怆”；先认完整原词，再核该字的部件和笔画，不把读音相同当可互换。,CN-HAN-W093,2391,36,本行按原页恢复；原OCR见章外勘误表。
抢,qiǎng,抢夺,读qiǎng，在“抢夺”中用“抢”；先认完整原词，再核该字的部件和笔画，不把读音相同当可互换。,CN-HAN-W094,2392,36,
吨,dūn,吨位,读dūn，在“吨位”中用“吨”；先认完整原词，再核该字的部件和笔画，不把读音相同当可互换。,CN-HAN-W095,2396,36,
盹,dǔn,打盹儿,读dǔn，在“打盹儿”中用“盹”；先认完整原词，再核该字的部件和笔画，不把读音相同当可互换。,CN-HAN-W096,2397,36,
钝,dùn,迟钝,读dùn，在“迟钝”中用“钝”；先认完整原词，再核该字的部件和笔画，不把读音相同当可互换。,CN-HAN-W097,2398,36,
沌,dùn,混沌,读dùn，在“混沌”中用“沌”；先认完整原词，再核该字的部件和笔画，不把读音相同当可互换。,CN-HAN-W098,2399,36,
纯,chún,纯粹,读chún，在“纯粹”中用“纯”；先认完整原词，再核该字的部件和笔画，不把读音相同当可互换。,CN-HAN-W099,2400,36,
惦,diàn,惦记,读diàn，在“惦记”中用“惦”；先认完整原词，再核该字的部件和笔画，不把读音相同当可互换。,CN-HAN-W100,2402,36,本行按原页恢复；原OCR见章外勘误表。
掂,diān,掂量,读diān，在“掂量”中用“掂”；先认完整原词，再核该字的部件和笔画，不把读音相同当可互换。,CN-HAN-W101,2403,36,本行按原页恢复；原OCR见章外勘误表。
踮,diǎn,踮脚,读diǎn，在“踮脚”中用“踮”；先认完整原词，再核该字的部件和笔画，不把读音相同当可互换。,CN-HAN-W102,2404,36,本行按原页恢复；原OCR见章外勘误表。
诋,dǐ,诋毁,读dǐ，在“诋毁”中用“诋”；先认完整原词，再核该字的部件和笔画，不把读音相同当可互换。,CN-HAN-W103,2406,36,
砥,dǐ,坦荡如砥,读dǐ，在“坦荡如砥”中用“砥”；先认完整原词，再核该字的部件和笔画，不把读音相同当可互换。,CN-HAN-W104,2407,36,
抵,dǐ,抵达,读dǐ，在“抵达”中用“抵”；先认完整原词，再核该字的部件和笔画，不把读音相同当可互换。,CN-HAN-W105,2408,36,
椟,dú,买椟还珠,读dú，在“买椟还珠”中用“椟”；先认完整原词，再核该字的部件和笔画，不把读音相同当可互换。,CN-HAN-W106,2410,36,
牍,dú,案牍,读dú，在“案牍”中用“牍”；先认完整原词，再核该字的部件和笔画，不把读音相同当可互换。,CN-HAN-W107,2411,36,
犊,dú,牛犊,读dú，在“牛犊”中用“犊”；先认完整原词，再核该字的部件和笔画，不把读音相同当可互换。,CN-HAN-W108,2412,36,
渎,dú,渎职,读dú，在“渎职”中用“渎”；先认完整原词，再核该字的部件和笔画，不把读音相同当可互换。,CN-HAN-W109,2413,36,
赎,shú,赎罪,读shú，在“赎罪”中用“赎”；先认完整原词，再核该字的部件和笔画，不把读音相同当可互换。,CN-HAN-W110,2414,36,
玷,diàn,玷污,读diàn，在“玷污”中用“玷”；先认完整原词，再核该字的部件和笔画，不把读音相同当可互换。,CN-HAN-W111,2416,36,
粘,zhān,粘贴,读zhān，在“粘贴”中用“粘”；先认完整原词，再核该字的部件和笔画，不把读音相同当可互换。,CN-HAN-W112,2417,36,
拈,niān,拈轻怕重,读niān，在“拈轻怕重”中用“拈”；先认完整原词，再核该字的部件和笔画，不把读音相同当可互换。,CN-HAN-W113,2418,36,
沾,zhān,沾光,读zhān，在“沾光”中用“沾”；先认完整原词，再核该字的部件和笔画，不把读音相同当可互换。,CN-HAN-W114,2419,36,
站,zhàn,站立,读zhàn，在“站立”中用“站”；先认完整原词，再核该字的部件和笔画，不把读音相同当可互换。,CN-HAN-W115,2420,36,
端,duān,端正,读duān，在“端正”中用“端”；先认完整原词，再核该字的部件和笔画，不把读音相同当可互换。,CN-HAN-W116,2422,36,
湍,tuān,湍急,读tuān，在“湍急”中用“湍”；先认完整原词，再核该字的部件和笔画，不把读音相同当可互换。,CN-HAN-W117,2423,36,
瑞,ruì,瑞雪,读ruì，在“瑞雪”中用“瑞”；先认完整原词，再核该字的部件和笔画，不把读音相同当可互换。,CN-HAN-W118,2424,36,
诞,dàn,诞生,读dàn，在“诞生”中用“诞”；先认完整原词，再核该字的部件和笔画，不把读音相同当可互换。,CN-HAN-W119,2426,36,本行按原页恢复；原OCR见章外勘误表。
涎,xián,垂涎,读xián，在“垂涎”中用“涎”；先认完整原词，再核该字的部件和笔画，不把读音相同当可互换。,CN-HAN-W119,2426,36,本行按原页恢复；原OCR见章外勘误表。
筵,yán,筵席,读yán，在“筵席”中用“筵”；先认完整原词，再核该字的部件和笔画，不把读音相同当可互换。,CN-HAN-W119,2426,36,本行按原页恢复；原OCR见章外勘误表。
惮,dàn,肆无忌惮,读dàn，在“肆无忌惮”中用“惮”；先认完整原词，再核该字的部件和笔画，不把读音相同当可互换。,CN-HAN-W122,2428,36,
阐,chǎn,阐述,读chǎn，在“阐述”中用“阐”；先认完整原词，再核该字的部件和笔画，不把读音相同当可互换。,CN-HAN-W123,2429,36,
禅,chán,禅师,读chán，在“禅师”中用“禅”；先认完整原词，再核该字的部件和笔画，不把读音相同当可互换。,CN-HAN-W124,2430,36,
殚,dān,殚精竭虑,读dān，在“殚精竭虑”中用“殚”；先认完整原词，再核该字的部件和笔画，不把读音相同当可互换。,CN-HAN-W125,2431,36,
箪,dān,箪食,读dān，在“箪食”中用“箪”；先认完整原词，再核该字的部件和笔画，不把读音相同当可互换。,CN-HAN-W126,2432,36,本行按原页恢复；原OCR见章外勘误表。
谍,dié,间谍,读dié，在“间谍”中用“谍”；先认完整原词，再核该字的部件和笔画，不把读音相同当可互换。,CN-HAN-W127,2434,37,
牒,dié,通牒,读dié，在“通牒”中用“牒”；先认完整原词，再核该字的部件和笔画，不把读音相同当可互换。,CN-HAN-W128,2435,37,
碟,dié,碟片,读dié，在“碟片”中用“碟”；先认完整原词，再核该字的部件和笔画，不把读音相同当可互换。,CN-HAN-W129,2436,37,
喋,dié,喋喋不休,读dié，在“喋喋不休”中用“喋”；先认完整原词，再核该字的部件和笔画，不把读音相同当可互换。,CN-HAN-W130,2437,37,
祷,dǎo,祈祷,读dǎo，在“祈祷”中用“祷”；先认完整原词，再核该字的部件和笔画，不把读音相同当可互换。,CN-HAN-W131,2439,37,
踌,chóu,踌躇,读chóu，在“踌躇”中用“踌”；先认完整原词，再核该字的部件和笔画，不把读音相同当可互换。,CN-HAN-W132,2440,37,
畴,chóu,田畴,读chóu，在“田畴”中用“畴”；先认完整原词，再核该字的部件和笔画，不把读音相同当可互换。,CN-HAN-W133,2441,37,
涛,tāo,波涛,读tāo，在“波涛”中用“涛”；先认完整原词，再核该字的部件和笔画，不把读音相同当可互换。,CN-HAN-W134,2442,37,
防,fáng,防御,读fáng，在“防御”中用“防”；先认完整原词，再核该字的部件和笔画，不把读音相同当可互换。,CN-HAN-W135,2444,37,
仿,fǎng,仿佛,读fǎng，在“仿佛”中用“仿”；先认完整原词，再核该字的部件和笔画，不把读音相同当可互换。,CN-HAN-W136,2445,37,
妨,fáng,妨碍,读fáng，在“妨碍”中用“妨”；先认完整原词，再核该字的部件和笔画，不把读音相同当可互换。,CN-HAN-W137,2446,37,
副,fù,副业,读fù，在“副业”中用“副”；先认完整原词，再核该字的部件和笔画，不把读音相同当可互换。,CN-HAN-W138,2447,37,
幅,fú,幅度,读fú，在“幅度”中用“幅”；先认完整原词，再核该字的部件和笔画，不把读音相同当可互换。,CN-HAN-W139,2448,37,
辐,fú,辐射,读fú，在“辐射”中用“辐”；先认完整原词，再核该字的部件和笔画，不把读音相同当可互换。,CN-HAN-W140,2449,37,
福,fú,福气,读fú，在“福气”中用“福”；先认完整原词，再核该字的部件和笔画，不把读音相同当可互换。,CN-HAN-W141,2450,37,
蝠,fú,蝙蝠,读fú，在“蝙蝠”中用“蝠”；先认完整原词，再核该字的部件和笔画，不把读音相同当可互换。,CN-HAN-W142,2451,37,
付,fù,交付,读fù，在“交付”中用“付”；先认完整原词，再核该字的部件和笔画，不把读音相同当可互换。,CN-HAN-W143,2455,37,
附,fù,附近,读fù，在“附近”中用“附”；先认完整原词，再核该字的部件和笔画，不把读音相同当可互换。,CN-HAN-W144,2456,37,
俯,fǔ,俯视,读fǔ，在“俯视”中用“俯”；先认完整原词，再核该字的部件和笔画，不把读音相同当可互换。,CN-HAN-W145,2457,37,
砝,fǎ,砝码,读fǎ，在“砝码”中用“砝”；先认完整原词，再核该字的部件和笔画，不把读音相同当可互换。,CN-HAN-W146,2458,37,
珐,fà,珐琅,读fà，在“珐琅”中用“珐”；先认完整原词，再核该字的部件和笔画，不把读音相同当可互换。,CN-HAN-W147,2459,37,
法,fǎ,法律,读fǎ，在“法律”中用“法”；先认完整原词，再核该字的部件和笔画，不把读音相同当可互换。,CN-HAN-W148,2460,37,
劫,jié,劫难,读jié，在“劫难”中用“劫”；先认完整原词，再核该字的部件和笔画，不把读音相同当可互换。,CN-HAN-W149,2461,37,
怯,qiè,胆怯,读qiè，在“胆怯”中用“怯”；先认完整原词，再核该字的部件和笔画，不把读音相同当可互换。,CN-HAN-W150,2462,37,
概,gài,气概,读gài，在“气概”中用“概”；先认完整原词，再核该字的部件和笔画，不把读音相同当可互换。,CN-HAN-W151,2464,37,
慨,kǎi,慷慨,读kǎi，在“慷慨”中用“慨”；先认完整原词，再核该字的部件和笔画，不把读音相同当可互换。,CN-HAN-W152,2465,37,
溉,gài,灌溉,读gài，在“灌溉”中用“溉”；先认完整原词，再核该字的部件和笔画，不把读音相同当可互换。,CN-HAN-W153,2466,37,
埂,gěng,田埂,读gěng，在“田埂”中用“埂”；先认完整原词，再核该字的部件和笔画，不把读音相同当可互换。,CN-HAN-W154,2467,37,
梗,gěng,梗概,读gěng，在“梗概”中用“梗”；先认完整原词，再核该字的部件和笔画，不把读音相同当可互换。,CN-HAN-W155,2468,37,
哽,gěng,哽咽,读gěng，在“哽咽”中用“哽”；先认完整原词，再核该字的部件和笔画，不把读音相同当可互换。,CN-HAN-W156,2469,37,
胳,gē,胳膊,读gē，在“胳膊”中用“胳”；先认完整原词，再核该字的部件和笔画，不把读音相同当可互换。,CN-HAN-W157,2470,37,
格,gé,格外,读gé，在“格外”中用“格”；先认完整原词，再核该字的部件和笔画，不把读音相同当可互换。,CN-HAN-W158,2471,37,
恪,kè,恪守,读kè，在“恪守”中用“恪”；先认完整原词，再核该字的部件和笔画，不把读音相同当可互换。,CN-HAN-W159,2472,37,
诟,gòu,诟病,读gòu，在“诟病”中用“诟”；先认完整原词，再核该字的部件和笔画，不把读音相同当可互换。,CN-HAN-W160,2473,37,
垢,gòu,污垢,读gòu，在“污垢”中用“垢”；先认完整原词，再核该字的部件和笔画，不把读音相同当可互换。,CN-HAN-W161,2474,37,
沟,gōu,沟通,读gōu，在“沟通”中用“沟”；先认完整原词，再核该字的部件和笔画，不把读音相同当可互换。,CN-HAN-W162,2478,37,
钓,diào,钓鱼,读diào，在“钓鱼”中用“钓”；先认完整原词，再核该字的部件和笔画，不把读音相同当可互换。,CN-HAN-W163,2479,37,
钩,gōu,铁钩,读gōu，在“铁钩”中用“钩”；先认完整原词，再核该字的部件和笔画，不把读音相同当可互换。,CN-HAN-W164,2480,37,
冠,guàn,冠军,读guàn，在“冠军”中用“冠”；先认完整原词，再核该字的部件和笔画，不把读音相同当可互换。,CN-HAN-W165,2482,37,
寇,kòu,敌寇,读kòu，在“敌寇”中用“寇”；先认完整原词，再核该字的部件和笔画，不把读音相同当可互换。,CN-HAN-W166,2483,37,
诡,guǐ,诡计,读guǐ，在“诡计”中用“诡”；先认完整原词，再核该字的部件和笔画，不把读音相同当可互换。,CN-HAN-W167,2485,37,
桅,wéi,桅杆,读wéi，在“桅杆”中用“桅”；先认完整原词，再核该字的部件和笔画，不把读音相同当可互换。,CN-HAN-W168,2486,37,
栀,zhī,栀子,读zhī，在“栀子”中用“栀”；先认完整原词，再核该字的部件和笔画，不把读音相同当可互换。,CN-HAN-W169,2487,37,
裹,guǒ,包裹,读guǒ，在“包裹”中用“裹”；先认完整原词，再核该字的部件和笔画，不把读音相同当可互换。,CN-HAN-W170,2488,37,
袤,mào,广袤,读mào，在“广袤”中用“袤”；先认完整原词，再核该字的部件和笔画，不把读音相同当可互换。,CN-HAN-W171,2489,37,
烘,hōng,烘托,读hōng，在“烘托”中用“烘”；先认完整原词，再核该字的部件和笔画，不把读音相同当可互换。,CN-HAN-W172,2491,37,
拱,gǒng,石拱桥,读gǒng，在“石拱桥”中用“拱”；先认完整原词，再核该字的部件和笔画，不把读音相同当可互换。,CN-HAN-W173,2492,37,
哄,hǒng,哄骗,读hǒng，在“哄骗”中用“哄”；先认完整原词，再核该字的部件和笔画，不把读音相同当可互换。,CN-HAN-W174,2493,37,
洪,hóng,洪水,读hóng，在“洪水”中用“洪”；先认完整原词，再核该字的部件和笔画，不把读音相同当可互换。,CN-HAN-W175,2494,37,
毫,háo,毫米,读háo，在“毫米”中用“毫”；先认完整原词，再核该字的部件和笔画，不把读音相同当可互换。,CN-HAN-W176,2495,37,
豪,háo,自豪,读háo，在“自豪”中用“豪”；先认完整原词，再核该字的部件和笔画，不把读音相同当可互换。,CN-HAN-W177,2496,37,
亳,Bó,亳州,读Bó，在“亳州”中用“亳”；先认完整原词，再核该字的部件和笔画，不把读音相同当可互换。,CN-HAN-W178,2497,37,
獾,huān,猪獾,读huān，在“猪獾”中用“獾”；先认完整原词，再核该字的部件和笔画，不把读音相同当可互换。,CN-HAN-W179,2498,37,
灌,guàn,灌木,读guàn，在“灌木”中用“灌”；先认完整原词，再核该字的部件和笔画，不把读音相同当可互换。,CN-HAN-W180,2499,37,
罐,guàn,罐头,读guàn，在“罐头”中用“罐”；先认完整原词，再核该字的部件和笔画，不把读音相同当可互换。,CN-HAN-W181,2500,37,
颧,quán,颧骨,读quán，在“颧骨”中用“颧”；先认完整原词，再核该字的部件和笔画，不把读音相同当可互换。,CN-HAN-W182,2501,37,
换,huàn,交换,读huàn，在“交换”中用“换”；先认完整原词，再核该字的部件和笔画，不把读音相同当可互换。,CN-HAN-W183,2505,37,
唤,huàn,呼唤,读huàn，在“呼唤”中用“唤”；先认完整原词，再核该字的部件和笔画，不把读音相同当可互换。,CN-HAN-W184,2506,37,
涣,huàn,涣散,读huàn，在“涣散”中用“涣”；先认完整原词，再核该字的部件和笔画，不把读音相同当可互换。,CN-HAN-W185,2507,37,
焕,huàn,焕然一新,读huàn，在“焕然一新”中用“焕”；先认完整原词，再核该字的部件和笔画，不把读音相同当可互换。,CN-HAN-W186,2508,37,
焊,hàn,焊接,读hàn，在“焊接”中用“焊”；先认完整原词，再核该字的部件和笔画，不把读音相同当可互换。,CN-HAN-W187,2509,37,
捍,hàn,捍卫,读hàn，在“捍卫”中用“捍”；先认完整原词，再核该字的部件和笔画，不把读音相同当可互换。,CN-HAN-W188,2510,37,
悍,hàn,强悍,读hàn，在“强悍”中用“悍”；先认完整原词，再核该字的部件和笔画，不把读音相同当可互换。,CN-HAN-W189,2511,37,
喝,hē,喝水,读hē，在“喝水”中用“喝”；先认完整原词，再核该字的部件和笔画，不把读音相同当可互换。,CN-HAN-W190,2512,37,
褐,hè,褐色,读hè，在“褐色”中用“褐”；先认完整原词，再核该字的部件和笔画，不把读音相同当可互换。,CN-HAN-W191,2513,37,
渴,kě,渴望,读kě，在“渴望”中用“渴”；先认完整原词，再核该字的部件和笔画，不把读音相同当可互换。,CN-HAN-W192,2514,37,
竭,jié,竭力,读jié，在“竭力”中用“竭”；先认完整原词，再核该字的部件和笔画，不把读音相同当可互换。,CN-HAN-W193,2515,37,
弧,hú,弧度,读hú，在“弧度”中用“弧”；先认完整原词，再核该字的部件和笔画，不把读音相同当可互换。,CN-HAN-W194,2517,37,
孤,gū,孤独,读gū，在“孤独”中用“孤”；先认完整原词，再核该字的部件和笔画，不把读音相同当可互换。,CN-HAN-W195,2518,37,
侯,hóu,诸侯,读hóu，在“诸侯”中用“侯”；先认完整原词，再核该字的部件和笔画，不把读音相同当可互换。,CN-HAN-W196,2519,37,
候,hòu,问候,读hòu，在“问候”中用“候”；先认完整原词，再核该字的部件和笔画，不把读音相同当可互换。,CN-HAN-W197,2520,37,
货,huò,货物,读huò，在“货物”中用“货”；先认完整原词，再核该字的部件和笔画，不把读音相同当可互换。,CN-HAN-W198,2522,37,
贷,dài,贷款,读dài，在“贷款”中用“贷”；先认完整原词，再核该字的部件和笔画，不把读音相同当可互换。,CN-HAN-W199,2523,37,
桓,huán,盘桓,读huán，在“盘桓”中用“桓”；先认完整原词，再核该字的部件和笔画，不把读音相同当可互换。,CN-HAN-W200,2524,37,
垣,yuán,断壁残垣,读yuán，在“断壁残垣”中用“垣”；先认完整原词，再核该字的部件和笔画，不把读音相同当可互换。,CN-HAN-W201,2525,37,
悔,huǐ,后悔,读huǐ，在“后悔”中用“悔”；先认完整原词，再核该字的部件和笔画，不把读音相同当可互换。,CN-HAN-W202,2527,37,
诲,huì,教诲,读huì，在“教诲”中用“诲”；先认完整原词，再核该字的部件和笔画，不把读音相同当可互换。,CN-HAN-W203,2528,37,
晦,huì,晦涩,读huì，在“晦涩”中用“晦”；先认完整原词，再核该字的部件和笔画，不把读音相同当可互换。,CN-HAN-W204,2529,37,
魂,hún,灵魂,读hún，在“灵魂”中用“魂”；先认完整原词，再核该字的部件和笔画，不把读音相同当可互换。,CN-HAN-W205,2530,37,
魄,pò,魄力,读pò，在“魄力”中用“魄”；先认完整原词，再核该字的部件和笔画，不把读音相同当可互换。,CN-HAN-W206,2531,37,
傀,kuǐ,傀儡,读kuǐ，在“傀儡”中用“傀”；先认完整原词，再核该字的部件和笔画，不把读音相同当可互换。,CN-HAN-W207,2532,37,本行按原页恢复；原OCR见章外勘误表。
骇,hài,骇人听闻,读hài，在“骇人听闻”中用“骇”；先认完整原词，再核该字的部件和笔画，不把读音相同当可互换。,CN-HAN-W208,2534,37,
咳,ké,咳嗽,读ké，在“咳嗽”中用“咳”；先认完整原词，再核该字的部件和笔画，不把读音相同当可互换。,CN-HAN-W209,2535,37,
赅,gāi,言简意赅,读gāi，在“言简意赅”中用“赅”；先认完整原词，再核该字的部件和笔画，不把读音相同当可互换。,CN-HAN-W210,2536,37,
骸,hái,骸骨,读hái，在“骸骨”中用“骸”；先认完整原词，再核该字的部件和笔画，不把读音相同当可互换。,CN-HAN-W211,2537,37,本行按原页恢复；原OCR见章外勘误表。
豢,huàn,豢养,读huàn，在“豢养”中用“豢”；先认完整原词，再核该字的部件和笔画，不把读音相同当可互换。,CN-HAN-W212,2538,37,本行按原页恢复；原OCR见章外勘误表。
眷,juàn,眷念,读juàn，在“眷念”中用“眷”；先认完整原词，再核该字的部件和笔画，不把读音相同当可互换。,CN-HAN-W213,2539,37,
誊,téng,誊写,读téng，在“誊写”中用“誊”；先认完整原词，再核该字的部件和笔画，不把读音相同当可互换。,CN-HAN-W214,2540,37,本行按原页恢复；原OCR见章外勘误表。
誉,yù,名誉,读yù，在“名誉”中用“誉”；先认完整原词，再核该字的部件和笔画，不把读音相同当可互换。,CN-HAN-W215,2541,37,
跻,jī,跻身,读jī，在“跻身”中用“跻”；先认完整原词，再核该字的部件和笔画，不把读音相同当可互换。,CN-HAN-W216,2545,37,
济,jǐ,济济一堂,读jǐ，在“济济一堂”中用“济”；先认完整原词，再核该字的部件和笔画，不把读音相同当可互换。,CN-HAN-W217,2546,37,
挤,jǐ,拥挤,读jǐ，在“拥挤”中用“挤”；先认完整原词，再核该字的部件和笔画，不把读音相同当可互换。,CN-HAN-W218,2547,37,
剂,jì,药剂,读jì，在“药剂”中用“剂”；先认完整原词，再核该字的部件和笔画，不把读音相同当可互换。,CN-HAN-W219,2548,37,
荠,jì,荠菜,读jì，在“荠菜”中用“荠”；先认完整原词，再核该字的部件和笔画，不把读音相同当可互换。,CN-HAN-W220,2549,37,
藉,jí,狼藉,读jí，在“狼藉”中用“藉”；先认完整原词，再核该字的部件和笔画，不把读音相同当可互换。,CN-HAN-W221,2551,37,
籍,jí,国籍,读jí，在“国籍”中用“籍”；先认完整原词，再核该字的部件和笔画，不把读音相同当可互换。,CN-HAN-W222,2552,37,
鉴,jiàn,鉴赏,读jiàn，在“鉴赏”中用“鉴”；先认完整原词，再核该字的部件和笔画，不把读音相同当可互换。,CN-HAN-W223,2554,37,
签,qiān,签订,读qiān，在“签订”中用“签”；先认完整原词，再核该字的部件和笔画，不把读音相同当可互换。,CN-HAN-W224,2555,37,
健,jiàn,健壮,读jiàn，在“健壮”中用“健”；先认完整原词，再核该字的部件和笔画，不把读音相同当可互换。,CN-HAN-W225,2557,37,
键,jiàn,关键,读jiàn，在“关键”中用“键”；先认完整原词，再核该字的部件和笔画，不把读音相同当可互换。,CN-HAN-W226,2558,37,
缉,jī,通缉,读jī，在“通缉”中用“缉”；先认完整原词，再核该字的部件和笔画，不把读音相同当可互换。,CN-HAN-W227,2560,37,
辑,jí,编辑,读jí，在“编辑”中用“辑”；先认完整原词，再核该字的部件和笔画，不把读音相同当可互换。,CN-HAN-W228,2561,37,
揖,yī,作揖,读yī，在“作揖”中用“揖”；先认完整原词，再核该字的部件和笔画，不把读音相同当可互换。,CN-HAN-W229,2562,37,
激,jī,激动,读jī，在“激动”中用“激”；先认完整原词，再核该字的部件和笔画，不把读音相同当可互换。,CN-HAN-W230,2564,37,
缴,jiǎo,缴纳,读jiǎo，在“缴纳”中用“缴”；先认完整原词，再核该字的部件和笔画，不把读音相同当可互换。,CN-HAN-W231,2565,37,
檄,xí,檄文,读xí，在“檄文”中用“檄”；先认完整原词，再核该字的部件和笔画，不把读音相同当可互换。,CN-HAN-W232,2566,37,
踞,jù,盘踞,读jù，在“盘踞”中用“踞”；先认完整原词，再核该字的部件和笔画，不把读音相同当可互换。,CN-HAN-W233,2568,37,
倨,jù,倨傲,读jù，在“倨傲”中用“倨”；先认完整原词，再核该字的部件和笔画，不把读音相同当可互换。,CN-HAN-W234,2569,37,本行按原页恢复；原OCR见章外勘误表。
据,jù,收据,读jù，在“收据”中用“据”；先认完整原词，再核该字的部件和笔画，不把读音相同当可互换。,CN-HAN-W235,2570,37,
假,jiǎ,假如,读jiǎ，在“假如”中用“假”；先认完整原词，再核该字的部件和笔画，不把读音相同当可互换。,CN-HAN-W236,2572,37,
瑕,xiá,瑕不掩瑜,读xiá，在“瑕不掩瑜”中用“瑕”；先认完整原词，再核该字的部件和笔画，不把读音相同当可互换。,CN-HAN-W237,2573,37,
暇,xiá,目不暇接,读xiá，在“目不暇接”中用“暇”；先认完整原词，再核该字的部件和笔画，不把读音相同当可互换。,CN-HAN-W238,2574,37,
遐,xiá,遐想,读xiá，在“遐想”中用“遐”；先认完整原词，再核该字的部件和笔画，不把读音相同当可互换。,CN-HAN-W239,2575,37,
诘,jié,反诘,读jié，在“反诘”中用“诘”；先认完整原词，再核该字的部件和笔画，不把读音相同当可互换。,CN-HAN-W240,2577,37,
秸,jiē,豆秸,读jiē，在“豆秸”中用“秸”；先认完整原词，再核该字的部件和笔画，不把读音相同当可互换。,CN-HAN-W241,2578,37,
拮,jié,拮据,读jié，在“拮据”中用“拮”；先认完整原词，再核该字的部件和笔画，不把读音相同当可互换。,CN-HAN-W242,2579,37,
洁,jié,洁净,读jié，在“洁净”中用“洁”；先认完整原词，再核该字的部件和笔画，不把读音相同当可互换。,CN-HAN-W243,2580,37,
结,jié,打结,读jié，在“打结”中用“结”；先认完整原词，再核该字的部件和笔画，不把读音相同当可互换。,CN-HAN-W244,2581,37,
俭,jiǎn,勤俭,读jiǎn，在“勤俭”中用“俭”；先认完整原词，再核该字的部件和笔画，不把读音相同当可互换。,CN-HAN-W245,2583,37,
捡,jiǎn,捡拾,读jiǎn，在“捡拾”中用“捡”；先认完整原词，再核该字的部件和笔画，不把读音相同当可互换。,CN-HAN-W246,2584,37,
均,jūn,平均,读jūn，在“平均”中用“均”；先认完整原词，再核该字的部件和笔画，不把读音相同当可互换。,CN-HAN-W247,2586,37,
钧,jūn,千钧一发,读jūn，在“千钧一发”中用“钧”；先认完整原词，再核该字的部件和笔画，不把读音相同当可互换。,CN-HAN-W248,2587,37,
竟,jìng,竟然,读jìng，在“竟然”中用“竟”；先认完整原词，再核该字的部件和笔画，不把读音相同当可互换。,CN-HAN-W249,2589,37,
竞,jìng,竞争,读jìng，在“竞争”中用“竞”；先认完整原词，再核该字的部件和笔画，不把读音相同当可互换。,CN-HAN-W250,2590,37,
睛,jīng,目不转睛,读jīng，在“目不转睛”中用“睛”；先认完整原词，再核该字的部件和笔画，不把读音相同当可互换。,CN-HAN-W251,2592,37,
情,qíng,感情,读qíng，在“感情”中用“情”；先认完整原词，再核该字的部件和笔画，不把读音相同当可互换。,CN-HAN-W252,2593,37,
晴,qíng,晴朗,读qíng，在“晴朗”中用“晴”；先认完整原词，再核该字的部件和笔画，不把读音相同当可互换。,CN-HAN-W253,2594,37,本行按原页恢复；原OCR见章外勘误表。
卷,juàn,案卷,读juàn，在“案卷”中用“卷”；先认完整原词，再核该字的部件和笔画，不把读音相同当可互换。,CN-HAN-W254,2596,37,
券,quàn,证券,读quàn，在“证券”中用“券”；先认完整原词，再核该字的部件和笔画，不把读音相同当可互换。,CN-HAN-W255,2597,37,
拳,quán,拳头,读quán，在“拳头”中用“拳”；先认完整原词，再核该字的部件和笔画，不把读音相同当可互换。,CN-HAN-W256,2598,37,
骄,jiāo,骄傲,读jiāo，在“骄傲”中用“骄”；先认完整原词，再核该字的部件和笔画，不把读音相同当可互换。,CN-HAN-W257,2600,37,
娇,jiāo,娇气,读jiāo，在“娇气”中用“娇”；先认完整原词，再核该字的部件和笔画，不把读音相同当可互换。,CN-HAN-W258,2601,37,
矫,jiǎo,矫正,读jiǎo，在“矫正”中用“矫”；先认完整原词，再核该字的部件和笔画，不把读音相同当可互换。,CN-HAN-W259,2602,37,
峻,jùn,严峻,读jùn，在“严峻”中用“峻”；先认完整原词，再核该字的部件和笔画，不把读音相同当可互换。,CN-HAN-W260,2604,37,
俊,jùn,英俊,读jùn，在“英俊”中用“俊”；先认完整原词，再核该字的部件和笔画，不把读音相同当可互换。,CN-HAN-W261,2605,37,
骏,jùn,骏马,读jùn，在“骏马”中用“骏”；先认完整原词，再核该字的部件和笔画，不把读音相同当可互换。,CN-HAN-W262,2606,37,
竣,jùn,竣工,读jùn，在“竣工”中用“竣”；先认完整原词，再核该字的部件和笔画，不把读音相同当可互换。,CN-HAN-W263,2607,37,
睑,jiǎn,眼睑,读jiǎn，在“眼睑”中用“睑”；先认完整原词，再核该字的部件和笔画，不把读音相同当可互换。,CN-HAN-W264,2609,38,
脸,liǎn,脸面,读liǎn，在“脸面”中用“脸”；先认完整原词，再核该字的部件和笔画，不把读音相同当可互换。,CN-HAN-W265,2611,38,
奖,jiǎng,奖励,读jiǎng，在“奖励”中用“奖”；先认完整原词，再核该字的部件和笔画，不把读音相同当可互换。,CN-HAN-W266,2613,38,
浆,jiāng,豆浆,读jiāng，在“豆浆”中用“浆”；先认完整原词，再核该字的部件和笔画，不把读音相同当可互换。,CN-HAN-W267,2615,38,
桨,jiǎng,船桨,读jiǎng，在“船桨”中用“桨”；先认完整原词，再核该字的部件和笔画，不把读音相同当可互换。,CN-HAN-W268,2617,38,
圾,jī,垃圾,读jī，在“垃圾”中用“圾”；先认完整原词，再核该字的部件和笔画，不把读音相同当可互换。,CN-HAN-W269,2619,38,
汲,jí,汲取,读jí，在“汲取”中用“汲”；先认完整原词，再核该字的部件和笔画，不把读音相同当可互换。,CN-HAN-W270,2621,38,
级,jí,年级,读jí，在“年级”中用“级”；先认完整原词，再核该字的部件和笔画，不把读音相同当可互换。,CN-HAN-W271,2623,38,
灸,jiǔ,针灸,读jiǔ，在“针灸”中用“灸”；先认完整原词，再核该字的部件和笔画，不把读音相同当可互换。,CN-HAN-W272,2625,38,
炙,zhì,炙烤,读zhì，在“炙烤”中用“炙”；先认完整原词，再核该字的部件和笔画，不把读音相同当可互换。,CN-HAN-W273,2627,38,
句,jù,词句,读jù，在“词句”中用“句”；先认完整原词，再核该字的部件和笔画，不把读音相同当可互换。,CN-HAN-W274,2629,38,
甸,diàn,草甸,读diàn，在“草甸”中用“甸”；先认完整原词，再核该字的部件和笔画，不把读音相同当可互换。,CN-HAN-W275,2631,38,
旬,xún,上旬,读xún，在“上旬”中用“旬”；先认完整原词，再核该字的部件和笔画，不把读音相同当可互换。,CN-HAN-W276,2633,38,
歼,jiān,歼灭,读jiān，在“歼灭”中用“歼”；先认完整原词，再核该字的部件和笔画，不把读音相同当可互换。,CN-HAN-W277,2635,38,
阡,qiān,阡陌,读qiān，在“阡陌”中用“阡”；先认完整原词，再核该字的部件和笔画，不把读音相同当可互换。,CN-HAN-W278,2637,38,
纤,xiān,纤维,读xiān，在“纤维”中用“纤”；先认完整原词，再核该字的部件和笔画，不把读音相同当可互换。,CN-HAN-W279,2639,38,
跨,kuà,跨国,读kuà，在“跨国”中用“跨”；先认完整原词，再核该字的部件和笔画，不把读音相同当可互换。,CN-HAN-W280,2643,38,
垮,kuǎ,垮台,读kuǎ，在“垮台”中用“垮”；先认完整原词，再核该字的部件和笔画，不把读音相同当可互换。,CN-HAN-W281,2645,38,
挎,kuà,挎包,读kuà，在“挎包”中用“挎”；先认完整原词，再核该字的部件和笔画，不把读音相同当可互换。,CN-HAN-W282,2647,38,本行按原页恢复；原OCR见章外勘误表。
胯,kuà,胯下,读kuà，在“胯下”中用“胯”；先认完整原词，再核该字的部件和笔画，不把读音相同当可互换。,CN-HAN-W283,2649,38,
快,kuài,快速,读kuài，在“快速”中用“快”；先认完整原词，再核该字的部件和笔画，不把读音相同当可互换。,CN-HAN-W284,2651,38,
块,kuài,块头,读kuài，在“块头”中用“块”；先认完整原词，再核该字的部件和笔画，不把读音相同当可互换。,CN-HAN-W285,2653,38,
决,jué,决定,读jué，在“决定”中用“决”；先认完整原词，再核该字的部件和笔画，不把读音相同当可互换。,CN-HAN-W286,2655,38,
诀,jué,诀别,读jué，在“诀别”中用“诀”；先认完整原词，再核该字的部件和笔画，不把读音相同当可互换。,CN-HAN-W287,2657,38,
旷,kuàng,旷日持久,读kuàng，在“旷日持久”中用“旷”；先认完整原词，再核该字的部件和笔画，不把读音相同当可互换。,CN-HAN-W288,2659,38,
犷,guǎng,粗犷,读guǎng，在“粗犷”中用“犷”；先认完整原词，再核该字的部件和笔画，不把读音相同当可互换。,CN-HAN-W289,2661,38,
扩,kuò,扩大,读kuò，在“扩大”中用“扩”；先认完整原词，再核该字的部件和笔画，不把读音相同当可互换。,CN-HAN-W290,2663,38,
矿,kuàng,铁矿,读kuàng，在“铁矿”中用“矿”；先认完整原词，再核该字的部件和笔画，不把读音相同当可互换。,CN-HAN-W291,2665,38,
抠,kōu,抠字眼,读kōu，在“抠字眼”中用“抠”；先认完整原词，再核该字的部件和笔画，不把读音相同当可互换。,CN-HAN-W292,2667,38,本行按原页恢复；原OCR见章外勘误表。
呕,ǒu,呕心沥血,读ǒu，在“呕心沥血”中用“呕”；先认完整原词，再核该字的部件和笔画，不把读音相同当可互换。,CN-HAN-W293,2669,38,
讴,ōu,讴歌,读ōu，在“讴歌”中用“讴”；先认完整原词，再核该字的部件和笔画，不把读音相同当可互换。,CN-HAN-W294,2671,38,
妪,yù,老妪,读yù，在“老妪”中用“妪”；先认完整原词，再核该字的部件和笔画，不把读音相同当可互换。,CN-HAN-W295,2673,38,
馈,kuì,馈赠,读kuì，在“馈赠”中用“馈”；先认完整原词，再核该字的部件和笔画，不把读音相同当可互换。,CN-HAN-W296,2675,38,
溃,kuì,溃退,读kuì，在“溃退”中用“溃”；先认完整原词，再核该字的部件和笔画，不把读音相同当可互换。,CN-HAN-W297,2677,38,
聩,kuì,振聋发聩,读kuì，在“振聋发聩”中用“聩”；先认完整原词，再核该字的部件和笔画，不把读音相同当可互换。,CN-HAN-W298,2679,38,
遗,yí,遗留,读yí，在“遗留”中用“遗”；先认完整原词，再核该字的部件和笔画，不把读音相同当可互换。,CN-HAN-W299,2681,38,
坑,kēng,坑害,读kēng，在“坑害”中用“坑”；先认完整原词，再核该字的部件和笔画，不把读音相同当可互换。,CN-HAN-W300,2683,38,
杭,Háng,杭州,读Háng，在“杭州”中用“杭”；先认完整原词，再核该字的部件和笔画，不把读音相同当可互换。,CN-HAN-W301,2685,38,
炕,kàng,炕沿,读kàng，在“炕沿”中用“炕”；先认完整原词，再核该字的部件和笔画，不把读音相同当可互换。,CN-HAN-W302,2687,38,
肮,āng,肮脏,读āng，在“肮脏”中用“肮”；先认完整原词，再核该字的部件和笔画，不把读音相同当可互换。,CN-HAN-W303,2689,38,
蜡,là,蜡笔,读là，在“蜡笔”中用“蜡”；先认完整原词，再核该字的部件和笔画，不把读音相同当可互换。,CN-HAN-W304,2693,38,
腊,là,腊肉,读là，在“腊肉”中用“腊”；先认完整原词，再核该字的部件和笔画，不把读音相同当可互换。,CN-HAN-W305,2695,38,
郎,láng,新郎,读láng，在“新郎”中用“郎”；先认完整原词，再核该字的部件和笔画，不把读音相同当可互换。,CN-HAN-W306,2697,38,
琅,láng,琳琅满目,读láng，在“琳琅满目”中用“琅”；先认完整原词，再核该字的部件和笔画，不把读音相同当可互换。,CN-HAN-W307,2699,38,
朗,lǎng,晴朗,读lǎng，在“晴朗”中用“朗”；先认完整原词，再核该字的部件和笔画，不把读音相同当可互换。,CN-HAN-W308,2701,38,
梁,liáng,桥梁,读liáng，在“桥梁”中用“梁”；先认完整原词，再核该字的部件和笔画，不把读音相同当可互换。,CN-HAN-W309,2703,38,
粱,liáng,粱肉,读liáng，在“粱肉”中用“粱”；先认完整原词，再核该字的部件和笔画，不把读音相同当可互换。,CN-HAN-W310,2705,38,本行按原页恢复；原OCR见章外勘误表。
潦,liáo,潦草,读liáo，在“潦草”中用“潦”；先认完整原词，再核该字的部件和笔画，不把读音相同当可互换。,CN-HAN-W311,2707,38,
缭,liáo,眼花缭乱,读liáo，在“眼花缭乱”中用“缭”；先认完整原词，再核该字的部件和笔画，不把读音相同当可互换。,CN-HAN-W312,2709,38,
瞭,liào,瞭望,读liào，在“瞭望”中用“瞭”；先认完整原词，再核该字的部件和笔画，不把读音相同当可互换。,CN-HAN-W313,2711,38,
撩,liáo,撩逗,读liáo，在“撩逗”中用“撩”；先认完整原词，再核该字的部件和笔画，不把读音相同当可互换。,CN-HAN-W314,2713,38,
翎,líng,雁翎,读líng，在“雁翎”中用“翎”；先认完整原词，再核该字的部件和笔画，不把读音相同当可互换。,CN-HAN-W315,2715,38,
诩,xǔ,自诩,读xǔ，在“自诩”中用“诩”；先认完整原词，再核该字的部件和笔画，不把读音相同当可互换。,CN-HAN-W316,2717,38,
栩,xǔ,栩栩如生,读xǔ，在“栩栩如生”中用“栩”；先认完整原词，再核该字的部件和笔画，不把读音相同当可互换。,CN-HAN-W317,2719,38,
戮,lù,杀戮,读lù，在“杀戮”中用“戮”；先认完整原词，再核该字的部件和笔画，不把读音相同当可互换。,CN-HAN-W318,2721,38,
戳,chuō,戳穿,读chuō，在“戳穿”中用“戳”；先认完整原词，再核该字的部件和笔画，不把读音相同当可互换。,CN-HAN-W319,2723,38,
澜,lán,波澜,读lán，在“波澜”中用“澜”；先认完整原词，再核该字的部件和笔画，不把读音相同当可互换。,CN-HAN-W320,2725,38,
斓,lán,斑斓,读lán，在“斑斓”中用“斓”；先认完整原词，再核该字的部件和笔画，不把读音相同当可互换。,CN-HAN-W321,2727,38,
谰,lán,谰言,读lán，在“谰言”中用“谰”；先认完整原词，再核该字的部件和笔画，不把读音相同当可互换。,CN-HAN-W322,2729,38,本行按原页恢复；原OCR见章外勘误表。
聆,líng,聆听,读líng，在“聆听”中用“聆”；先认完整原词，再核该字的部件和笔画，不把读音相同当可互换。,CN-HAN-W323,2731,38,
伶,líng,伶俐,读líng，在“伶俐”中用“伶”；先认完整原词，再核该字的部件和笔画，不把读音相同当可互换。,CN-HAN-W324,2733,38,
缕,lǚ,千丝万缕,读lǚ，在“千丝万缕”中用“缕”；先认完整原词，再核该字的部件和笔画，不把读音相同当可互换。,CN-HAN-W325,2735,38,
楼,lóu,高楼,读lóu，在“高楼”中用“楼”；先认完整原词，再核该字的部件和笔画，不把读音相同当可互换。,CN-HAN-W326,2737,38,
镂,lòu,镂空,读lòu，在“镂空”中用“镂”；先认完整原词，再核该字的部件和笔画，不把读音相同当可互换。,CN-HAN-W327,2739,38,
褛,lǚ,褴褛,读lǚ，在“褴褛”中用“褛”；先认完整原词，再核该字的部件和笔画，不把读音相同当可互换。,CN-HAN-W328,2741,38,本行按原页恢复；原OCR见章外勘误表。
龙,lóng,水龙头,读lóng，在“水龙头”中用“龙”；先认完整原词，再核该字的部件和笔画，不把读音相同当可互换。,CN-HAN-W329,2743,38,
笼,lóng,笼子,读lóng，在“笼子”中用“笼”；先认完整原词，再核该字的部件和笔画，不把读音相同当可互换。,CN-HAN-W330,2745,38,
茏,lóng,葱茏,读lóng，在“葱茏”中用“茏”；先认完整原词，再核该字的部件和笔画，不把读音相同当可互换。,CN-HAN-W331,2747,38,
沦,lún,沦陷,读lún，在“沦陷”中用“沦”；先认完整原词，再核该字的部件和笔画，不把读音相同当可互换。,CN-HAN-W332,2749,38,
伦,lún,伦理,读lún，在“伦理”中用“伦”；先认完整原词，再核该字的部件和笔画，不把读音相同当可互换。,CN-HAN-W333,2751,38,
纶,lún,涤纶,读lún，在“涤纶”中用“纶”；先认完整原词，再核该字的部件和笔画，不把读音相同当可互换。,CN-HAN-W334,2753,38,
论,lùn,讨论,读lùn，在“讨论”中用“论”；先认完整原词，再核该字的部件和笔画，不把读音相同当可互换。,CN-HAN-W335,2755,38,
练,liàn,练习,读liàn，在“练习”中用“练”；先认完整原词，再核该字的部件和笔画，不把读音相同当可互换。,CN-HAN-W336,2757,38,
炼,liàn,锻炼,读liàn，在“锻炼”中用“炼”；先认完整原词，再核该字的部件和笔画，不把读音相同当可互换。,CN-HAN-W337,2759,38,
猎,liè,打猎,读liè，在“打猎”中用“猎”；先认完整原词，再核该字的部件和笔画，不把读音相同当可互换。,CN-HAN-W338,2761,38,
措,cuò,措施,读cuò，在“措施”中用“措”；先认完整原词，再核该字的部件和笔画，不把读音相同当可互换。,CN-HAN-W339,2763,38,
惜,xī,惋惜,读xī，在“惋惜”中用“惜”；先认完整原词，再核该字的部件和笔画，不把读音相同当可互换。,CN-HAN-W340,2765,38,本行按原页恢复；原OCR见章外勘误表。
错,cuò,错位,读cuò，在“错位”中用“错”；先认完整原词，再核该字的部件和笔画，不把读音相同当可互换。,CN-HAN-W341,2767,38,
犁,lí,犁田,读lí，在“犁田”中用“犁”；先认完整原词，再核该字的部件和笔画，不把读音相同当可互换。,CN-HAN-W342,2769,38,
梨,lí,梨园,读lí，在“梨园”中用“梨”；先认完整原词，再核该字的部件和笔画，不把读音相同当可互换。,CN-HAN-W343,2771,38,
拢,lǒng,拉拢,读lǒng，在“拉拢”中用“拢”；先认完整原词，再核该字的部件和笔画，不把读音相同当可互换。,CN-HAN-W344,2773,38,
扰,rǎo,打扰,读rǎo，在“打扰”中用“扰”；先认完整原词，再核该字的部件和笔画，不把读音相同当可互换。,CN-HAN-W345,2775,38,
绫,líng,红绫,读líng，在“红绫”中用“绫”；先认完整原词，再核该字的部件和笔画，不把读音相同当可互换。,CN-HAN-W346,2777,38,
陵,líng,陵墓,读líng，在“陵墓”中用“陵”；先认完整原词，再核该字的部件和笔画，不把读音相同当可互换。,CN-HAN-W347,2779,38,
棱,léng,棱柱,读léng，在“棱柱”中用“棱”；先认完整原词，再核该字的部件和笔画，不把读音相同当可互换。,CN-HAN-W348,2781,38,
凉,liáng,凉爽,读liáng，在“凉爽”中用“凉”；先认完整原词，再核该字的部件和笔画，不把读音相同当可互换。,CN-HAN-W349,2783,38,
晾,liàng,晾晒,读liàng，在“晾晒”中用“晾”；先认完整原词，再核该字的部件和笔画，不把读音相同当可互换。,CN-HAN-W350,2785,38,
谅,liàng,谅解,读liàng，在“谅解”中用“谅”；先认完整原词，再核该字的部件和笔画，不把读音相同当可互换。,CN-HAN-W351,2787,38,
掠,lüè,掠夺,读lüè，在“掠夺”中用“掠”；先认完整原词，再核该字的部件和笔画，不把读音相同当可互换。,CN-HAN-W352,2789,38,
揽,lǎn,包揽,读lǎn，在“包揽”中用“揽”；先认完整原词，再核该字的部件和笔画，不把读音相同当可互换。,CN-HAN-W353,2791,38,
缆,lǎn,电缆,读lǎn，在“电缆”中用“缆”；先认完整原词，再核该字的部件和笔画，不把读音相同当可互换。,CN-HAN-W354,2793,38,
莅,lì,莅临,读lì，在“莅临”中用“莅”；先认完整原词，再核该字的部件和笔画，不把读音相同当可互换。,CN-HAN-W355,2795,38,本行按原页恢复；原OCR见章外勘误表。
笠,lì,斗笠,读lì，在“斗笠”中用“笠”；先认完整原词，再核该字的部件和笔画，不把读音相同当可互换。,CN-HAN-W356,2797,38,
位,wèi,位置,读wèi，在“位置”中用“位”；先认完整原词，再核该字的部件和笔画，不把读音相同当可互换。,CN-HAN-W357,2799,38,
粒,lì,颗粒,读lì，在“颗粒”中用“粒”；先认完整原词，再核该字的部件和笔画，不把读音相同当可互换。,CN-HAN-W358,2801,38,
碌,lù,忙碌,读lù，在“忙碌”中用“碌”；先认完整原词，再核该字的部件和笔画，不把读音相同当可互换。,CN-HAN-W359,2803,38,
禄,lù,俸禄,读lù，在“俸禄”中用“禄”；先认完整原词，再核该字的部件和笔画，不把读音相同当可互换。,CN-HAN-W360,2805,38,
鳞,lín,鱼鳞,读lín，在“鱼鳞”中用“鳞”；先认完整原词，再核该字的部件和笔画，不把读音相同当可互换。,CN-HAN-W361,2807,38,
麟,lín,麒麟,读lín，在“麒麟”中用“麟”；先认完整原词，再核该字的部件和笔画，不把读音相同当可互换。,CN-HAN-W362,2809,38,
络,luò,联络,读luò，在“联络”中用“络”；先认完整原词，再核该字的部件和笔画，不把读音相同当可互换。,CN-HAN-W363,2811,38,
烙,lào,烙印,读lào，在“烙印”中用“烙”；先认完整原词，再核该字的部件和笔画，不把读音相同当可互换。,CN-HAN-W364,2813,38,
骆,luò,骆驼,读luò，在“骆驼”中用“骆”；先认完整原词，再核该字的部件和笔画，不把读音相同当可互换。,CN-HAN-W365,2815,38,
蔓,màn,蔓延,读màn，在“蔓延”中用“蔓”；先认完整原词，再核该字的部件和笔画，不把读音相同当可互换。,CN-HAN-W366,2819,38,
慢,màn,缓慢,读màn，在“缓慢”中用“慢”；先认完整原词，再核该字的部件和笔画，不把读音相同当可互换。,CN-HAN-W367,2821,38,
漫,màn,漫画,读màn，在“漫画”中用“漫”；先认完整原词，再核该字的部件和笔画，不把读音相同当可互换。,CN-HAN-W368,2823,38,
馒,mán,馒头,读mán，在“馒头”中用“馒”；先认完整原词，再核该字的部件和笔画，不把读音相同当可互换。,CN-HAN-W369,2825,38,本行按原页恢复；原OCR见章外勘误表。
谩,màn,谩骂,读màn，在“谩骂”中用“谩”；先认完整原词，再核该字的部件和笔画，不把读音相同当可互换。,CN-HAN-W370,2827,38,
幔,màn,布幔,读màn，在“布幔”中用“幔”；先认完整原词，再核该字的部件和笔画，不把读音相同当可互换。,CN-HAN-W371,2829,38,
蜜,mì,蜜蜂,读mì，在“蜜蜂”中用“蜜”；先认完整原词，再核该字的部件和笔画，不把读音相同当可互换。,CN-HAN-W372,2831,38,
密,mì,秘密,读mì，在“秘密”中用“密”；先认完整原词，再核该字的部件和笔画，不把读音相同当可互换。,CN-HAN-W373,2833,38,
殁,mò,病殁,读mò，在“病殁”中用“殁”；先认完整原词，再核该字的部件和笔画，不把读音相同当可互换。,CN-HAN-W374,2835,38,
没,mò,没收,读mò，在“没收”中用“没”；先认完整原词，再核该字的部件和笔画，不把读音相同当可互换。,CN-HAN-W375,2837,38,
蛮,mán,蛮干,读mán，在“蛮干”中用“蛮”；先认完整原词，再核该字的部件和笔画，不把读音相同当可互换。,CN-HAN-W376,2839,38,
峦,luán,山峦,读luán，在“山峦”中用“峦”；先认完整原词，再核该字的部件和笔画，不把读音相同当可互换。,CN-HAN-W377,2841,38,
挛,luán,痉挛,读luán，在“痉挛”中用“挛”；先认完整原词，再核该字的部件和笔画，不把读音相同当可互换。,CN-HAN-W378,2843,38,
恋,liàn,恋爱,读liàn，在“恋爱”中用“恋”；先认完整原词，再核该字的部件和笔画，不把读音相同当可互换。,CN-HAN-W379,2845,38,
盲,máng,盲目,读máng，在“盲目”中用“盲”；先认完整原词，再核该字的部件和笔画，不把读音相同当可互换。,CN-HAN-W380,2847,38,
肓,huāng,病入膏肓,读huāng，在“病入膏肓”中用“肓”；先认完整原词，再核该字的部件和笔画，不把读音相同当可互换。,CN-HAN-W381,2849,38,本行按原页恢复；原OCR见章外勘误表。
娩,miǎn,分娩,读miǎn，在“分娩”中用“娩”；先认完整原词，再核该字的部件和笔画，不把读音相同当可互换。,CN-HAN-W382,2851,38,
挽,wǎn,挽手,读wǎn，在“挽手”中用“挽”；先认完整原词，再核该字的部件和笔画，不把读音相同当可互换。,CN-HAN-W383,2853,38,
晚,wǎn,傍晚,读wǎn，在“傍晚”中用“晚”；先认完整原词，再核该字的部件和笔画，不把读音相同当可互换。,CN-HAN-W384,2855,38,
幕,mù,幕布,读mù，在“幕布”中用“幕”；先认完整原词，再核该字的部件和笔画，不把读音相同当可互换。,CN-HAN-W385,2857,38,
暮,mù,暮色,读mù，在“暮色”中用“暮”；先认完整原词，再核该字的部件和笔画，不把读音相同当可互换。,CN-HAN-W386,2859,38,
墓,mù,坟墓,读mù，在“坟墓”中用“墓”；先认完整原词，再核该字的部件和笔画，不把读音相同当可互换。,CN-HAN-W387,2861,38,
募,mù,募捐,读mù，在“募捐”中用“募”；先认完整原词，再核该字的部件和笔画，不把读音相同当可互换。,CN-HAN-W388,2863,38,
慕,mù,羡慕,读mù，在“羡慕”中用“慕”；先认完整原词，再核该字的部件和笔画，不把读音相同当可互换。,CN-HAN-W389,2865,38,
蓦,mò,蓦然,读mò，在“蓦然”中用“蓦”；先认完整原词，再核该字的部件和笔画，不把读音相同当可互换。,CN-HAN-W390,2867,38,
靡,mǐ,风靡,读mǐ，在“风靡”中用“靡”；先认完整原词，再核该字的部件和笔画，不把读音相同当可互换。,CN-HAN-W391,2869,38,
糜,mí,糜烂,读mí，在“糜烂”中用“糜”；先认完整原词，再核该字的部件和笔画，不把读音相同当可互换。,CN-HAN-W392,2871,38,
蔑,miè,轻蔑,读miè，在“轻蔑”中用“蔑”；先认完整原词，再核该字的部件和笔画，不把读音相同当可互换。,CN-HAN-W393,2873,38,
篾,miè,竹篾,读miè，在“竹篾”中用“篾”；先认完整原词，再核该字的部件和笔画，不把读音相同当可互换。,CN-HAN-W394,2875,38,
猫,māo,小猫,读māo，在“小猫”中用“猫”；先认完整原词，再核该字的部件和笔画，不把读音相同当可互换。,CN-HAN-W395,2877,38,
描,miáo,描写,读miáo，在“描写”中用“描”；先认完整原词，再核该字的部件和笔画，不把读音相同当可互换。,CN-HAN-W396,2879,38,
瞄,miáo,瞄准,读miáo，在“瞄准”中用“瞄”；先认完整原词，再核该字的部件和笔画，不把读音相同当可互换。,CN-HAN-W397,2881,38,
锚,máo,抛锚,读máo，在“抛锚”中用“锚”；先认完整原词，再核该字的部件和笔画，不把读音相同当可互换。,CN-HAN-W398,2883,38,
谬,miù,荒谬,读miù，在“荒谬”中用“谬”；先认完整原词，再核该字的部件和笔画，不把读音相同当可互换。,CN-HAN-W399,2885,38,
缪,móu,绸缪,读móu，在“绸缪”中用“缪”；先认完整原词，再核该字的部件和笔画，不把读音相同当可互换。,CN-HAN-W400,2887,38,
摩,mó,观摩,读mó，在“观摩”中用“摩”；先认完整原词，再核该字的部件和笔画，不把读音相同当可互换。,CN-HAN-W401,2889,38,
磨,mó,磨损,读mó，在“磨损”中用“磨”；先认完整原词，再核该字的部件和笔画，不把读音相同当可互换。,CN-HAN-W402,2891,38,
魔,mó,魔鬼,读mó，在“魔鬼”中用“魔”；先认完整原词，再核该字的部件和笔画，不把读音相同当可互换。,CN-HAN-W403,2893,38,
寞,mò,寂寞,读mò，在“寂寞”中用“寞”；先认完整原词，再核该字的部件和笔画，不把读音相同当可互换。,CN-HAN-W404,2895,38,
漠,mò,荒漠,读mò，在“荒漠”中用“漠”；先认完整原词，再核该字的部件和笔画，不把读音相同当可互换。,CN-HAN-W405,2897,38,
缅,miǎn,缅怀,读miǎn，在“缅怀”中用“缅”；先认完整原词，再核该字的部件和笔画，不把读音相同当可互换。,CN-HAN-W406,2899,38,
腼,miǎn,腼腆,读miǎn，在“腼腆”中用“腼”；先认完整原词，再核该字的部件和笔画，不把读音相同当可互换。,CN-HAN-W407,2901,38,本行按原页恢复；原OCR见章外勘误表。
湎,miǎn,沉湎,读miǎn，在“沉湎”中用“湎”；先认完整原词，再核该字的部件和笔画，不把读音相同当可互换。,CN-HAN-W408,2903,38,
母,mǔ,母亲,读mǔ，在“母亲”中用“母”；先认完整原词，再核该字的部件和笔画，不把读音相同当可互换。,CN-HAN-W409,2905,38,
毋,wú,毋宁,读wú，在“毋宁”中用“毋”；先认完整原词，再核该字的部件和笔画，不把读音相同当可互换。,CN-HAN-W410,2907,38,
绵,mián,软绵绵,读mián，在“软绵绵”中用“绵”；先认完整原词，再核该字的部件和笔画，不把读音相同当可互换。,CN-HAN-W411,2909,38,
棉,mián,棉花,读mián，在“棉花”中用“棉”；先认完整原词，再核该字的部件和笔画，不把读音相同当可互换。,CN-HAN-W412,2911,38,
锦,jǐn,什锦,读jǐn，在“什锦”中用“锦”；先认完整原词，再核该字的部件和笔画，不把读音相同当可互换。,CN-HAN-W413,2913,38,
挠,náo,阻挠,读náo，在“阻挠”中用“挠”；先认完整原词，再核该字的部件和笔画，不把读音相同当可互换。,CN-HAN-W414,2917,39,
浇,jiāo,浇水,读jiāo，在“浇水”中用“浇”；先认完整原词，再核该字的部件和笔画，不把读音相同当可互换。,CN-HAN-W415,2919,39,
烧,shāo,燃烧,读shāo，在“燃烧”中用“烧”；先认完整原词，再核该字的部件和笔画，不把读音相同当可互换。,CN-HAN-W416,2921,39,
泞,nìng,泥泞,读nìng，在“泥泞”中用“泞”；先认完整原词，再核该字的部件和笔画，不把读音相同当可互换。,CN-HAN-W417,2923,39,
狞,níng,狞笑,读níng，在“狞笑”中用“狞”；先认完整原词，再核该字的部件和笔画，不把读音相同当可互换。,CN-HAN-W418,2925,39,本行按原页恢复；原OCR见章外勘误表。
拧,nǐng,拧巴,读nǐng，在“拧巴”中用“拧”；先认完整原词，再核该字的部件和笔画，不把读音相同当可互换。,CN-HAN-W419,2927,39,
虐,nüè,虐待,读nüè，在“虐待”中用“虐”；先认完整原词，再核该字的部件和笔画，不把读音相同当可互换。,CN-HAN-W420,2929,39,
虚,xū,虚心,读xū，在“虚心”中用“虚”；先认完整原词，再核该字的部件和笔画，不把读音相同当可互换。,CN-HAN-W421,2931,39,
虑,lǜ,考虑,读lǜ，在“考虑”中用“虑”；先认完整原词，再核该字的部件和笔画，不把读音相同当可互换。,CN-HAN-W422,2933,39,本行按原页恢复；原OCR见章外勘误表。
怒,nù,愤怒,读nù，在“愤怒”中用“怒”；先认完整原词，再核该字的部件和笔画，不把读音相同当可互换。,CN-HAN-W423,2935,39,
弩,nǔ,弩箭,读nǔ，在“弩箭”中用“弩”；先认完整原词，再核该字的部件和笔画，不把读音相同当可互换。,CN-HAN-W424,2937,39,
恕,shù,宽恕,读shù，在“宽恕”中用“恕”；先认完整原词，再核该字的部件和笔画，不把读音相同当可互换。,CN-HAN-W425,2939,39,
披,pī,披肝沥胆,读pī，在“披肝沥胆”中用“披”；先认完整原词，再核该字的部件和笔画，不把读音相同当可互换。,CN-HAN-W426,2943,39,
彼,bǐ,彼此,读bǐ，在“彼此”中用“彼”；先认完整原词，再核该字的部件和笔画，不把读音相同当可互换。,CN-HAN-W427,2945,39,
评,píng,评价,读píng，在“评价”中用“评”；先认完整原词，再核该字的部件和笔画，不把读音相同当可互换。,CN-HAN-W428,2947,39,
坪,píng,草坪,读píng，在“草坪”中用“坪”；先认完整原词，再核该字的部件和笔画，不把读音相同当可互换。,CN-HAN-W429,2949,39,
怦,pēng,怦然心动,读pēng，在“怦然心动”中用“怦”；先认完整原词，再核该字的部件和笔画，不把读音相同当可互换。,CN-HAN-W430,2951,39,本行按原页恢复；原OCR见章外勘误表。
飘,piāo,飘扬,读piāo，在“飘扬”中用“飘”；先认完整原词，再核该字的部件和笔画，不把读音相同当可互换。,CN-HAN-W431,2953,39,
缥,piāo,缥缈,读piāo，在“缥缈”中用“缥”；先认完整原词，再核该字的部件和笔画，不把读音相同当可互换。,CN-HAN-W432,2955,39,本行按原页恢复；原OCR见章外勘误表。
剽,piāo,剽窃,读piāo，在“剽窃”中用“剽”；先认完整原词，再核该字的部件和笔画，不把读音相同当可互换。,CN-HAN-W433,2957,39,
瞟,piǎo,瞟一眼,读piǎo，在“瞟一眼”中用“瞟”；先认完整原词，再核该字的部件和笔画，不把读音相同当可互换。,CN-HAN-W434,2959,39,本行按原页恢复；原OCR见章外勘误表。
漂,piāo,漂浮,读piāo，在“漂浮”中用“漂”；先认完整原词，再核该字的部件和笔画，不把读音相同当可互换。,CN-HAN-W435,2961,39,
蓬,péng,蓬乱,读péng，在“蓬乱”中用“蓬”；先认完整原词，再核该字的部件和笔画，不把读音相同当可互换。,CN-HAN-W436,2963,39,
篷,péng,篷车,读péng，在“篷车”中用“篷”；先认完整原词，再核该字的部件和笔画，不把读音相同当可互换。,CN-HAN-W437,2965,39,
聘,pìn,聘用,读pìn，在“聘用”中用“聘”；先认完整原词，再核该字的部件和笔画，不把读音相同当可互换。,CN-HAN-W438,2967,39,
骋,chěng,驰骋,读chěng，在“驰骋”中用“骋”；先认完整原词，再核该字的部件和笔画，不把读音相同当可互换。,CN-HAN-W439,2969,39,
娉,pīng,娉婷,读pīng，在“娉婷”中用“娉”；先认完整原词，再核该字的部件和笔画，不把读音相同当可互换。,CN-HAN-W440,2971,39,本行按原页恢复；原OCR见章外勘误表。
扑,pū,反扑,读pū，在“反扑”中用“扑”；先认完整原词，再核该字的部件和笔画，不把读音相同当可互换。,CN-HAN-W441,2973,39,
仆,pú,奴仆,读pú，在“奴仆”中用“仆”；先认完整原词，再核该字的部件和笔画，不把读音相同当可互换。,CN-HAN-W442,2975,39,
朴,pǔ,朴素,读pǔ，在“朴素”中用“朴”；先认完整原词，再核该字的部件和笔画，不把读音相同当可互换。,CN-HAN-W443,2977,39,
补,bǔ,补充,读bǔ，在“补充”中用“补”；先认完整原词，再核该字的部件和笔画，不把读音相同当可互换。,CN-HAN-W444,2979,39,
讣,fù,讣告,读fù，在“讣告”中用“讣”；先认完整原词，再核该字的部件和笔画，不把读音相同当可互换。,CN-HAN-W445,2981,39,
漆,qī,油漆,读qī，在“油漆”中用“漆”；先认完整原词，再核该字的部件和笔画，不把读音相同当可互换。,CN-HAN-W446,2985,39,
膝,xī,膝盖,读xī，在“膝盖”中用“膝”；先认完整原词，再核该字的部件和笔画，不把读音相同当可互换。,CN-HAN-W447,2987,39,
侵,qīn,侵略,读qīn，在“侵略”中用“侵”；先认完整原词，再核该字的部件和笔画，不把读音相同当可互换。,CN-HAN-W448,2989,39,
浸,jìn,浸染,读jìn，在“浸染”中用“浸”；先认完整原词，再核该字的部件和笔画，不把读音相同当可互换。,CN-HAN-W449,2991,39,
葺,qì,修葺,读qì，在“修葺”中用“葺”；先认完整原词，再核该字的部件和笔画，不把读音相同当可互换。,CN-HAN-W450,2993,39,
茸,róng,鹿茸,读róng，在“鹿茸”中用“茸”；先认完整原词，再核该字的部件和笔画，不把读音相同当可互换。,CN-HAN-W451,2995,39,
撬,qiào,撬开,读qiào，在“撬开”中用“撬”；先认完整原词，再核该字的部件和笔画，不把读音相同当可互换。,CN-HAN-W452,2997,39,
橇,qiāo,雪橇,读qiāo，在“雪橇”中用“橇”；先认完整原词，再核该字的部件和笔画，不把读音相同当可互换。,CN-HAN-W453,2999,39,
崎,qí,崎岖,读qí，在“崎岖”中用“崎”；先认完整原词，再核该字的部件和笔画，不把读音相同当可互换。,CN-HAN-W454,3001,39,
绮,qǐ,绮丽,读qǐ，在“绮丽”中用“绮”；先认完整原词，再核该字的部件和笔画，不把读音相同当可互换。,CN-HAN-W455,3003,39,
骑,qí,骑兵,读qí，在“骑兵”中用“骑”；先认完整原词，再核该字的部件和笔画，不把读音相同当可互换。,CN-HAN-W456,3005,39,
悄,qiāo,静悄悄,读qiāo，在“静悄悄”中用“悄”；先认完整原词，再核该字的部件和笔画，不把读音相同当可互换。,CN-HAN-W457,3007,39,
俏,qiào,俏皮,读qiào，在“俏皮”中用“俏”；先认完整原词，再核该字的部件和笔画，不把读音相同当可互换。,CN-HAN-W458,3009,39,
畦,qí,菜畦,读qí，在“菜畦”中用“畦”；先认完整原词，再核该字的部件和笔画，不把读音相同当可互换。,CN-HAN-W459,3011,39,
洼,wā,洼地,读wā，在“洼地”中用“洼”；先认完整原词，再核该字的部件和笔画，不把读音相同当可互换。,CN-HAN-W460,3013,39,
擎,qíng,擎天柱,读qíng，在“擎天柱”中用“擎”；先认完整原词，再核该字的部件和笔画，不把读音相同当可互换。,CN-HAN-W461,3015,39,
警,jǐng,警官,读jǐng，在“警官”中用“警”；先认完整原词，再核该字的部件和笔画，不把读音相同当可互换。,CN-HAN-W462,3017,39,
怯,qiè,胆怯,读qiè，在“胆怯”中用“怯”；先认完整原词，再核该字的部件和笔画，不把读音相同当可互换。,CN-HAN-W463,3019,39,
祛,qū,祛除,读qū，在“祛除”中用“祛”；先认完整原词，再核该字的部件和笔画，不把读音相同当可互换。,CN-HAN-W464,3021,39,
讫,qì,收讫,读qì，在“收讫”中用“讫”；先认完整原词，再核该字的部件和笔画，不把读音相同当可互换。,CN-HAN-W465,3023,39,
迄,qì,迄今,读qì，在“迄今”中用“迄”；先认完整原词，再核该字的部件和笔画，不把读音相同当可互换。,CN-HAN-W466,3025,39,
屹,yì,屹立,读yì，在“屹立”中用“屹”；先认完整原词，再核该字的部件和笔画，不把读音相同当可互换。,CN-HAN-W467,3027,39,
恰,qià,恰好,读qià，在“恰好”中用“恰”；先认完整原词，再核该字的部件和笔画，不把读音相同当可互换。,CN-HAN-W468,3029,39,
洽,qià,接洽,读qià，在“接洽”中用“洽”；先认完整原词，再核该字的部件和笔画，不把读音相同当可互换。,CN-HAN-W469,3031,39,
戚,qī,休戚与共,读qī，在“休戚与共”中用“戚”；先认完整原词，再核该字的部件和笔画，不把读音相同当可互换。,CN-HAN-W470,3033,39,
威,wēi,威严,读wēi，在“威严”中用“威”；先认完整原词，再核该字的部件和笔画，不把读音相同当可互换。,CN-HAN-W471,3035,39,
阙,què,宫阙,读què，在“宫阙”中用“阙”；先认完整原词，再核该字的部件和笔画，不把读音相同当可互换。,CN-HAN-W472,3037,39,
阕,què,一阕词,读què，在“一阕词”中用“阕”；先认完整原词，再核该字的部件和笔画，不把读音相同当可互换。,CN-HAN-W473,3039,39,
窍,qiào,窍门,读qiào，在“窍门”中用“窍”；先认完整原词，再核该字的部件和笔画，不把读音相同当可互换。,CN-HAN-W474,3041,39,
窃,qiè,盗窃,读qiè，在“盗窃”中用“窃”；先认完整原词，再核该字的部件和笔画，不把读音相同当可互换。,CN-HAN-W475,3043,39,
棋,qí,星罗棋布,读qí，在“星罗棋布”中用“棋”；先认完整原词，再核该字的部件和笔画，不把读音相同当可互换。,CN-HAN-W476,3045,39,
旗,qí,旗帜,读qí，在“旗帜”中用“旗”；先认完整原词，再核该字的部件和笔画，不把读音相同当可互换。,CN-HAN-W477,3047,39,
岐,qí,岐黄,读qí，在“岐黄”中用“岐”；先认完整原词，再核该字的部件和笔画，不把读音相同当可互换。,CN-HAN-W478,3049,39,本行按原页恢复；原OCR见章外勘误表。
歧,qí,歧途,读qí，在“歧途”中用“歧”；先认完整原词，再核该字的部件和笔画，不把读音相同当可互换。,CN-HAN-W479,3051,39,
儒,rú,儒生,读rú，在“儒生”中用“儒”；先认完整原词，再核该字的部件和笔画，不把读音相同当可互换。,CN-HAN-W480,3055,39,
孺,rú,妇孺,读rú，在“妇孺”中用“孺”；先认完整原词，再核该字的部件和笔画，不把读音相同当可互换。,CN-HAN-W481,3057,39,
蠕,rú,蠕动,读rú，在“蠕动”中用“蠕”；先认完整原词，再核该字的部件和笔画，不把读音相同当可互换。,CN-HAN-W482,3059,39,
懦,nuò,怯懦,读nuò，在“怯懦”中用“懦”；先认完整原词，再核该字的部件和笔画，不把读音相同当可互换。,CN-HAN-W483,3061,39,
辱,rǔ,屈辱,读rǔ，在“屈辱”中用“辱”；先认完整原词，再核该字的部件和笔画，不把读音相同当可互换。,CN-HAN-W484,3063,39,
蜃,shèn,海市蜃楼,读shèn，在“海市蜃楼”中用“蜃”；先认完整原词，再核该字的部件和笔画，不把读音相同当可互换。,CN-HAN-W485,3065,39,
唇,chún,嘴唇,读chún，在“嘴唇”中用“唇”；先认完整原词，再核该字的部件和笔画，不把读音相同当可互换。,CN-HAN-W486,3067,39,
饶,ráo,富饶,读ráo，在“富饶”中用“饶”；先认完整原词，再核该字的部件和笔画，不把读音相同当可互换。,CN-HAN-W487,3069,39,
绕,rào,缠绕,读rào，在“缠绕”中用“绕”；先认完整原词，再核该字的部件和笔画，不把读音相同当可互换。,CN-HAN-W488,3071,39,
娆,ráo,妖娆,读ráo，在“妖娆”中用“娆”；先认完整原词，再核该字的部件和笔画，不把读音相同当可互换。,CN-HAN-W489,3073,39,
晓,xiǎo,拂晓,读xiǎo，在“拂晓”中用“晓”；先认完整原词，再核该字的部件和笔画，不把读音相同当可互换。,CN-HAN-W490,3075,39,
熔,róng,熔化,读róng，在“熔化”中用“熔”；先认完整原词，再核该字的部件和笔画，不把读音相同当可互换。,CN-HAN-W491,3077,39,
溶,róng,溶解,读róng，在“溶解”中用“溶”；先认完整原词，再核该字的部件和笔画，不把读音相同当可互换。,CN-HAN-W492,3079,39,
榕,róng,榕树,读róng，在“榕树”中用“榕”；先认完整原词，再核该字的部件和笔画，不把读音相同当可互换。,CN-HAN-W493,3081,39,
搔,sāo,搔头,读sāo，在“搔头”中用“搔”；先认完整原词，再核该字的部件和笔画，不把读音相同当可互换。,CN-HAN-W494,3085,39,
骚,sāo,骚动,读sāo，在“骚动”中用“骚”；先认完整原词，再核该字的部件和笔画，不把读音相同当可互换。,CN-HAN-W495,3087,39,
刷,shuā,刷子,读shuā，在“刷子”中用“刷”；先认完整原词，再核该字的部件和笔画，不把读音相同当可互换。,CN-HAN-W496,3089,39,
涮,shuàn,洗涮,读shuàn，在“洗涮”中用“涮”；先认完整原词，再核该字的部件和笔画，不把读音相同当可互换。,CN-HAN-W497,3091,39,
锁,suǒ,锁门,读suǒ，在“锁门”中用“锁”；先认完整原词，再核该字的部件和笔画，不把读音相同当可互换。,CN-HAN-W498,3093,39,
琐,suǒ,琐屑,读suǒ，在“琐屑”中用“琐”；先认完整原词，再核该字的部件和笔画，不把读音相同当可互换。,CN-HAN-W499,3095,39,
捎,shāo,捎带,读shāo，在“捎带”中用“捎”；先认完整原词，再核该字的部件和笔画，不把读音相同当可互换。,CN-HAN-W500,3097,39,
梢,shāo,树梢,读shāo，在“树梢”中用“梢”；先认完整原词，再核该字的部件和笔画，不把读音相同当可互换。,CN-HAN-W501,3099,39,
稍,shāo,稍微,读shāo，在“稍微”中用“稍”；先认完整原词，再核该字的部件和笔画，不把读音相同当可互换。,CN-HAN-W502,3101,39,
抒,shū,抒发,读shū，在“抒发”中用“抒”；先认完整原词，再核该字的部件和笔画，不把读音相同当可互换。,CN-HAN-W503,3103,39,
杼,zhù,机杼,读zhù，在“机杼”中用“杼”；先认完整原词，再核该字的部件和笔画，不把读音相同当可互换。,CN-HAN-W504,3105,39,
栓,shuān,栓塞,读shuān，在“栓塞”中用“栓”；先认完整原词，再核该字的部件和笔画，不把读音相同当可互换。,CN-HAN-W505,3107,39,
拴,shuān,拴住,读shuān，在“拴住”中用“拴”；先认完整原词，再核该字的部件和笔画，不把读音相同当可互换。,CN-HAN-W506,3109,39,
撒,sā,撒谎,读sā，在“撒谎”中用“撒”；先认完整原词，再核该字的部件和笔画，不把读音相同当可互换。,CN-HAN-W507,3111,39,
撤,chè,撤退,读chè，在“撤退”中用“撤”；先认完整原词，再核该字的部件和笔画，不把读音相同当可互换。,CN-HAN-W508,3113,39,
赡,shàn,赡养,读shàn，在“赡养”中用“赡”；先认完整原词，再核该字的部件和笔画，不把读音相同当可互换。,CN-HAN-W509,3115,39,
瞻,zhān,瞻仰,读zhān，在“瞻仰”中用“瞻”；先认完整原词，再核该字的部件和笔画，不把读音相同当可互换。,CN-HAN-W510,3117,39,
檐,yán,屋檐,读yán，在“屋檐”中用“檐”；先认完整原词，再核该字的部件和笔画，不把读音相同当可互换。,CN-HAN-W511,3119,39,
恃,shì,恃才傲物,读shì，在“恃才傲物”中用“恃”；先认完整原词，再核该字的部件和笔画，不把读音相同当可互换。,CN-HAN-W512,3121,39,
侍,shì,侍候,读shì，在“侍候”中用“侍”；先认完整原词，再核该字的部件和笔画，不把读音相同当可互换。,CN-HAN-W513,3123,39,
持,chí,坚持,读chí，在“坚持”中用“持”；先认完整原词，再核该字的部件和笔画，不把读音相同当可互换。,CN-HAN-W514,3125,39,
待,dài,等待,读dài，在“等待”中用“待”；先认完整原词，再核该字的部件和笔画，不把读音相同当可互换。,CN-HAN-W515,3127,39,
特,tè,特别,读tè，在“特别”中用“特”；先认完整原词，再核该字的部件和笔画，不把读音相同当可互换。,CN-HAN-W516,3129,39,
赦,shè,赦免,读shè，在“赦免”中用“赦”；先认完整原词，再核该字的部件和笔画，不把读音相同当可互换。,CN-HAN-W517,3131,39,
赫,hè,显赫,读hè，在“显赫”中用“赫”；先认完整原词，再核该字的部件和笔画，不把读音相同当可互换。,CN-HAN-W518,3133,39,
暑,shǔ,暑假,读shǔ，在“暑假”中用“暑”；先认完整原词，再核该字的部件和笔画，不把读音相同当可互换。,CN-HAN-W519,3135,39,
署,shǔ,署名,读shǔ，在“署名”中用“署”；先认完整原词，再核该字的部件和笔画，不把读音相同当可互换。,CN-HAN-W520,3137,39,
曙,shǔ,曙光,读shǔ，在“曙光”中用“曙”；先认完整原词，再核该字的部件和笔画，不把读音相同当可互换。,CN-HAN-W521,3139,39,
摄,shè,拍摄,读shè，在“拍摄”中用“摄”；先认完整原词，再核该字的部件和笔画，不把读音相同当可互换。,CN-HAN-W522,3141,39,
慑,shè,威慑,读shè，在“威慑”中用“慑”；先认完整原词，再核该字的部件和笔画，不把读音相同当可互换。,CN-HAN-W523,3143,39,
跚,shān,蹒跚,读shān，在“蹒跚”中用“跚”；先认完整原词，再核该字的部件和笔画，不把读音相同当可互换。,CN-HAN-W524,3145,39,
姗,shān,姗姗来迟,读shān，在“姗姗来迟”中用“姗”；先认完整原词，再核该字的部件和笔画，不把读音相同当可互换。,CN-HAN-W525,3147,39,本行按原页恢复；原OCR见章外勘误表。
珊,shān,珊瑚,读shān，在“珊瑚”中用“珊”；先认完整原词，再核该字的部件和笔画，不把读音相同当可互换。,CN-HAN-W526,3149,39,
栅,zhà,栅栏,读zhà，在“栅栏”中用“栅”；先认完整原词，再核该字的部件和笔画，不把读音相同当可互换。,CN-HAN-W527,3151,39,
删,shān,删除,读shān，在“删除”中用“删”；先认完整原词，再核该字的部件和笔画，不把读音相同当可互换。,CN-HAN-W528,3153,39,
粟,sù,粟米,读sù，在“粟米”中用“粟”；先认完整原词，再核该字的部件和笔画，不把读音相同当可互换。,CN-HAN-W529,3155,39,
栗,lì,不寒而栗,读lì，在“不寒而栗”中用“栗”；先认完整原词，再核该字的部件和笔画，不把读音相同当可互换。,CN-HAN-W530,3157,39,
受,shòu,接受,读shòu，在“接受”中用“受”；先认完整原词，再核该字的部件和笔画，不把读音相同当可互换。,CN-HAN-W531,3159,39,
授,shòu,讲授,读shòu，在“讲授”中用“授”；先认完整原词，再核该字的部件和笔画，不把读音相同当可互换。,CN-HAN-W532,3161,39,
绶,shòu,绶带,读shòu，在“绶带”中用“绶”；先认完整原词，再核该字的部件和笔画，不把读音相同当可互换。,CN-HAN-W533,3163,39,本行按原页恢复；原OCR见章外勘误表。
拭,shì,擦拭,读shì，在“擦拭”中用“拭”；先认完整原词，再核该字的部件和笔画，不把读音相同当可互换。,CN-HAN-W534,3165,39,
试,shì,考试,读shì，在“考试”中用“试”；先认完整原词，再核该字的部件和笔画，不把读音相同当可互换。,CN-HAN-W535,3167,39,本行按原页恢复；原OCR见章外勘误表。
晌,shǎng,半晌,读shǎng，在“半晌”中用“晌”；先认完整原词，再核该字的部件和笔画，不把读音相同当可互换。,CN-HAN-W535,3167,39,本行按原页恢复；原OCR见章外勘误表。
饷,xiǎng,饷银,读xiǎng，在“饷银”中用“饷”；先认完整原词，再核该字的部件和笔画，不把读音相同当可互换。,CN-HAN-W535,3167,39,本行按原页恢复；原OCR见章外勘误表。
响,xiǎng,响应,读xiǎng，在“响应”中用“响”；先认完整原词，再核该字的部件和笔画，不把读音相同当可互换。,CN-HAN-W535,3167,39,本行按原页恢复；原OCR见章外勘误表。
巳,sì,巳时,读sì，在“巳时”中用“巳”；先认完整原词，再核该字的部件和笔画，不把读音相同当可互换。,CN-HAN-W539,3169,40,
己,jǐ,自己,读jǐ，在“自己”中用“己”；先认完整原词，再核该字的部件和笔画，不把读音相同当可互换。,CN-HAN-W540,3170,40,
已,yǐ,已经,读yǐ，在“已经”中用“已”；先认完整原词，再核该字的部件和笔画，不把读音相同当可互换。,CN-HAN-W541,3171,40,
塌,tā,倒塌,读tā，在“倒塌”中用“塌”；先认完整原词，再核该字的部件和笔画，不把读音相同当可互换。,CN-HAN-W542,3175,40,
蹋,tà,糟蹋,读tà，在“糟蹋”中用“蹋”；先认完整原词，再核该字的部件和笔画，不把读音相同当可互换。,CN-HAN-W543,3176,40,
榻,tà,床榻,读tà，在“床榻”中用“榻”；先认完整原词，再核该字的部件和笔画，不把读音相同当可互换。,CN-HAN-W544,3177,40,
蜕,tuì,蜕变,读tuì，在“蜕变”中用“蜕”；先认完整原词，再核该字的部件和笔画，不把读音相同当可互换。,CN-HAN-W545,3179,40,
脱,tuō,金蝉脱壳,读tuō，在“金蝉脱壳”中用“脱”；先认完整原词，再核该字的部件和笔画，不把读音相同当可互换。,CN-HAN-W546,3180,40,
塘,táng,池塘,读táng，在“池塘”中用“塘”；先认完整原词，再核该字的部件和笔画，不把读音相同当可互换。,CN-HAN-W547,3182,40,
搪,táng,搪塞,读táng，在“搪塞”中用“搪”；先认完整原词，再核该字的部件和笔画，不把读音相同当可互换。,CN-HAN-W548,3183,40,
糖,táng,糖果,读táng，在“糖果”中用“糖”；先认完整原词，再核该字的部件和笔画，不把读音相同当可互换。,CN-HAN-W549,3184,40,
溏,táng,溏心,读táng，在“溏心”中用“溏”；先认完整原词，再核该字的部件和笔画，不把读音相同当可互换。,CN-HAN-W550,3185,40,本行按原页恢复；原OCR见章外勘误表。
贴,tiē,贴切,读tiē，在“贴切”中用“贴”；先认完整原词，再核该字的部件和笔画，不把读音相同当可互换。,CN-HAN-W551,3187,40,
帖,tiě,请帖,读tiě，在“请帖”中用“帖”；先认完整原词，再核该字的部件和笔画，不把读音相同当可互换。,CN-HAN-W552,3188,40,
砧,zhēn,砧板,读zhēn，在“砧板”中用“砧”；先认完整原词，再核该字的部件和笔画，不把读音相同当可互换。,CN-HAN-W553,3189,40,
鸵,tuó,鸵鸟,读tuó，在“鸵鸟”中用“鸵”；先认完整原词，再核该字的部件和笔画，不把读音相同当可互换。,CN-HAN-W554,3191,40,
舵,duò,舵手,读duò，在“舵手”中用“舵”；先认完整原词，再核该字的部件和笔画，不把读音相同当可互换。,CN-HAN-W555,3192,40,本行按原页恢复；原OCR见章外勘误表。
驼,tuó,驼铃,读tuó，在“驼铃”中用“驼”；先认完整原词，再核该字的部件和笔画，不把读音相同当可互换。,CN-HAN-W556,3193,40,本行按原页恢复；原OCR见章外勘误表。
膛,táng,胸膛,读táng，在“胸膛”中用“膛”；先认完整原词，再核该字的部件和笔画，不把读音相同当可互换。,CN-HAN-W557,3195,40,
瞠,chēng,瞠目结舌,读chēng，在“瞠目结舌”中用“瞠”；先认完整原词，再核该字的部件和笔画，不把读音相同当可互换。,CN-HAN-W558,3196,40,本行按原页恢复；原OCR见章外勘误表。
螳,táng,螳臂当车,读táng，在“螳臂当车”中用“螳”；先认完整原词，再核该字的部件和笔画，不把读音相同当可互换。,CN-HAN-W559,3197,40,
滩,tān,沙滩,读tān，在“沙滩”中用“滩”；先认完整原词，再核该字的部件和笔画，不把读音相同当可互换。,CN-HAN-W560,3198,40,
摊,tān,摊开,读tān，在“摊开”中用“摊”；先认完整原词，再核该字的部件和笔画，不把读音相同当可互换。,CN-HAN-W561,3199,40,
逃,táo,逃跑,读táo，在“逃跑”中用“逃”；先认完整原词，再核该字的部件和笔画，不把读音相同当可互换。,CN-HAN-W562,3200,40,
挑,tiāo,挑选,读tiāo，在“挑选”中用“挑”；先认完整原词，再核该字的部件和笔画，不把读音相同当可互换。,CN-HAN-W563,3201,40,
桃,táo,桃花,读táo，在“桃花”中用“桃”；先认完整原词，再核该字的部件和笔画，不把读音相同当可互换。,CN-HAN-W564,3202,40,
眺,tiào,眺望,读tiào，在“眺望”中用“眺”；先认完整原词，再核该字的部件和笔画，不把读音相同当可互换。,CN-HAN-W565,3203,40,
倜,tì,倜傥,读tì，在“倜傥”中用“倜”；先认完整原词，再核该字的部件和笔画，不把读音相同当可互换。,CN-HAN-W566,3204,40,本行按原页恢复；原OCR见章外勘误表。
绸,chóu,绸缎,读chóu，在“绸缎”中用“绸”；先认完整原词，再核该字的部件和笔画，不把读音相同当可互换。,CN-HAN-W567,3205,40,
凋,diāo,凋零,读diāo，在“凋零”中用“凋”；先认完整原词，再核该字的部件和笔画，不把读音相同当可互换。,CN-HAN-W568,3206,40,
袒,tǎn,袒护,读tǎn，在“袒护”中用“袒”；先认完整原词，再核该字的部件和笔画，不把读音相同当可互换。,CN-HAN-W569,3207,40,
坦,tǎn,平坦,读tǎn，在“平坦”中用“坦”；先认完整原词，再核该字的部件和笔画，不把读音相同当可互换。,CN-HAN-W570,3208,40,
但,dàn,但是,读dàn，在“但是”中用“但”；先认完整原词，再核该字的部件和笔画，不把读音相同当可互换。,CN-HAN-W571,3209,40,
胃,wèi,胃口,读wèi，在“胃口”中用“胃”；先认完整原词，再核该字的部件和笔画，不把读音相同当可互换。,CN-HAN-W572,3213,40,
胄,zhòu,甲胄,读zhòu，在“甲胄”中用“胄”；先认完整原词，再核该字的部件和笔画，不把读音相同当可互换。,CN-HAN-W573,3214,40,
鹜,wù,趋之若鹜,读wù，在“趋之若鹜”中用“鹜”；先认完整原词，再核该字的部件和笔画，不把读音相同当可互换。,CN-HAN-W574,3216,40,
骛,wù,好高骛远,读wù，在“好高骛远”中用“骛”；先认完整原词，再核该字的部件和笔画，不把读音相同当可互换。,CN-HAN-W575,3217,40,
婺,wù,婺剧,读wù，在“婺剧”中用“婺”；先认完整原词，再核该字的部件和笔画，不把读音相同当可互换。,CN-HAN-W576,3218,40,本行按原页恢复；原OCR见章外勘误表。
捂,wǔ,捂住,读wǔ，在“捂住”中用“捂”；先认完整原词，再核该字的部件和笔画，不把读音相同当可互换。,CN-HAN-W577,3220,40,
梧,wú,梧桐,读wú，在“梧桐”中用“梧”；先认完整原词，再核该字的部件和笔画，不把读音相同当可互换。,CN-HAN-W578,3221,40,
悟,wù,觉悟,读wù，在“觉悟”中用“悟”；先认完整原词，再核该字的部件和笔画，不把读音相同当可互换。,CN-HAN-W579,3222,40,
晤,wù,会晤,读wù，在“会晤”中用“晤”；先认完整原词，再核该字的部件和笔画，不把读音相同当可互换。,CN-HAN-W580,3223,40,
蜿,wān,蜿蜒,读wān，在“蜿蜒”中用“蜿”；先认完整原词，再核该字的部件和笔画，不把读音相同当可互换。,CN-HAN-W581,3225,40,
惋,wǎn,惋惜,读wǎn，在“惋惜”中用“惋”；先认完整原词，再核该字的部件和笔画，不把读音相同当可互换。,CN-HAN-W582,3226,40,本行按原页恢复；原OCR见章外勘误表。
婉,wǎn,婉约,读wǎn，在“婉约”中用“婉”；先认完整原词，再核该字的部件和笔画，不把读音相同当可互换。,CN-HAN-W583,3227,40,
碗,wǎn,饭碗,读wǎn，在“饭碗”中用“碗”；先认完整原词，再核该字的部件和笔画，不把读音相同当可互换。,CN-HAN-W584,3228,40,
纹,wén,纹路,读wén，在“纹路”中用“纹”；先认完整原词，再核该字的部件和笔画，不把读音相同当可互换。,CN-HAN-W585,3230,40,
汶,Wèn,汶川,读Wèn，在“汶川”中用“汶”；先认完整原词，再核该字的部件和笔画，不把读音相同当可互换。,CN-HAN-W586,3231,40,
坟,fén,坟墓,读fén，在“坟墓”中用“坟”；先认完整原词，再核该字的部件和笔画，不把读音相同当可互换。,CN-HAN-W587,3232,40,
慰,wèi,安慰,读wèi，在“安慰”中用“慰”；先认完整原词，再核该字的部件和笔画，不把读音相同当可互换。,CN-HAN-W588,3234,40,
熨,yùn,熨斗,读yùn，在“熨斗”中用“熨”；先认完整原词，再核该字的部件和笔画，不把读音相同当可互换。,CN-HAN-W589,3235,40,
唯,wéi,唯一,读wéi，在“唯一”中用“唯”；先认完整原词，再核该字的部件和笔画，不把读音相同当可互换。,CN-HAN-W590,3236,40,
维,wéi,维持,读wéi，在“维持”中用“维”；先认完整原词，再核该字的部件和笔画，不把读音相同当可互换。,CN-HAN-W591,3237,40,
惟,wéi,惟妙惟肖,读wéi，在“惟妙惟肖”中用“惟”；先认完整原词，再核该字的部件和笔画，不把读音相同当可互换。,CN-HAN-W592,3238,40,
戊,wù,戊戌变法,读wù，在“戊戌变法”中用“戊”；先认完整原词，再核该字的部件和笔画，不把读音相同当可互换。,CN-HAN-W593,3239,40,
戌,xū,戌时,读xū，在“戌时”中用“戌”；先认完整原词，再核该字的部件和笔画，不把读音相同当可互换。,CN-HAN-W594,3240,40,
戍,shù,戍边,读shù，在“戍边”中用“戍”；先认完整原词，再核该字的部件和笔画，不把读音相同当可互换。,CN-HAN-W595,3241,40,本行按原页恢复；原OCR见章外勘误表。
戎,róng,戎马,读róng，在“戎马”中用“戎”；先认完整原词，再核该字的部件和笔画，不把读音相同当可互换。,CN-HAN-W596,3242,40,
煨,wēi,煨山药,读wēi，在“煨山药”中用“煨”；先认完整原词，再核该字的部件和笔画，不把读音相同当可互换。,CN-HAN-W597,3243,40,
偎,wēi,依偎,读wēi，在“依偎”中用“偎”；先认完整原词，再核该字的部件和笔画，不把读音相同当可互换。,CN-HAN-W598,3244,40,
喂,wèi,喂养,读wèi，在“喂养”中用“喂”；先认完整原词，再核该字的部件和笔画，不把读音相同当可互换。,CN-HAN-W599,3245,40,
猥,wěi,猥琐,读wěi，在“猥琐”中用“猥”；先认完整原词，再核该字的部件和笔画，不把读音相同当可互换。,CN-HAN-W600,3246,40,
味,wèi,味道,读wèi，在“味道”中用“味”；先认完整原词，再核该字的部件和笔画，不把读音相同当可互换。,CN-HAN-W601,3247,40,
昧,mèi,冒昧,读mèi，在“冒昧”中用“昧”；先认完整原词，再核该字的部件和笔画，不把读音相同当可互换。,CN-HAN-W602,3248,40,
睐,lài,青睞,读lài，在“青睞”中用“睐”；先认完整原词，再核该字的部件和笔画，不把读音相同当可互换。,CN-HAN-W603,3249,40,
迅,xùn,迅速,读xùn，在“迅速”中用“迅”；先认完整原词，再核该字的部件和笔画，不把读音相同当可互换。,CN-HAN-W604,3253,40,
汛,xùn,汛期,读xùn，在“汛期”中用“汛”；先认完整原词，再核该字的部件和笔画，不把读音相同当可互换。,CN-HAN-W605,3254,40,
狭,xiá,狭窄,读xiá，在“狭窄”中用“狭”；先认完整原词，再核该字的部件和笔画，不把读音相同当可互换。,CN-HAN-W606,3256,40,
挟,xié,挟持,读xié，在“挟持”中用“挟”；先认完整原词，再核该字的部件和笔画，不把读音相同当可互换。,CN-HAN-W607,3257,40,
嚣,xiāo,嚣张,读xiāo，在“嚣张”中用“嚣”；先认完整原词，再核该字的部件和笔画，不把读音相同当可互换。,CN-HAN-W608,3259,40,本行按原页恢复；原OCR见章外勘误表。
器,qì,器皿,读qì，在“器皿”中用“器”；先认完整原词，再核该字的部件和笔画，不把读音相同当可互换。,CN-HAN-W609,3260,40,
衔,xián,衔接,读xián，在“衔接”中用“衔”；先认完整原词，再核该字的部件和笔画，不把读音相同当可互换。,CN-HAN-W610,3262,40,本行按原页恢复；原OCR见章外勘误表。
街,jiē,街道,读jiē，在“街道”中用“街”；先认完整原词，再核该字的部件和笔画，不把读音相同当可互换。,CN-HAN-W611,3263,40,
衙,yá,衙门,读yá，在“衙门”中用“衙”；先认完整原词，再核该字的部件和笔画，不把读音相同当可互换。,CN-HAN-W612,3264,40,本行按原页恢复；原OCR见章外勘误表。
嘻,xī,嘻嘻哈哈,读xī，在“嘻嘻哈哈”中用“嘻”；先认完整原词，再核该字的部件和笔画，不把读音相同当可互换。,CN-HAN-W613,3266,40,
嬉,xī,嬉笑,读xī，在“嬉笑”中用“嬉”；先认完整原词，再核该字的部件和笔画，不把读音相同当可互换。,CN-HAN-W614,3267,40,
峋,xún,嶙峋,读xún，在“嶙峋”中用“峋”；先认完整原词，再核该字的部件和笔画，不把读音相同当可互换。,CN-HAN-W615,3269,40,本行按原页恢复；原OCR见章外勘误表。
徇,xùn,徇私,读xùn，在“徇私”中用“徇”；先认完整原词，再核该字的部件和笔画，不把读音相同当可互换。,CN-HAN-W615,3269,40,本行按原页恢复；原OCR见章外勘误表。
殉,xùn,殉职,读xùn，在“殉职”中用“殉”；先认完整原词，再核该字的部件和笔画，不把读音相同当可互换。,CN-HAN-W615,3269,40,本行按原页恢复；原OCR见章外勘误表。
绚,xuàn,绚丽,读xuàn，在“绚丽”中用“绚”；先认完整原词，再核该字的部件和笔画，不把读音相同当可互换。,CN-HAN-W615,3269,40,本行按原页恢复；原OCR见章外勘误表。
训,xùn,训练,读xùn，在“训练”中用“训”；先认完整原词，再核该字的部件和笔画，不把读音相同当可互换。,CN-HAN-W619,3271,40,
驯,xùn,驯熟,读xùn，在“驯熟”中用“驯”；先认完整原词，再核该字的部件和笔画，不把读音相同当可互换。,CN-HAN-W620,3272,40,
喧,xuān,喧闹,读xuān，在“喧闹”中用“喧”；先认完整原词，再核该字的部件和笔画，不把读音相同当可互换。,CN-HAN-W621,3274,40,
煊,xuān,煊赫,读xuān，在“煊赫”中用“煊”；先认完整原词，再核该字的部件和笔画，不把读音相同当可互换。,CN-HAN-W622,3275,40,本行按原页恢复；原OCR见章外勘误表。
暄,xuān,寒暄,读xuān，在“寒暄”中用“暄”；先认完整原词，再核该字的部件和笔画，不把读音相同当可互换。,CN-HAN-W623,3276,40,
渲,xuàn,渲染,读xuàn，在“渲染”中用“渲”；先认完整原词，再核该字的部件和笔画，不把读音相同当可互换。,CN-HAN-W624,3277,40,
消,xiāo,消失,读xiāo，在“消失”中用“消”；先认完整原词，再核该字的部件和笔画，不把读音相同当可互换。,CN-HAN-W625,3279,40,
销,xiāo,注销,读xiāo，在“注销”中用“销”；先认完整原词，再核该字的部件和笔画，不把读音相同当可互换。,CN-HAN-W626,3280,40,
皙,xī,白皙,读xī，在“白皙”中用“皙”；先认完整原词，再核该字的部件和笔画，不把读音相同当可互换。,CN-HAN-W627,3282,40,本行按原页恢复；原OCR见章外勘误表。
暂,zàn,暂时,读zàn，在“暂时”中用“暂”；先认完整原词，再核该字的部件和笔画，不把读音相同当可互换。,CN-HAN-W627,3282,40,本行按原页恢复；原OCR见章外勘误表。
炫,xuàn,炫耀,读xuàn，在“炫耀”中用“炫”；先认完整原词，再核该字的部件和笔画，不把读音相同当可互换。,CN-HAN-W629,3284,40,本行按原页恢复；原OCR见章外勘误表。
眩,xuàn,眩晕,读xuàn，在“眩晕”中用“眩”；先认完整原词，再核该字的部件和笔画，不把读音相同当可互换。,CN-HAN-W629,3284,40,本行按原页恢复；原OCR见章外勘误表。
衅,xìn,挑衅,读xìn，在“挑衅”中用“衅”；先认完整原词，再核该字的部件和笔画，不把读音相同当可互换。,CN-HAN-W631,3286,40,
畔,pàn,河畔,读pàn，在“河畔”中用“畔”；先认完整原词，再核该字的部件和笔画，不把读音相同当可互换。,CN-HAN-W632,3287,40,
辛,xīn,艰辛,读xīn，在“艰辛”中用“辛”；先认完整原词，再核该字的部件和笔画，不把读音相同当可互换。,CN-HAN-W633,3289,40,
幸,xìng,幸运,读xìng，在“幸运”中用“幸”；先认完整原词，再核该字的部件和笔画，不把读音相同当可互换。,CN-HAN-W634,3290,40,
莘,shēn,莘莘学子,读shēn，在“莘莘学子”中用“莘”；先认完整原词，再核该字的部件和笔画，不把读音相同当可互换。,CN-HAN-W635,3291,40,本行按原页恢复；原OCR见章外勘误表。
蓄,xù,积蓄,读xù，在“积蓄”中用“蓄”；先认完整原词，再核该字的部件和笔画，不把读音相同当可互换。,CN-HAN-W636,3293,40,
畜,chù,牲畜,读chù，在“牲畜”中用“畜”；先认完整原词，再核该字的部件和笔画，不把读音相同当可互换。,CN-HAN-W637,3294,40,
霄,xiāo,云霄,读xiāo，在“云霄”中用“霄”；先认完整原词，再核该字的部件和笔画，不把读音相同当可互换。,CN-HAN-W638,3296,40,
宵,xiāo,夜宵,读xiāo，在“夜宵”中用“宵”；先认完整原词，再核该字的部件和笔画，不把读音相同当可互换。,CN-HAN-W639,3297,40,
榭,xiè,水榭,读xiè，在“水榭”中用“榭”；先认完整原词，再核该字的部件和笔画，不把读音相同当可互换。,CN-HAN-W640,3298,40,
谢,xiè,感谢,读xiè，在“感谢”中用“谢”；先认完整原词，再核该字的部件和笔画，不把读音相同当可互换。,CN-HAN-W641,3299,40,
详,xiáng,详细,读xiáng，在“详细”中用“详”；先认完整原词，再核该字的部件和笔画，不把读音相同当可互换。,CN-HAN-W642,3301,40,
祥,xiáng,祥和,读xiáng，在“祥和”中用“祥”；先认完整原词，再核该字的部件和笔画，不把读音相同当可互换。,CN-HAN-W643,3302,40,
绪,xù,情绪,读xù，在“情绪”中用“绪”；先认完整原词，再核该字的部件和笔画，不把读音相同当可互换。,CN-HAN-W644,3304,40,
睹,dǔ,目睹,读dǔ，在“目睹”中用“睹”；先认完整原词，再核该字的部件和笔画，不把读音相同当可互换。,CN-HAN-W645,3305,40,
赌,dǔ,赌博,读dǔ，在“赌博”中用“赌”；先认完整原词，再核该字的部件和笔画，不把读音相同当可互换。,CN-HAN-W646,3306,40,
诸,zhū,诸位,读zhū，在“诸位”中用“诸”；先认完整原词，再核该字的部件和笔画，不把读音相同当可互换。,CN-HAN-W647,3307,40,
形,xíng,形状,读xíng，在“形状”中用“形”；先认完整原词，再核该字的部件和笔画，不把读音相同当可互换。,CN-HAN-W648,3309,40,
刑,xíng,刑罚,读xíng，在“刑罚”中用“刑”；先认完整原词，再核该字的部件和笔画，不把读音相同当可互换。,CN-HAN-W649,3310,40,
怡,yí,怡然自得,读yí，在“怡然自得”中用“怡”；先认完整原词，再核该字的部件和笔画，不把读音相同当可互换。,CN-HAN-W650,3314,40,
贻,yí,贻误,读yí，在“贻误”中用“贻”；先认完整原词，再核该字的部件和笔画，不把读音相同当可互换。,CN-HAN-W651,3315,40,
殆,dài,百战不殆,读dài，在“百战不殆”中用“殆”；先认完整原词，再核该字的部件和笔画，不把读音相同当可互换。,CN-HAN-W652,3316,40,
饴,yí,饴糖,读yí，在“饴糖”中用“饴”；先认完整原词，再核该字的部件和笔画，不把读音相同当可互换。,CN-HAN-W653,3317,40,
偃,yǎn,偃旗息鼓,读yǎn，在“偃旗息鼓”中用“偃”；先认完整原词，再核该字的部件和笔画，不把读音相同当可互换。,CN-HAN-W654,3319,40,
揠,yà,揠苗助长,读yà，在“揠苗助长”中用“揠”；先认完整原词，再核该字的部件和笔画，不把读音相同当可互换。,CN-HAN-W655,3320,40,
杳,yǎo,杳无音信,读yǎo，在“杳无音信”中用“杳”；先认完整原词，再核该字的部件和笔画，不把读音相同当可互换。,CN-HAN-W656,3322,40,
沓,tà,拖沓,读tà，在“拖沓”中用“沓”；先认完整原词，再核该字的部件和笔画，不把读音相同当可互换。,CN-HAN-W657,3323,40,
查,chá,检查,读chá，在“检查”中用“查”；先认完整原词，再核该字的部件和笔画，不把读音相同当可互换。,CN-HAN-W658,3324,40,
愠,yùn,愠色,读yùn，在“愠色”中用“愠”；先认完整原词，再核该字的部件和笔画，不把读音相同当可互换。,CN-HAN-W659,3327,40,本行按原页恢复；原OCR见章外勘误表。
温,wēn,温和,读wēn，在“温和”中用“温”；先认完整原词，再核该字的部件和笔画，不把读音相同当可互换。,CN-HAN-W660,3328,40,
谣,yáo,歌谣,读yáo，在“歌谣”中用“谣”；先认完整原词，再核该字的部件和笔画，不把读音相同当可互换。,CN-HAN-W661,3331,40,
摇,yáo,摇动,读yáo，在“摇动”中用“摇”；先认完整原词，再核该字的部件和笔画，不把读音相同当可互换。,CN-HAN-W662,3332,40,
遥,yáo,遥远,读yáo，在“遥远”中用“遥”；先认完整原词，再核该字的部件和笔画，不把读音相同当可互换。,CN-HAN-W663,3333,40,
徭,yáo,徭役,读yáo，在“徭役”中用“徭”；先认完整原词，再核该字的部件和笔画，不把读音相同当可互换。,CN-HAN-W664,3334,40,
宴,yàn,宴会,读yàn，在“宴会”中用“宴”；先认完整原词，再核该字的部件和笔画，不把读音相同当可互换。,CN-HAN-W665,3336,40,
晏,yàn,晏起,读yàn，在“晏起”中用“晏”；先认完整原词，再核该字的部件和笔画，不把读音相同当可互换。,CN-HAN-W666,3337,40,
译,yì,翻译,读yì，在“翻译”中用“译”；先认完整原词，再核该字的部件和笔画，不把读音相同当可互换。,CN-HAN-W667,3339,40,
绎,yì,演绎,读yì，在“演绎”中用“绎”；先认完整原词，再核该字的部件和笔画，不把读音相同当可互换。,CN-HAN-W668,3340,40,
驿,yì,驿站,读yì，在“驿站”中用“驿”；先认完整原词，再核该字的部件和笔画，不把读音相同当可互换。,CN-HAN-W669,3341,40,
垠,yín,无垠,读yín，在“无垠”中用“垠”；先认完整原词，再核该字的部件和笔画，不把读音相同当可互换。,CN-HAN-W670,3343,40,
限,xiàn,限制,读xiàn，在“限制”中用“限”；先认完整原词，再核该字的部件和笔画，不把读音相同当可互换。,CN-HAN-W671,3344,40,
愉,yú,愉快,读yú，在“愉快”中用“愉”；先认完整原词，再核该字的部件和笔画，不把读音相同当可互换。,CN-HAN-W672,3346,41,
逾,yú,逾越,读yú，在“逾越”中用“逾”；先认完整原词，再核该字的部件和笔画，不把读音相同当可互换。,CN-HAN-W673,3347,41,
榆,yú,榆树,读yú，在“榆树”中用“榆”；先认完整原词，再核该字的部件和笔画，不把读音相同当可互换。,CN-HAN-W674,3348,41,
渝,yú,坚贞不渝,读yú，在“坚贞不渝”中用“渝”；先认完整原词，再核该字的部件和笔画，不把读音相同当可互换。,CN-HAN-W675,3349,41,
弋,yì,游弋,读yì，在“游弋”中用“弋”；先认完整原词，再核该字的部件和笔画，不把读音相同当可互换。,CN-HAN-W676,3351,41,本行按原页恢复；原OCR见章外勘误表。
戈,gē,戈壁,读gē，在“戈壁”中用“戈”；先认完整原词，再核该字的部件和笔画，不把读音相同当可互换。,CN-HAN-W677,3352,41,
营,yíng,营地,读yíng，在“营地”中用“营”；先认完整原词，再核该字的部件和笔画，不把读音相同当可互换。,CN-HAN-W678,3354,41,
菅,jiān,草菅人命,读jiān，在“草菅人命”中用“菅”；先认完整原词，再核该字的部件和笔画，不把读音相同当可互换。,CN-HAN-W679,3355,41,
管,guǎn,管理,读guǎn，在“管理”中用“管”；先认完整原词，再核该字的部件和笔画，不把读音相同当可互换。,CN-HAN-W680,3356,41,
涯,yá,天涯,读yá，在“天涯”中用“涯”；先认完整原词，再核该字的部件和笔画，不把读音相同当可互换。,CN-HAN-W681,3358,41,
崖,yá,山崖,读yá，在“山崖”中用“崖”；先认完整原词，再核该字的部件和笔画，不把读音相同当可互换。,CN-HAN-W682,3359,41,
疑,yí,疑惑,读yí，在“疑惑”中用“疑”；先认完整原词，再核该字的部件和笔画，不把读音相同当可互换。,CN-HAN-W683,3361,41,
颖,yǐng,新颖,读yǐng，在“新颖”中用“颖”；先认完整原词，再核该字的部件和笔画，不把读音相同当可互换。,CN-HAN-W684,3362,41,
凝,níng,凝聚,读níng，在“凝聚”中用“凝”；先认完整原词，再核该字的部件和笔画，不把读音相同当可互换。,CN-HAN-W685,3363,41,
弈,yì,对弈,读yì，在“对弈”中用“弈”；先认完整原词，再核该字的部件和笔画，不把读音相同当可互换。,CN-HAN-W686,3365,41,
奕,yì,神采奕奕,读yì，在“神采奕奕”中用“奕”；先认完整原词，再核该字的部件和笔画，不把读音相同当可互换。,CN-HAN-W687,3366,41,
芋,yù,芋头,读yù，在“芋头”中用“芋”；先认完整原词，再核该字的部件和笔画，不把读音相同当可互换。,CN-HAN-W688,3368,41,
竽,yú,滥竽充数,读yú，在“滥竽充数”中用“竽”；先认完整原词，再核该字的部件和笔画，不把读音相同当可互换。,CN-HAN-W689,3369,41,
忧,yōu,忧愁,读yōu，在“忧愁”中用“忧”；先认完整原词，再核该字的部件和笔画，不把读音相同当可互换。,CN-HAN-W690,3371,41,
优,yōu,优秀,读yōu，在“优秀”中用“优”；先认完整原词，再核该字的部件和笔画，不把读音相同当可互换。,CN-HAN-W691,3372,41,
犹,yóu,犹豫,读yóu，在“犹豫”中用“犹”；先认完整原词，再核该字的部件和笔画，不把读音相同当可互换。,CN-HAN-W692,3373,41,
殒,yǔn,殒命,读yǔn，在“殒命”中用“殒”；先认完整原词，再核该字的部件和笔画，不把读音相同当可互换。,CN-HAN-W693,3375,41,本行按原页恢复；原OCR见章外勘误表。
陨,yǔn,陨落,读yǔn，在“陨落”中用“陨”；先认完整原词，再核该字的部件和笔画，不把读音相同当可互换。,CN-HAN-W694,3376,41,
损,sǔn,损失,读sǔn，在“损失”中用“损”；先认完整原词，再核该字的部件和笔画，不把读音相同当可互换。,CN-HAN-W695,3377,41,
殃,yāng,祸国殃民,读yāng，在“祸国殃民”中用“殃”；先认完整原词，再核该字的部件和笔画，不把读音相同当可互换。,CN-HAN-W696,3379,41,
泱,yāng,泱泱大国,读yāng，在“泱泱大国”中用“泱”；先认完整原词，再核该字的部件和笔画，不把读音相同当可互换。,CN-HAN-W697,3381,41,本行按原页恢复；原OCR见章外勘误表。
秧,yāng,插秧,读yāng，在“插秧”中用“秧”；先认完整原词，再核该字的部件和笔画，不把读音相同当可互换。,CN-HAN-W698,3383,41,
映,yìng,反映,读yìng，在“反映”中用“映”；先认完整原词，再核该字的部件和笔画，不把读音相同当可互换。,CN-HAN-W699,3385,41,
窑,yáo,窑洞,读yáo，在“窑洞”中用“窑”；先认完整原词，再核该字的部件和笔画，不把读音相同当可互换。,CN-HAN-W700,3387,41,
窖,jiào,地窖,读jiào，在“地窖”中用“窖”；先认完整原词，再核该字的部件和笔画，不把读音相同当可互换。,CN-HAN-W701,3389,41,
液,yè,液体,读yè，在“液体”中用“液”；先认完整原词，再核该字的部件和笔画，不把读音相同当可互换。,CN-HAN-W702,3391,41,
腋,yè,腋窝,读yè，在“腋窝”中用“腋”；先认完整原词，再核该字的部件和笔画，不把读音相同当可互换。,CN-HAN-W703,3392,41,
掖,yè,奖掖,读yè，在“奖掖”中用“掖”；先认完整原词，再核该字的部件和笔画，不把读音相同当可互换。,CN-HAN-W704,3393,41,
隅,yú,向隅而泣,读yú，在“向隅而泣”中用“隅”；先认完整原词，再核该字的部件和笔画，不把读音相同当可互换。,CN-HAN-W705,3395,41,
偶,ǒu,偶然,读ǒu，在“偶然”中用“偶”；先认完整原词，再核该字的部件和笔画，不把读音相同当可互换。,CN-HAN-W706,3396,41,
谒,yè,谒见,读yè，在“谒见”中用“谒”；先认完整原词，再核该字的部件和笔画，不把读音相同当可互换。,CN-HAN-W707,3398,41,
揭,jiē,揭示,读jiē，在“揭示”中用“揭”；先认完整原词，再核该字的部件和笔画，不把读音相同当可互换。,CN-HAN-W708,3399,41,
遏,è,遏止,读è，在“遏止”中用“遏”；先认完整原词，再核该字的部件和笔画，不把读音相同当可互换。,CN-HAN-W709,3400,41,
予,yǔ,给予,读yǔ，在“给予”中用“予”；先认完整原词，再核该字的部件和笔画，不把读音相同当可互换。,CN-HAN-W710,3402,41,
于,yú,于是,读yú，在“于是”中用“于”；先认完整原词，再核该字的部件和笔画，不把读音相同当可互换。,CN-HAN-W711,3403,41,
肄,yì,肄业,读yì，在“肄业”中用“肄”；先认完整原词，再核该字的部件和笔画，不把读音相同当可互换。,CN-HAN-W712,3405,41,本行按原页恢复；原OCR见章外勘误表。
肆,sì,放肆,读sì，在“放肆”中用“肆”；先认完整原词，再核该字的部件和笔画，不把读音相同当可互换。,CN-HAN-W713,3406,41,
拥,yōng,拥抱,读yōng，在“拥抱”中用“拥”；先认完整原词，再核该字的部件和笔画，不把读音相同当可互换。,CN-HAN-W714,3408,41,本行按原页恢复；原OCR见章外勘误表。
佣,yōng,雇佣,读yōng，在“雇佣”中用“佣”；先认完整原词，再核该字的部件和笔画，不把读音相同当可互换。,CN-HAN-W714,3408,41,本行按原页恢复；原OCR见章外勘误表。
俑,yǒng,兵马俑,读yǒng，在“兵马俑”中用“俑”；先认完整原词，再核该字的部件和笔画，不把读音相同当可互换。,CN-HAN-W714,3408,41,本行按原页恢复；原OCR见章外勘误表。
谕,yù,口谕,读yù，在“口谕”中用“谕”；先认完整原词，再核该字的部件和笔画，不把读音相同当可互换。,CN-HAN-W717,3410,41,
喻,yù,比喻,读yù，在“比喻”中用“喻”；先认完整原词，再核该字的部件和笔画，不把读音相同当可互换。,CN-HAN-W718,3411,41,
愉,yú,愉快,读yú，在“愉快”中用“愉”；先认完整原词，再核该字的部件和笔画，不把读音相同当可互换。,CN-HAN-W719,3412,41,
招,zhāo,招呼,读zhāo，在“招呼”中用“招”；先认完整原词，再核该字的部件和笔画，不把读音相同当可互换。,CN-HAN-W720,3416,41,
诏,zhào,诏书,读zhào，在“诏书”中用“诏”；先认完整原词，再核该字的部件和笔画，不把读音相同当可互换。,CN-HAN-W721,3417,41,
沼,zhǎo,沼气,读zhǎo，在“沼气”中用“沼”；先认完整原词，再核该字的部件和笔画，不把读音相同当可互换。,CN-HAN-W722,3418,41,
迢,tiáo,千里迢迢,读tiáo，在“千里迢迢”中用“迢”；先认完整原词，再核该字的部件和笔画，不把读音相同当可互换。,CN-HAN-W723,3419,41,
扎,zhá,挣扎,读zhá，在“挣扎”中用“扎”；先认完整原词，再核该字的部件和笔画，不把读音相同当可互换。,CN-HAN-W724,3421,41,
札,zhá,札记,读zhá，在“札记”中用“札”；先认完整原词，再核该字的部件和笔画，不把读音相同当可互换。,CN-HAN-W725,3422,41,
轧,zhá,轧钢,读zhá，在“轧钢”中用“轧”；先认完整原词，再核该字的部件和笔画，不把读音相同当可互换。,CN-HAN-W726,3423,41,
眨,zhǎ,眨眼,读zhǎ，在“眨眼”中用“眨”；先认完整原词，再核该字的部件和笔画，不把读音相同当可互换。,CN-HAN-W727,3425,41,
贬,biǎn,贬值,读biǎn，在“贬值”中用“贬”；先认完整原词，再核该字的部件和笔画，不把读音相同当可互换。,CN-HAN-W728,3426,41,
泛,fàn,广泛,读fàn，在“广泛”中用“泛”；先认完整原词，再核该字的部件和笔画，不把读音相同当可互换。,CN-HAN-W729,3427,41,
砭,biān,针砭时弊,读biān，在“针砭时弊”中用“砭”；先认完整原词，再核该字的部件和笔画，不把读音相同当可互换。,CN-HAN-W730,3428,41,
缀,zhuì,点缀,读zhuì，在“点缀”中用“缀”；先认完整原词，再核该字的部件和笔画，不把读音相同当可互换。,CN-HAN-W731,3430,41,
辍,chuò,辍学,读chuò，在“辍学”中用“辍”；先认完整原词，再核该字的部件和笔画，不把读音相同当可互换。,CN-HAN-W732,3431,41,
掇,duō,掇拾,读duō，在“掇拾”中用“掇”；先认完整原词，再核该字的部件和笔画，不把读音相同当可互换。,CN-HAN-W733,3432,41,本行按原页恢复；原OCR见章外勘误表。
啜,chuò,啜泣,读chuò，在“啜泣”中用“啜”；先认完整原词，再核该字的部件和笔画，不把读音相同当可互换。,CN-HAN-W734,3433,41,
灼,zhuó,灼热,读zhuó，在“灼热”中用“灼”；先认完整原词，再核该字的部件和笔画，不把读音相同当可互换。,CN-HAN-W735,3435,41,
酌,zhuó,斟酌,读zhuó，在“斟酌”中用“酌”；先认完整原词，再核该字的部件和笔画，不把读音相同当可互换。,CN-HAN-W736,3436,41,
趵,bào,趵突泉,读bào，在“趵突泉”中用“趵”；先认完整原词，再核该字的部件和笔画，不把读音相同当可互换。,CN-HAN-W737,3437,41,本行按原页恢复；原OCR见章外勘误表。
赚,zhuàn,赚钱,读zhuàn，在“赚钱”中用“赚”；先认完整原词，再核该字的部件和笔画，不把读音相同当可互换。,CN-HAN-W738,3439,41,
谦,qiān,谦虚,读qiān，在“谦虚”中用“谦”；先认完整原词，再核该字的部件和笔画，不把读音相同当可互换。,CN-HAN-W739,3440,41,
嫌,xián,嫌疑,读xián，在“嫌疑”中用“嫌”；先认完整原词，再核该字的部件和笔画，不把读音相同当可互换。,CN-HAN-W740,3441,41,
歉,qiàn,抱歉,读qiàn，在“抱歉”中用“歉”；先认完整原词，再核该字的部件和笔画，不把读音相同当可互换。,CN-HAN-W741,3442,41,
治,zhì,治理,读zhì，在“治理”中用“治”；先认完整原词，再核该字的部件和笔画，不把读音相同当可互换。,CN-HAN-W742,3444,41,
冶,yě,冶炼,读yě，在“冶炼”中用“冶”；先认完整原词，再核该字的部件和笔画，不把读音相同当可互换。,CN-HAN-W743,3445,41,
逐,zhú,追逐,读zhú，在“追逐”中用“逐”；先认完整原词，再核该字的部件和笔画，不把读音相同当可互换。,CN-HAN-W744,3447,41,本行按原页恢复；原OCR见章外勘误表。
遂,suì,遂愿,读suì，在“遂愿”中用“遂”；先认完整原词，再核该字的部件和笔画，不把读音相同当可互换。,CN-HAN-W745,3448,41,
拙,zhuō,笨拙,读zhuō，在“笨拙”中用“拙”；先认完整原词，再核该字的部件和笔画，不把读音相同当可互换。,CN-HAN-W746,3450,41,
绌,chù,相形见绌,读chù，在“相形见绌”中用“绌”；先认完整原词，再核该字的部件和笔画，不把读音相同当可互换。,CN-HAN-W747,3451,41,本行按原页恢复；原OCR见章外勘误表。
黜,chù,罢黜,读chù，在“罢黜”中用“黜”；先认完整原词，再核该字的部件和笔画，不把读音相同当可互换。,CN-HAN-W748,3452,41,本行按原页恢复；原OCR见章外勘误表。
绽,zhàn,绽开,读zhàn，在“绽开”中用“绽”；先认完整原词，再核该字的部件和笔画，不把读音相同当可互换。,CN-HAN-W749,3453,41,
淀,diàn,积淀,读diàn，在“积淀”中用“淀”；先认完整原词，再核该字的部件和笔画，不把读音相同当可互换。,CN-HAN-W750,3454,41,
锭,dìng,钢锭,读dìng，在“钢锭”中用“锭”；先认完整原词，再核该字的部件和笔画，不把读音相同当可互换。,CN-HAN-W751,3455,41,
拄,zhǔ,拄拐,读zhǔ，在“拄拐”中用“拄”；先认完整原词，再核该字的部件和笔画，不把读音相同当可互换。,CN-HAN-W752,3457,41,本行按原页恢复；原OCR见章外勘误表。
柱,zhù,柱子,读zhù，在“柱子”中用“柱”；先认完整原词，再核该字的部件和笔画，不把读音相同当可互换。,CN-HAN-W752,3457,41,本行按原页恢复；原OCR见章外勘误表。
奏,zòu,奏乐,读zòu，在“奏乐”中用“奏”；先认完整原词，再核该字的部件和笔画，不把读音相同当可互换。,CN-HAN-W752,3457,41,本行按原页恢复；原OCR见章外勘误表。
秦,qín,秦腔,读qín，在“秦腔”中用“秦”；先认完整原词，再核该字的部件和笔画，不把读音相同当可互换。,CN-HAN-W752,3457,41,本行按原页恢复；原OCR见章外勘误表。
尊,zūn,尊重,读zūn，在“尊重”中用“尊”；先认完整原词，再核该字的部件和笔画，不把读音相同当可互换。,CN-HAN-W752,3457,41,本行按原页恢复；原OCR见章外勘误表。
遵,zūn,遵循,读zūn，在“遵循”中用“遵”；先认完整原词，再核该字的部件和笔画，不把读音相同当可互换。,CN-HAN-W752,3457,41,本行按原页恢复；原OCR见章外勘误表。
嘱,zhǔ,叮嘱,读zhǔ，在“叮嘱”中用“嘱”；先认完整原词，再核该字的部件和笔画，不把读音相同当可互换。,CN-HAN-W752,3457,41,本行按原页恢复；原OCR见章外勘误表。
瞩,zhǔ,瞩目,读zhǔ，在“瞩目”中用“瞩”；先认完整原词，再核该字的部件和笔画，不把读音相同当可互换。,CN-HAN-W752,3457,41,本行按原页恢复；原OCR见章外勘误表。
资,zī,资本,读zī，在“资本”中用“资”；先认完整原词，再核该字的部件和笔画，不把读音相同当可互换。,CN-HAN-W760,3459,41,
姿,zī,姿态,读zī，在“姿态”中用“姿”；先认完整原词，再核该字的部件和笔画，不把读音相同当可互换。,CN-HAN-W761,3460,41,
恣,zì,恣睢,读zì，在“恣睢”中用“恣”；先认完整原词，再核该字的部件和笔画，不把读音相同当可互换。,CN-HAN-W762,3461,41,
谆,zhūn,谆谆教诲,读zhūn，在“谆谆教诲”中用“谆”；先认完整原词，再核该字的部件和笔画，不把读音相同当可互换。,CN-HAN-W763,3462,41,本行按原页恢复；原OCR见章外勘误表。
淳,chún,淳朴,读chún，在“淳朴”中用“淳”；先认完整原词，再核该字的部件和笔画，不把读音相同当可互换。,CN-HAN-W764,3463,41,
醇,chún,醇正,读chún，在“醇正”中用“醇”；先认完整原词，再核该字的部件和笔画，不把读音相同当可互换。,CN-HAN-W765,3464,41,
准,zhǔn,准备,读zhǔn，在“准备”中用“准”；先认完整原词，再核该字的部件和笔画，不把读音相同当可互换。,CN-HAN-W766,3466,41,本行按原页恢复；原OCR见章外勘误表。
淮,Huái,淮河,读Huái，在“淮河”中用“淮”；先认完整原词，再核该字的部件和笔画，不把读音相同当可互换。,CN-HAN-W766,3466,41,本行按原页恢复；原OCR见章外勘误表。
褶,zhě,褶皱,读zhě，在“褶皱”中用“褶”；先认完整原词，再核该字的部件和笔画，不把读音相同当可互换。,CN-HAN-W766,3466,41,本行按原页恢复；原OCR见章外勘误表。
熠,yì,熠熠生辉,读yì，在“熠熠生辉”中用“熠”；先认完整原词，再核该字的部件和笔画，不把读音相同当可互换。,CN-HAN-W766,3466,41,本行按原页恢复；原OCR见章外勘误表。
障,zhàng,障碍,读zhàng，在“障碍”中用“障”；先认完整原词，再核该字的部件和笔画，不把读音相同当可互换。,CN-HAN-W770,3468,41,本行按原页恢复；原OCR见章外勘误表。
幛,zhàng,贺幛,读zhàng，在“贺幛”中用“幛”；先认完整原词，再核该字的部件和笔画，不把读音相同当可互换。,CN-HAN-W770,3468,41,本行按原页恢复；原OCR见章外勘误表。
嶂,zhàng,层峦叠嶂,读zhàng，在“层峦叠嶂”中用“嶂”；先认完整原词，再核该字的部件和笔画，不把读音相同当可互换。,CN-HAN-W770,3468,41,本行按原页恢复；原OCR见章外勘误表。
彰,zhāng,彰显,读zhāng，在“彰显”中用“彰”；先认完整原词，再核该字的部件和笔画，不把读音相同当可互换。,CN-HAN-W770,3468,41,本行按原页恢复；原OCR见章外勘误表。
租,zū,租房,读zū，在“租房”中用“租”；先认完整原词，再核该字的部件和笔画，不把读音相同当可互换。,CN-HAN-W770,3468,41,本行按原页恢复；原OCR见章外勘误表。
诅,zǔ,诅咒,读zǔ，在“诅咒”中用“诅”；先认完整原词，再核该字的部件和笔画，不把读音相同当可互换。,CN-HAN-W770,3468,41,本行按原页恢复；原OCR见章外勘误表。
咀,jǔ,咀嚼,读jǔ，在“咀嚼”中用“咀”；先认完整原词，再核该字的部件和笔画，不把读音相同当可互换。,CN-HAN-W770,3468,41,本行按原页恢复；原OCR见章外勘误表。
沮,jǔ,沮丧,读jǔ，在“沮丧”中用“沮”；先认完整原词，再核该字的部件和笔画，不把读音相同当可互换。,CN-HAN-W770,3468,41,本行按原页恢复；原OCR见章外勘误表。
睁,zhēng,睁眼,读zhēng，在“睁眼”中用“睁”；先认完整原词，再核该字的部件和笔画，不把读音相同当可互换。,CN-HAN-W778,3470,41,
挣,zhèng,挣脱,读zhèng，在“挣脱”中用“挣”；先认完整原词，再核该字的部件和笔画，不把读音相同当可互换。,CN-HAN-W779,3471,41,
筝,zhēng,古筝,读zhēng，在“古筝”中用“筝”；先认完整原词，再核该字的部件和笔画，不把读音相同当可互换。,CN-HAN-W780,3472,41,
峥,zhēng,峥嵘,读zhēng，在“峥嵘”中用“峥”；先认完整原词，再核该字的部件和笔画，不把读音相同当可互换。,CN-HAN-W781,3473,41,
折,zhé,折纸,读zhé，在“折纸”中用“折”；先认完整原词，再核该字的部件和笔画，不把读音相同当可互换。,CN-HAN-W782,3474,41,
拆,chāi,拆除,读chāi，在“拆除”中用“拆”；先认完整原词，再核该字的部件和笔画，不把读音相同当可互换。,CN-HAN-W783,3475,41,
析,xī,分析,读xī，在“分析”中用“析”；先认完整原词，再核该字的部件和笔画，不把读音相同当可互换。,CN-HAN-W784,3476,41,
沂,Yí,沂蒙山,读Yí，在“沂蒙山”中用“沂”；先认完整原词，再核该字的部件和笔画，不把读音相同当可互换。,CN-HAN-W785,3477,41,
贮,zhù,贮藏,读zhù，在“贮藏”中用“贮”；先认完整原词，再核该字的部件和笔画，不把读音相同当可互换。,CN-HAN-W786,3479,41,本行按原页恢复；原OCR见章外勘误表。
伫,zhù,伫立,读zhù，在“伫立”中用“伫”；先认完整原词，再核该字的部件和笔画，不把读音相同当可互换。,CN-HAN-W786,3479,41,本行按原页恢复；原OCR见章外勘误表。
坠,zhuì,坠毁,读zhuì，在“坠毁”中用“坠”；先认完整原词，再核该字的部件和笔画，不把读音相同当可互换。,CN-HAN-W786,3479,41,本行按原页恢复；原OCR见章外勘误表。
堕,duò,堕落,读duò，在“堕落”中用“堕”；先认完整原词，再核该字的部件和笔画，不把读音相同当可互换。,CN-HAN-W786,3479,41,本行按原页恢复；原OCR见章外勘误表。
蛰,zhé,蛰伏,读zhé，在“蛰伏”中用“蛰”；先认完整原词，再核该字的部件和笔画，不把读音相同当可互换。,CN-HAN-W790,3481,41,本行按原页恢复；原OCR见章外勘误表。
蜇,zhé,海蜇,读zhé，在“海蜇”中用“蜇”；先认完整原词，再核该字的部件和笔画，不把读音相同当可互换。,CN-HAN-W790,3481,41,本行按原页恢复；原OCR见章外勘误表。
帙,zhì,卷帙浩繁,读zhì，在“卷帙浩繁”中用“帙”；先认完整原词，再核该字的部件和笔画，不把读音相同当可互换。,CN-HAN-W790,3481,41,本行按原页恢复；原OCR见章外勘误表。
秩,zhì,秩序,读zhì，在“秩序”中用“秩”；先认完整原词，再核该字的部件和笔画，不把读音相同当可互换。,CN-HAN-W790,3481,41,本行按原页恢复；原OCR见章外勘误表。
辄,zhé,动辄得咎,读zhé，在“动辄得咎”中用“辄”；先认完整原词，再核该字的部件和笔画，不把读音相同当可互换。,CN-HAN-W794,3483,41,
脂,zhī,油脂,读zhī，在“油脂”中用“脂”；先认完整原词，再核该字的部件和笔画，不把读音相同当可互换。,CN-HAN-W794,3483,41,
辙,zhé,车辙,读zhé，在“车辙”中用“辙”；先认完整原词，再核该字的部件和笔画，不把读音相同当可互换。,CN-HAN-W796,3484,41,
酯,zhǐ,聚酯,读zhǐ，在“聚酯”中用“酯”；先认完整原词，再核该字的部件和笔画，不把读音相同当可互换。,CN-HAN-W796,3484,41,
浙,Zhè,浙江,读Zhè，在“浙江”中用“浙”；先认完整原词，再核该字的部件和笔画，不把读音相同当可互换。,CN-HAN-W798,3486,41,
惭,cán,惭愧,读cán，在“惭愧”中用“惭”；先认完整原词，再核该字的部件和笔画，不把读音相同当可互换。,CN-HAN-W799,3487,41,本行按原页恢复；原OCR见章外勘误表。
渐,jiàn,逐渐,读jiàn，在“逐渐”中用“渐”；先认完整原词，再核该字的部件和笔画，不把读音相同当可互换。,CN-HAN-W800,3488,41,
综,zōng,综合,读zōng，在“综合”中用“综”；先认完整原词，再核该字的部件和笔画，不把读音相同当可互换。,CN-HAN-W801,3489,41,
棕,zōng,棕榈,读zōng，在“棕榈”中用“棕”；先认完整原词，再核该字的部件和笔画，不把读音相同当可互换。,CN-HAN-W802,3490,41,
踪,zōng,跟踪,读zōng，在“跟踪”中用“踪”；先认完整原词，再核该字的部件和笔画，不把读音相同当可互换。,CN-HAN-W803,3491,41,
殖,zhí,繁殖,读zhí，在“繁殖”中用“殖”；先认完整原词，再核该字的部件和笔画，不把读音相同当可互换。,CN-HAN-W804,3493,41,本行按原页恢复；原OCR见章外勘误表。
植,zhí,种植,读zhí，在“种植”中用“植”；先认完整原词，再核该字的部件和笔画，不把读音相同当可互换。,CN-HAN-W804,3493,41,本行按原页恢复；原OCR见章外勘误表。
值,zhí,值班,读zhí，在“值班”中用“值”；先认完整原词，再核该字的部件和笔画，不把读音相同当可互换。,CN-HAN-W804,3493,41,本行按原页恢复；原OCR见章外勘误表。
赃,zāng,赃款,读zāng，在“赃款”中用“赃”；先认完整原词，再核该字的部件和笔画，不把读音相同当可互换。,CN-HAN-W804,3493,41,本行按原页恢复；原OCR见章外勘误表。
脏,zāng,脏乱,读zāng，在“脏乱”中用“脏”；先认完整原词，再核该字的部件和笔画，不把读音相同当可互换。,CN-HAN-W804,3493,41,本行按原页恢复；原OCR见章外勘误表。
桩,zhuāng,树桩,读zhuāng，在“树桩”中用“桩”；先认完整原词，再核该字的部件和笔画，不把读音相同当可互换。,CN-HAN-W804,3493,41,本行按原页恢复；原OCR见章外勘误表。
鸩,zhèn,饮鸩止渴,读zhèn，在“饮鸩止渴”中用“鸩”；先认完整原词，再核该字的部件和笔画，不把读音相同当可互换。,CN-HAN-W810,3495,41,本行按原页恢复；原OCR见章外勘误表。
鸠,jiū,斑鸠,读jiū，在“斑鸠”中用“鸠”；先认完整原词，再核该字的部件和笔画，不把读音相同当可互换。,CN-HAN-W811,3496,41,
铸,zhù,铸造,读zhù，在“铸造”中用“铸”；先认完整原词，再核该字的部件和笔画，不把读音相同当可互换。,CN-HAN-W812,3497,41,
踌,chóu,踌躇,读chóu，在“踌躇”中用“踌”；先认完整原词，再核该字的部件和笔画，不把读音相同当可互换。,CN-HAN-W813,3498,41,
