字组,字,原释义与词例,来源编号,原文行号,辨析线索,使用边界
【暗 黯】,暗,"光线不足,秘密的,糊涂,不鲜明。",CN-HAN-D001,3504,"本字：光线不足,秘密的,糊涂,不鲜明。；对照：黯—阴暗,多用于形容忧郁伤感的样子",保留原表列出的义项，不当作该字全部义项；固定词例按原搭配核写，字音另见多音字表。
【暗 黯】,黯,"阴暗,多用于形容忧郁伤感的样子,如“黯然神伤”。",CN-HAN-D002,3506,"本字：阴暗,多用于形容忧郁伤感的样子；对照：暗—光线不足,秘密的,糊涂,不鲜明。",保留原表列出的义项，不当作该字全部义项；固定词例按原搭配核写，字音另见多音字表。
【暴 爆】,暴,"①突然而且猛烈,如“暴雨”;②凶狠,残酷,如“暴行”;③暴烈急躁,如“暴脾气”;④露出来,显露,如“暴露”;⑤糟蹋,如“自暴自弃”。",CN-HAN-D003,3512,本字：①突然而且猛烈；对照：爆—①猛然破裂或迸出,保留原表列出的义项，不当作该字全部义项；固定词例按原搭配核写，字音另见多音字表。
【暴 爆】,爆,"①猛然破裂或迸出,如“爆炸”;②出人意料地出现,突然发生,如“爆冷门”;③一种烹调方法,如“爆炒”。",CN-HAN-D004,3514,本字：①猛然破裂或迸出；对照：暴—①突然而且猛烈,保留原表列出的义项，不当作该字全部义项；固定词例按原搭配核写，字音另见多音字表。
【弊毙】,弊,"①欺诈蒙骗图占便宜的行为,如“作弊”;②害处,毛病,如“切中时弊”。",CN-HAN-D005,3518,本字：①欺诈蒙骗图占便宜的行为；对照：毙—死,保留原表列出的义项，不当作该字全部义项；固定词例按原搭配核写，字音另见多音字表。
【弊毙】,毙,"死,如“毙命”。",CN-HAN-D006,3520,本字：死；对照：弊—①欺诈蒙骗图占便宜的行为,保留原表列出的义项，不当作该字全部义项；固定词例按原搭配核写，字音另见多音字表。
【辨 辩】,辨,"辨别,分辨,如“辨析”“明辨是非”。",CN-HAN-D007,3524,"本字：辨别,分辨；对照：辩—辩解,辩论",保留原表列出的义项，不当作该字全部义项；固定词例按原搭配核写，字音另见多音字表。
【辨 辩】,辩,"辩解,辩论,如“争辩”“辩驳”。",CN-HAN-D008,3526,"本字：辩解,辩论；对照：辨—辨别,分辨",保留原表列出的义项，不当作该字全部义项；固定词例按原搭配核写，字音另见多音字表。
【搏 博 膊】,搏,"①搏斗,对打,如“拼搏”;②扑上去抓,如“狮子搏兔”;③跳动,如“脉搏”。",CN-HAN-D009,3530,"本字：①搏斗,对打；对照：博—①(量)多,丰富；膊—胳膊",保留原表列出的义项，不当作该字全部义项；固定词例按原搭配核写，字音另见多音字表。
【搏 博 膊】,博,"①(量)多,丰富,如“渊博”;②通晓,如“博古通今”;③博取,取得,如“聊博一笑”。",CN-HAN-D010,3532,"本字：①(量)多,丰富；对照：搏—①搏斗,对打；膊—胳膊",保留原表列出的义项，不当作该字全部义项；固定词例按原搭配核写，字音另见多音字表。
【搏 博 膊】,膊,"胳膊,如“赤膊”。",CN-HAN-D011,3534,"本字：胳膊；对照：搏—①搏斗,对打；博—①(量)多,丰富",保留原表列出的义项，不当作该字全部义项；固定词例按原搭配核写，字音另见多音字表。
【才材】,才,"才能,如“德才兼备”“才疏学浅”。",CN-HAN-D012,3540,本字：才能；对照：材—①材料,保留原表列出的义项，不当作该字全部义项；固定词例按原搭配核写，字音另见多音字表。
【才材】,材,"①材料,如“木材”;②资料,如“教材”;③某类人,如“栋梁之材”。",CN-HAN-D013,3542,本字：①材料；对照：才—才能,保留原表列出的义项，不当作该字全部义项；固定词例按原搭配核写，字音另见多音字表。
【采彩】,采,"①摘,如“采莲”;②开采,如“采矿”;③搜集,如“采风”;④选取,取,如“采购”;⑤精神,神色,如“兴高采烈”。",CN-HAN-D014,3546,本字：①摘；对照：彩—①颜色,保留原表列出的义项，不当作该字全部义项；固定词例按原搭配核写，字音另见多音字表。
【采彩】,彩,"①颜色,如“五彩”;②表示赞赏的欢呼声,如“喝彩”;③花样,精彩的成分,如“丰富多彩”。",CN-HAN-D015,3548,本字：①颜色；对照：采—①摘,保留原表列出的义项，不当作该字全部义项；固定词例按原搭配核写，字音另见多音字表。
【驰弛】,驰,"①(车马等,使车马等)跑得很快,如“奔驰”;②传播,如“驰名”;③(心神)向往,如“心驰神往”。",CN-HAN-D016,3552,"本字：①(车马等,使车马等)跑得很快；对照：弛—①放松",保留原表列出的义项，不当作该字全部义项；固定词例按原搭配核写，字音另见多音字表。
【驰弛】,弛,"①放松,如“一张一弛”;②松懈,如“松弛”。",CN-HAN-D017,3554,"本字：①放松；对照：驰—①(车马等,使车马等)跑得很快",保留原表列出的义项，不当作该字全部义项；固定词例按原搭配核写，字音另见多音字表。
【崇 祟】,崇,"①高,如“崇山峻岭”;②重视,尊敬,如“尊崇”“推崇”。",CN-HAN-D018,3558,"本字：①高；对照：祟—原指鬼怪或鬼怪害人,借指不正当的行动",保留原表列出的义项，不当作该字全部义项；固定词例按原搭配核写，字音另见多音字表。
【崇 祟】,祟,"原指鬼怪或鬼怪害人,借指不正当的行动,如“作祟”“鬼鬼祟祟”。",CN-HAN-D019,3560,"本字：原指鬼怪或鬼怪害人,借指不正当的行动；对照：崇—①高",保留原表列出的义项，不当作该字全部义项；固定词例按原搭配核写，字音另见多音字表。
【淳醇】,淳,"淳朴,可用来形容人的品质或民风,如“淳厚”;也可形容音色,如“音色淳美”。",CN-HAN-D020,3564,"本字：淳朴,可用来形容人的品质或民风；对照：醇—①含酒精多的酒;②纯粹。",保留原表列出的义项，不当作该字全部义项；固定词例按原搭配核写，字音另见多音字表。
【淳醇】,醇,①含酒精多的酒;②纯粹。,CN-HAN-D021,3566,"本字：①含酒精多的酒;②纯粹。；对照：淳—淳朴,可用来形容人的品质或民风",保留原表列出的义项，不当作该字全部义项；固定词例按原搭配核写，字音另见多音字表。
【篡纂】,篡,"夺取,多指篡位,如“篡权”。",CN-HAN-D022,3570,"本字：夺取,多指篡位；对照：纂—编辑",保留原表列出的义项，不当作该字全部义项；固定词例按原搭配核写，字音另见多音字表。
【篡纂】,纂,"编辑,如“编纂”。",CN-HAN-D023,3572,"本字：编辑；对照：篡—夺取,多指篡位",保留原表列出的义项，不当作该字全部义项；固定词例按原搭配核写，字音另见多音字表。
【粹萃瘁悴】,粹,"①纯粹,如“粹而不杂”;②精华,如“精粹”。",CN-HAN-D024,3576,"本字：①纯粹；对照：萃—①聚集；瘁—过度劳累；悴—憔悴(形容人瘦弱,面色不好看)。",保留原表列出的义项，不当作该字全部义项；固定词例按原搭配核写，字音另见多音字表。
【粹萃瘁悴】,萃,"①聚集,如“荟萃”;②聚在一起的人或物,如“出类拔萃”。",CN-HAN-D025,3578,"本字：①聚集；对照：粹—①纯粹；瘁—过度劳累；悴—憔悴(形容人瘦弱,面色不好看)。",保留原表列出的义项，不当作该字全部义项；固定词例按原搭配核写，字音另见多音字表。
【粹萃瘁悴】,瘁,"过度劳累,如“心力交瘁”“鞠躬尽瘁”。",CN-HAN-D026,3580,"本字：过度劳累；对照：粹—①纯粹；萃—①聚集；悴—憔悴(形容人瘦弱,面色不好看)。",保留原表列出的义项，不当作该字全部义项；固定词例按原搭配核写，字音另见多音字表。
【粹萃瘁悴】,悴,"憔悴(形容人瘦弱,面色不好看)。",CN-HAN-D027,3582,"本字：憔悴(形容人瘦弱,面色不好看)。；对照：粹—①纯粹；萃—①聚集；瘁—过度劳累",保留原表列出的义项，不当作该字全部义项；固定词例按原搭配核写，字音另见多音字表。
【带戴】,带,"①带子或像带子的长条物,如“皮带”;②随身拿着,携带,如“带着书包”;③引导,领,如“带队”;④捎带着做某事,如“上街带包茶叶来”;⑤呈现,显出,如“面带笑容”。",CN-HAN-D028,3588,本字：①带子或像带子的长条物；对照：戴—①把东西放在头、面、颈、胸、臂等处,保留原表列出的义项，不当作该字全部义项；固定词例按原搭配核写，字音另见多音字表。
【带戴】,戴,"①把东西放在头、面、颈、胸、臂等处,如“戴手表”;②拥护尊敬,如“爱戴”;③头顶着,如“披星戴月”“不共戴天”。",CN-HAN-D029,3590,本字：①把东西放在头、面、颈、胸、臂等处；对照：带—①带子或像带子的长条物,保留原表列出的义项，不当作该字全部义项；固定词例按原搭配核写，字音另见多音字表。
【耽 眈】,耽,"①延误,迟延,如“耽误”;②沉溺,入迷,如“耽于幻想”。",CN-HAN-D030,3594、3596,"本字：①延误,迟延；对照：眈—眈眈,形容眼睛注视",保留原表列出的义项，不当作该字全部义项；固定词例按原搭配核写，字音另见多音字表。
【耽 眈】,眈,"眈眈,形容眼睛注视,如“虎视眈眈”。",CN-HAN-D031,3598,"本字：眈眈,形容眼睛注视；对照：耽—①延误,迟延",保留原表列出的义项，不当作该字全部义项；固定词例按原搭配核写，字音另见多音字表。
【蒂缔谛】,蒂,"瓜、果等跟茎、叶相连的部分,把儿(bàr),如“根深蒂固”。",CN-HAN-D032,3602,"本字：瓜、果等跟茎、叶相连的部分,把儿(bàr)；对照：缔—结合,订立；谛—①仔细(看或听)",保留原表列出的义项，不当作该字全部义项；固定词例按原搭配核写，字音另见多音字表。
【蒂缔谛】,缔,"结合,订立,如“缔约”“缔结”。",CN-HAN-D033,3604,"本字：结合,订立；对照：蒂—瓜、果等跟茎、叶相连的部分,把儿(bàr)；谛—①仔细(看或听)",保留原表列出的义项，不当作该字全部义项；固定词例按原搭配核写，字音另见多音字表。
【蒂缔谛】,谛,"①仔细(看或听),如“谛听”;②佛教指真实而正确的道理,泛指道理,如“真谛”。",CN-HAN-D034,3606,"本字：①仔细(看或听)；对照：蒂—瓜、果等跟茎、叶相连的部分,把儿(bàr)；缔—结合,订立",保留原表列出的义项，不当作该字全部义项；固定词例按原搭配核写，字音另见多音字表。
【雕 凋】,雕,"①在竹木、玉石、金属等上面刻画,如“雕花”;②有彩画装饰的,如“雕梁画栋”;③雕刻艺术或雕刻作品,如“玉雕”;④一种猛禽。",CN-HAN-D035,3610,本字：①在竹木、玉石、金属等上面刻画；对照：凋—凋谢,保留原表列出的义项，不当作该字全部义项；固定词例按原搭配核写，字音另见多音字表。
【雕 凋】,凋,"凋谢,如“凋零”。",CN-HAN-D036,3612,本字：凋谢；对照：雕—①在竹木、玉石、金属等上面刻画,保留原表列出的义项，不当作该字全部义项；固定词例按原搭配核写，字音另见多音字表。
【叠迭】,叠,"①一层加上一层,重复,如“叠床架屋”;②折叠,如“叠衣服”。",CN-HAN-D037,3616,"本字：①一层加上一层,重复；对照：迭—①轮流,替换",保留原表列出的义项，不当作该字全部义项；固定词例按原搭配核写，字音另见多音字表。
【叠迭】,迭,"①轮流,替换,如“更迭”;②屡次,如“迭挫强敌”。",CN-HAN-D038,3618,"本字：①轮流,替换；对照：叠—①一层加上一层,重复",保留原表列出的义项，不当作该字全部义项；固定词例按原搭配核写，字音另见多音字表。
【度 渡】,度," [dù]①过(指时间), 如“虚度年华”; ②计量单位名称, 如“度量衡”; ③对人对事宽容的程度, 如“气度”; ④所打算或计较的, 如“置之度外”; ⑤程度, 如“极度”; ⑥次, 如“一年一度”; ⑦人的气质或姿态, 如“风度翩翩”。[duó]推测,估计,如“揣度”。",CN-HAN-D039,3622、3624,"本字： [dù]①过(指时间), ；对照：渡—①通过(江河等)",保留原表列出的义项，不当作该字全部义项；固定词例按原搭配核写，字音另见多音字表。
【度 渡】,渡,"①通过(江河等),如“渡河”“渡过难关”;②渡口(多用于地名);③载运过河,如“把我渡到对岸”。",CN-HAN-D040,3626,"本字：①通过(江河等)；对照：度— [dù]①过(指时间), ",保留原表列出的义项，不当作该字全部义项；固定词例按原搭配核写，字音另见多音字表。
【繁 烦】,繁,"①繁多,复杂,如“繁杂”;②繁殖(牲畜),如“繁育”。",CN-HAN-D041,3632,"本字：①繁多,复杂；对照：烦—①烦闷",保留原表列出的义项，不当作该字全部义项；固定词例按原搭配核写，字音另见多音字表。
【繁 烦】,烦,"①烦闷,如“烦躁”;②厌烦,如“不耐烦”;③又多又乱,如“要言不烦”;④烦劳,如“烦您个事儿”。",CN-HAN-D042,3634,"本字：①烦闷；对照：繁—①繁多,复杂",保留原表列出的义项，不当作该字全部义项；固定词例按原搭配核写，字音另见多音字表。
【防妨】,防,"①防备,如“防患于未然”;②防守,防御,如“布防”;③堤,挡水的构筑物,如“堤防”。",CN-HAN-D043,3638,本字：①防备；对照：妨—妨碍,保留原表列出的义项，不当作该字全部义项；固定词例按原搭配核写，字音另见多音字表。
【防妨】,妨,"妨碍,如“何妨”。",CN-HAN-D044,3640,本字：妨碍；对照：防—①防备,保留原表列出的义项，不当作该字全部义项；固定词例按原搭配核写，字音另见多音字表。
【废 费】,废,"①不再使用,不再继续,如“半途而废”;②没有用的或失去了原来的作用的,如“废报纸”;③荒芜,衰败,如“废墟”。",CN-HAN-D045,3644,"本字：①不再使用,不再继续；对照：费—①费用",保留原表列出的义项，不当作该字全部义项；固定词例按原搭配核写，字音另见多音字表。
【废 费】,费,"①费用,如“免费”;②花费,耗费,如“消费”;③用得多,消耗得多,如“老式汽车费油”。",CN-HAN-D046,3646,"本字：①费用；对照：废—①不再使用,不再继续",保留原表列出的义项，不当作该字全部义项；固定词例按原搭配核写，字音另见多音字表。
【奋 愤 忿】,奋,"①鼓起劲来,振作,如“奋勇”“奋发图强”; ②摇动,举起,如“奋笔疾书”。",CN-HAN-D047,3650,"本字：①鼓起劲来,振作；对照：愤—因为不满意而感情激动,发怒；忿—①与“愤”基本同义",保留原表列出的义项，不当作该字全部义项；固定词例按原搭配核写，字音另见多音字表。
【奋 愤 忿】,愤,"因为不满意而感情激动,发怒,如“群情激愤”“悲愤”。",CN-HAN-D048,3652,"本字：因为不满意而感情激动,发怒；对照：奋—①鼓起劲来,振作；忿—①与“愤”基本同义",保留原表列出的义项，不当作该字全部义项；固定词例按原搭配核写，字音另见多音字表。
【奋 愤 忿】,忿,"①与“愤”基本同义,如“忿怒”“忿恨”;②不忿儿,指不服气、不平。",CN-HAN-D049,3654,"本字：①与“愤”基本同义；对照：奋—①鼓起劲来,振作；愤—因为不满意而感情激动,发怒",保留原表列出的义项，不当作该字全部义项；固定词例按原搭配核写，字音另见多音字表。
【扶抚】,扶,"①用手支持使人、物或自己不倒,如“扶老携幼”;②扶助,如“救死扶伤”。",CN-HAN-D050,3658,"本字：①用手支持使人、物或自己不倒；对照：抚—①安慰,慰问",保留原表列出的义项，不当作该字全部义项；固定词例按原搭配核写，字音另见多音字表。
【扶抚】,抚,"①安慰,慰问,如“抚慰”;②保护,如“抚养”;③轻轻地按着,如“抚摩”。",CN-HAN-D051,3660,"本字：①安慰,慰问；对照：扶—①用手支持使人、物或自己不倒",保留原表列出的义项，不当作该字全部义项；固定词例按原搭配核写，字音另见多音字表。
【幅副】,幅,"量词,用于布帛、呢绒、图画等,如“一幅画”“一幅被面”。",CN-HAN-D052,3664,"本字：量词,用于布帛、呢绒、图画等；对照：副—①辅助的(跟“正、主”相对),居第二位的",保留原表列出的义项，不当作该字全部义项；固定词例按原搭配核写，字音另见多音字表。
【幅副】,副,"①辅助的(跟“正、主”相对),居第二位的,如“副主席”;②辅助的职务,担任辅助职务的人,如“二副”;③附带的,如“副作用”;④符合,如“名副其实”;⑤量词,用于成套的东西,如“一副象棋”。",CN-HAN-D053,3666,"本字：①辅助的(跟“正、主”相对),居第二位的；对照：幅—量词,用于布帛、呢绒、图画等",保留原表列出的义项，不当作该字全部义项；固定词例按原搭配核写，字音另见多音字表。
【附 付】,附,"①附带,如“附设”;②靠近,如“附近”;③依从,依附,如“附议”“魂不附体”。",CN-HAN-D054,3670,本字：①附带；对照：付—①交给,保留原表列出的义项，不当作该字全部义项；固定词例按原搭配核写，字音另见多音字表。
【附 付】,付,"①交给,如“交付”;②给(钱),如“付款”。",CN-HAN-D055,3672,本字：①交给；对照：附—①附带,保留原表列出的义项，不当作该字全部义项；固定词例按原搭配核写，字音另见多音字表。
【复覆】,复,"①重复,如“复制”;②繁复,如“复杂”;③转过去或转回来,如“循环往复”;④回答,如“复信”;⑤恢复;如“收复”;⑥报复,如“复仇”;⑦再,又,如“旧病复发”。",CN-HAN-D056,3676,本字：①重复；对照：覆—①盖住,保留原表列出的义项，不当作该字全部义项；固定词例按原搭配核写，字音另见多音字表。
【复覆】,覆,"①盖住,如“天覆地载”;②底朝上翻过来,歪倒,如“颠覆”;③灭亡,如“覆灭”。",CN-HAN-D057,3678,本字：①盖住；对照：复—①重复,保留原表列出的义项，不当作该字全部义项；固定词例按原搭配核写，字音另见多音字表。
【竿 杆 秆】,竿,"竹竿,如“立竿见影”。",CN-HAN-D058,3684,本字：竹竿；对照：杆— [gān] 有一定用途的细长的木头或类似的东西（多直立在地上，上端较细）；秆—某些植物的茎,保留原表列出的义项，不当作该字全部义项；固定词例按原搭配核写，字音另见多音字表。
【竿 杆 秆】,杆," [gān] 有一定用途的细长的木头或类似的东西（多直立在地上，上端较细），如“电线杆子”。[gǎn]①器物的像棍子的细长部分(包括中空的),如“枪杆”;②量词,用于有杆的器物,如“一杆秤”。",CN-HAN-D059,3686、3688,本字： [gān] 有一定用途的细长的木头或类似的东西（多直立在地上，上端较细）；对照：竿—竹竿；秆—某些植物的茎,保留原表列出的义项，不当作该字全部义项；固定词例按原搭配核写，字音另见多音字表。
【竿 杆 秆】,秆,"某些植物的茎,如“秸秆儿”“麦秆儿”。",CN-HAN-D060,3690,本字：某些植物的茎；对照：竿—竹竿；杆— [gān] 有一定用途的细长的木头或类似的东西（多直立在地上，上端较细）,保留原表列出的义项，不当作该字全部义项；固定词例按原搭配核写，字音另见多音字表。
【冈岗】,冈," [gāng]较低而平的山脊, 如“山冈”“景阳冈”。",CN-HAN-D061,3694,"本字： [gāng]较低而平的山脊, ；对照：岗—[gāng]同“冈”。[gǎng]①不高的山或高起的土坡",保留原表列出的义项，不当作该字全部义项；固定词例按原搭配核写，字音另见多音字表。
【冈岗】,岗,"[gāng]同“冈”。[gǎng]①不高的山或高起的土坡,如“黄土岗儿”;②平面上凸起的长道,如“肉岗儿”;③军警守卫的处所,如“站岗”;④职位,如“在岗”。",CN-HAN-D062,3696、3698,"本字：[gāng]同“冈”。[gǎng]①不高的山或高起的土坡；对照：冈— [gāng]较低而平的山脊, ",保留原表列出的义项，不当作该字全部义项；固定词例按原搭配核写，字音另见多音字表。
【函 涵】,函,"①信件,如“信函”;②匣,封套,如“镜函”。",CN-HAN-D063,3704,"本字：①信件；对照：涵—①包含,包容",保留原表列出的义项，不当作该字全部义项；固定词例按原搭配核写，字音另见多音字表。
【函 涵】,涵,"①包含,包容,如“海涵”;②涵洞,如“桥涵”。",CN-HAN-D064,3706,"本字：①包含,包容；对照：函—①信件",保留原表列出的义项，不当作该字全部义项；固定词例按原搭配核写，字音另见多音字表。
【撼 憾】,撼,"摇,摇动,如“摇撼”。",CN-HAN-D065,3710,"本字：摇,摇动；对照：憾—失望,不满足",保留原表列出的义项，不当作该字全部义项；固定词例按原搭配核写，字音另见多音字表。
【撼 憾】,憾,"失望,不满足,如“缺憾”。",CN-HAN-D066,3712,"本字：失望,不满足；对照：撼—摇,摇动",保留原表列出的义项，不当作该字全部义项；固定词例按原搭配核写，字音另见多音字表。
【和合阖】,和,"连带,如“和衣而卧”。",CN-HAN-D067,3716,"本字：连带；对照：合—①全；阖—①全,总共",保留原表列出的义项，不当作该字全部义项；固定词例按原搭配核写，字音另见多音字表。
【和合阖】,合,"①全,如“合家团聚”;②闭,合拢,如“合眼”。",CN-HAN-D068,3718,"本字：①全；对照：和—连带；阖—①全,总共",保留原表列出的义项，不当作该字全部义项；固定词例按原搭配核写，字音另见多音字表。
【和合阖】,阖,"①全,总共,如“阖家”;②关闭,如“阖门”。",CN-HAN-D069,3720,"本字：①全,总共；对照：和—连带；合—①全",保留原表列出的义项，不当作该字全部义项；固定词例按原搭配核写，字音另见多音字表。
【划画】,划," [huá] ①拨水前进, 如“划船”; ②合算, 如“划得来”; ③用尖锐的东西把别的东西分开或在表面上刻过去、擦过去, 如“划火柴”。[huà]①划分,如“划界”;②划拨,如“划账”;③计划,如“策划”。",CN-HAN-D070,3724、3726,"本字： [huá] ①拨水前进, ；对照：画—①用笔或类似笔的东西做出图形",保留原表列出的义项，不当作该字全部义项；固定词例按原搭配核写，字音另见多音字表。
【划画】,画,"①用笔或类似笔的东西做出图形,如“画人像”;②画成的艺术品,如“油画”;③用画装饰的,如“雕梁画栋”;④用笔或类似笔的东西做出线或作为标记的文字,如“画线”;⑤组成汉字的横、竖、撇、点、折等,如“笔画”。",CN-HAN-D071,3728、3730,"本字：①用笔或类似笔的东西做出图形；对照：划— [huá] ①拨水前进, ",保留原表列出的义项，不当作该字全部义项；固定词例按原搭配核写，字音另见多音字表。
【荒 谎 慌 惶】,荒,"①荒地,如“垦荒”;②荒歉,如“荒年”;③不确定的,如“荒信”;④严重的缺乏,如“粮荒”;⑤荒凉,如“荒郊”;⑥荒疏,如“荒废”;⑦不合情理,如“荒谬”;⑧迷乱,放纵,如“荒淫”。",CN-HAN-D072,3734,"本字：①荒地；对照：谎—①谎话;②不真实,虚假；慌—①慌张；惶—恐惧",保留原表列出的义项，不当作该字全部义项；固定词例按原搭配核写，字音另见多音字表。
【荒 谎 慌 惶】,谎,"①谎话;②不真实,虚假,如“谎称”。",CN-HAN-D073,3736,"本字：①谎话;②不真实,虚假；对照：荒—①荒地；慌—①慌张；惶—恐惧",保留原表列出的义项，不当作该字全部义项；固定词例按原搭配核写，字音另见多音字表。
【荒 谎 慌 惶】,慌,"①慌张,如“惊慌失措”;②用在“得”字后面,表示难以忍受,如“饿得慌”。",CN-HAN-D074,3738,"本字：①慌张；对照：荒—①荒地；谎—①谎话;②不真实,虚假；惶—恐惧",保留原表列出的义项，不当作该字全部义项；固定词例按原搭配核写，字音另见多音字表。
【荒 谎 慌 惶】,惶,"恐惧,如“惶恐”。",CN-HAN-D075,3740,"本字：恐惧；对照：荒—①荒地；谎—①谎话;②不真实,虚假；慌—①慌张",保留原表列出的义项，不当作该字全部义项；固定词例按原搭配核写，字音另见多音字表。
【慧惠】,慧,"聪明,如“聪慧”“慧心”。",CN-HAN-D076,3744,"本字：聪明；对照：惠—①给予的或受到的好处,恩惠",保留原表列出的义项，不当作该字全部义项；固定词例按原搭配核写，字音另见多音字表。
【慧惠】,惠,"①给予的或受到的好处,恩惠,如“小恩小惠”;②敬辞,用于对方对待自己的行动,如“惠顾”“惠临”;③给人好处,如“平等互惠”;④柔顺,善良,如“贤惠”。",CN-HAN-D077,3746,"本字：①给予的或受到的好处,恩惠；对照：慧—聪明",保留原表列出的义项，不当作该字全部义项；固定词例按原搭配核写，字音另见多音字表。
【即 既】,即,"①靠近,接触,如“若即若离”;②当下,目前,如“成功在即”;③就,便,如“招之即来”;④即使,表示假设的让步。",CN-HAN-D078,3752,"本字：①靠近,接触；对照：既—①已经",保留原表列出的义项，不当作该字全部义项；固定词例按原搭配核写，字音另见多音字表。
【即 既】,既,"①已经,如“既往不咎”;②既然,如“既来之,则安之”;③跟“且、又、也”等副词呼应,表示两种情况兼而有之,如“既高且大”。",CN-HAN-D079,3754,"本字：①已经；对照：即—①靠近,接触",保留原表列出的义项，不当作该字全部义项；固定词例按原搭配核写，字音另见多音字表。
【籍 藉】,籍,"①书籍,册子,如“书籍”;②登记,如“籍没”;③籍贯,如“原籍”;④个人对国家、组织的隶属关系,如“国籍”“学籍”。",CN-HAN-D080,3758,"本字：①书籍,册子；对照：藉—践踏,侮辱。",保留原表列出的义项，不当作该字全部义项；固定词例按原搭配核写，字音另见多音字表。
【籍 藉】,藉,"践踏,侮辱。",CN-HAN-D081,3760,"本字：践踏,侮辱。；对照：籍—①书籍,册子",保留原表列出的义项，不当作该字全部义项；固定词例按原搭配核写，字音另见多音字表。
【集 积】,集,"①集合,聚集,如“集思广益”;②集市,如“赶集”;③集子,如“诗集”。",CN-HAN-D082,3764,"本字：①集合,聚集；对照：积—①积累",保留原表列出的义项，不当作该字全部义项；固定词例按原搭配核写，字音另见多音字表。
【集 积】,积,"①积累,如“积少成多”;②长时间积累下来的,如“积弊”;③中医指儿童消化不良的病,如“食积”;④乘积的简称。",CN-HAN-D083,3766,"本字：①积累；对照：集—①集合,聚集",保留原表列出的义项，不当作该字全部义项；固定词例按原搭配核写，字音另见多音字表。
【佳嘉】,佳,"美,好,如“佳音”“佳节”。",CN-HAN-D084,3770,"本字：美,好；对照：嘉—①美好",保留原表列出的义项，不当作该字全部义项；固定词例按原搭配核写，字音另见多音字表。
【佳嘉】,嘉,"①美好,如“嘉宾”;②夸奖,赞许,如“嘉奖”。",CN-HAN-D085,3772,"本字：①美好；对照：佳—美,好",保留原表列出的义项，不当作该字全部义项；固定词例按原搭配核写，字音另见多音字表。
【纠 赳】,纠,"①缠绕,如“纠纷”;②集合,如“纠集”;③督察,检举,如“纠察”;④纠正,如“有错必纠”。",CN-HAN-D086,3776,"本字：①缠绕；对照：赳—赳赳,健壮威武的样子。",保留原表列出的义项，不当作该字全部义项；固定词例按原搭配核写，字音另见多音字表。
【纠 赳】,赳,"赳赳,健壮威武的样子。",CN-HAN-D087,3778,"本字：赳赳,健壮威武的样子。；对照：纠—①缠绕",保留原表列出的义项，不当作该字全部义项；固定词例按原搭配核写，字音另见多音字表。
【灸 炙】,灸," [jiǔ] 中医的一种治疗方法, 用燃烧的艾绒等熏烤一定的穴位或患部。",CN-HAN-D088,3782,"本字： [jiǔ] 中医的一种治疗方法, 用燃烧的艾绒等熏烤一定的穴位或患部。；对照：炙—①烤",保留原表列出的义项，不当作该字全部义项；固定词例按原搭配核写，字音另见多音字表。
【灸 炙】,炙,"①烤,如“炙烤”“烈日炙人”;②烤熟的肉,如“脍炙人口”。",CN-HAN-D089,3784,"本字：①烤；对照：灸— [jiǔ] 中医的一种治疗方法, 用燃烧的艾绒等熏烤一定的穴位或患部。",保留原表列出的义项，不当作该字全部义项；固定词例按原搭配核写，字音另见多音字表。
【具俱】,具,"①用具,如“家具”;②才能,才干,如“才具”、“干城之具”(捍卫国家的将才);③具有,如“初具规模”;④陈述,写出,如“具名”。",CN-HAN-D090,3788,"本字：①用具；对照：俱—全,都",保留原表列出的义项，不当作该字全部义项；固定词例按原搭配核写，字音另见多音字表。
【具俱】,俱,"全,都,如“百废俱兴”“面面俱到”。",CN-HAN-D091,3790,"本字：全,都；对照：具—①用具",保留原表列出的义项，不当作该字全部义项；固定词例按原搭配核写，字音另见多音字表。
【卷券】,卷,"[juǎn]①把东西弯转裹成圆筒形,如“卷起袖子”;②一种大的力量把东西撮起或裹住,如“汽车卷起尘土”;③卷子(juǎn zi),如“花卷儿”;④量词,用于成卷儿的东西,如“一卷纸”。[juàn]①书本,如“手不释卷”;②机关里保存的文件,如“卷宗”。",CN-HAN-D092,3794、3796,本字：[juǎn]①把东西弯转裹成圆筒形；对照：券—[quàn]票据或作为凭证的纸片,保留原表列出的义项，不当作该字全部义项；固定词例按原搭配核写，字音另见多音字表。
【卷券】,券,"[quàn]票据或作为凭证的纸片,如“入场券”。",CN-HAN-D093,3798,本字：[quàn]票据或作为凭证的纸片；对照：卷—[juǎn]①把东西弯转裹成圆筒形,保留原表列出的义项，不当作该字全部义项；固定词例按原搭配核写，字音另见多音字表。
【决诀绝】,决,"①决定,如“表决”;②一定(用在否定词前面),如“决不后退”;③决定最后胜败,如“决赛”;④决口,泛指破裂、断开,如“决堤”;⑤执行死刑,如“处决”。",CN-HAN-D094,3802,本字：①决定；对照：诀—①就事物主要内容编成的顺口押韵的、容易记忆的词句；绝—①断绝,保留原表列出的义项，不当作该字全部义项；固定词例按原搭配核写，字音另见多音字表。
【决诀绝】,诀,"①就事物主要内容编成的顺口押韵的、容易记忆的词句,如“口诀”;②诀窍,如“秘诀”;③分别,如“诀别”。",CN-HAN-D095,3804,本字：①就事物主要内容编成的顺口押韵的、容易记忆的词句；对照：决—①决定；绝—①断绝,保留原表列出的义项，不当作该字全部义项；固定词例按原搭配核写，字音另见多音字表。
【决诀绝】,绝,"①断绝,如“绝缘”;②完全没有了,穷尽,如“斩尽杀绝”;③走不通的,没有出路的,如“绝境”;④独一无二的,没有人能赶上的,如“绝招”;⑤极,最,如“绝大部分”;⑥绝对(用在否定词前面),如“绝无此意”;⑦气息终止,死亡,如“气绝”;⑧绝句,如“七绝”。",CN-HAN-D096,3806,本字：①断绝；对照：决—①决定；诀—①就事物主要内容编成的顺口押韵的、容易记忆的词句,保留原表列出的义项，不当作该字全部义项；固定词例按原搭配核写，字音另见多音字表。
【颗 棵】,颗,"量词,多用于颗粒状的东西,如“一颗珠子”。",CN-HAN-D097,3812,"本字：量词,多用于颗粒状的东西；对照：棵—量词,多用于植物",保留原表列出的义项，不当作该字全部义项；固定词例按原搭配核写，字音另见多音字表。
【颗 棵】,棵,"量词,多用于植物,如“一棵树”。",CN-HAN-D098,3814,"本字：量词,多用于植物；对照：颗—量词,多用于颗粒状的东西",保留原表列出的义项，不当作该字全部义项；固定词例按原搭配核写，字音另见多音字表。
【克刻】,克,"①能,如“克勤克俭”;②克服,克制,如“以柔克刚”;③攻下据点,战胜,如“克敌”;④消化,如“克化”;⑤量词。",CN-HAN-D099,3818,本字：①能；对照：刻—①用刀子等在竹、木、玉、石、金属等物品上雕成花纹、文字,保留原表列出的义项，不当作该字全部义项；固定词例按原搭配核写，字音另见多音字表。
【克刻】,刻,"①用刀子等在竹、木、玉、石、金属等物品上雕成花纹、文字,如“刻图章”;②用钟表计时,以十五分钟为一刻;③时间,如“立刻”;④形容程度深,如“深刻”;⑤刻薄,如“尖刻”。",CN-HAN-D100,3820,本字：①用刀子等在竹、木、玉、石、金属等物品上雕成花纹、文字；对照：克—①能,保留原表列出的义项，不当作该字全部义项；固定词例按原搭配核写，字音另见多音字表。
【历 厉 励】,历,"①推算年月日和节气的方法,如“阳历”“农历”;②记录年月日和节气的书、表等,如“日历”;③经历,经过,如“历程”“历险”;④经历过的事情,如“学历”;⑤统指过去的各个或各次,如“历年”。",CN-HAN-D101,3826,本字：①推算年月日和节气的方法；对照：厉—①严格；励—①劝勉,保留原表列出的义项，不当作该字全部义项；固定词例按原搭配核写，字音另见多音字表。
【历 厉 励】,厉,"①严格,如“厉行”;②严肃,猛烈,如“雷厉风行”;③磨(刀),如“秣马厉兵”。",CN-HAN-D102,3828,本字：①严格；对照：历—①推算年月日和节气的方法；励—①劝勉,保留原表列出的义项，不当作该字全部义项；固定词例按原搭配核写，字音另见多音字表。
【历 厉 励】,励,"①劝勉,如“鼓励”“奖励”;②振奋,振作,如“励精图治”。",CN-HAN-D103,3830,本字：①劝勉；对照：历—①推算年月日和节气的方法；厉—①严格,保留原表列出的义项，不当作该字全部义项；固定词例按原搭配核写，字音另见多音字表。
【连联】,连,"连续,接续,如“连番”。",CN-HAN-D104,3834,"本字：连续,接续；对照：联—联结,联合",保留原表列出的义项，不当作该字全部义项；固定词例按原搭配核写，字音另见多音字表。
【连联】,联,"联结,联合,如“珠联璧合”。",CN-HAN-D105,3836,"本字：联结,联合；对照：连—连续,接续",保留原表列出的义项，不当作该字全部义项；固定词例按原搭配核写，字音另见多音字表。
【练炼】,练,"①练习,训练,如“练兵”;②经验多,纯熟,如“干练”。",CN-HAN-D106,3840,"本字：①练习,训练；对照：炼—①用加热等办法使物质纯净或坚韧",保留原表列出的义项，不当作该字全部义项；固定词例按原搭配核写，字音另见多音字表。
【练炼】,炼,"①用加热等办法使物质纯净或坚韧,如“炼铁”;②用心琢磨,使词句简洁优美,如“炼字”;③烧,如“真金不怕火炼”。",CN-HAN-D107,3842,"本字：①用加热等办法使物质纯净或坚韧；对照：练—①练习,训练",保留原表列出的义项，不当作该字全部义项；固定词例按原搭配核写，字音另见多音字表。
【蔓曼漫】,蔓,"[màn]可组词“蔓延”，意为像蔓草一样向周围扩展。[wàn]细长不能直立的茎,如“藤蔓”。",CN-HAN-D108,3848、3850,"本字：[màn]可组词“蔓延”，意为像蔓草一样向周围扩展。[wàn]细长不能直立的茎；对照：曼—①长,远；漫—①水过满,向外流",保留原表列出的义项，不当作该字全部义项；固定词例按原搭配核写，字音另见多音字表。
【蔓曼漫】,曼,"①长,远,如“曼延”(连绵不断);②柔美,细腻,如“曼舞”。",CN-HAN-D109,3852,"本字：①长,远；对照：蔓—[màn]可组词“蔓延”，意为像蔓草一样向周围扩展。[wàn]细长不能直立的茎；漫—①水过满,向外流",保留原表列出的义项，不当作该字全部义项；固定词例按原搭配核写，字音另见多音字表。
【蔓曼漫】,漫,"①水过满,向外流,如“漫溢”;②淹没,如“大水漫过庄稼”;③广阔,长,如“漫长”;④不受约束,随便,如“散漫”;⑤到处都是,满,遍,如“漫山遍野”;⑥莫,不要,如“漫说”。",CN-HAN-D110,3854,"本字：①水过满,向外流；对照：蔓—[màn]可组词“蔓延”，意为像蔓草一样向周围扩展。[wàn]细长不能直立的茎；曼—①长,远",保留原表列出的义项，不当作该字全部义项；固定词例按原搭配核写，字音另见多音字表。
【冒 贸】,冒,"冒失,冒昧,如“冒进”“冒犯”。",CN-HAN-D111,3858,"本字：冒失,冒昧；对照：贸—轻率,鲁莽",保留原表列出的义项，不当作该字全部义项；固定词例按原搭配核写，字音另见多音字表。
【冒 贸】,贸,"轻率,鲁莽,如“贸然”。",CN-HAN-D112,3860,"本字：轻率,鲁莽；对照：冒—冒失,冒昧",保留原表列出的义项，不当作该字全部义项；固定词例按原搭配核写，字音另见多音字表。
【磨 摩】,磨,"[mó]①摩擦;②用磨料磨物体使光滑、锋利或达到其他目的,如“磨刀”;③折磨;④消灭,磨灭,如“百世不磨”;⑤消耗时间,拖延,如“磨洋工”。[mò]①把粮食弄碎的工具,如“石磨”;②用磨把粮食弄碎,如“磨面”。",CN-HAN-D113,3864、3866,"本字：[mó]①摩擦;②用磨料磨物体使光滑、锋利或达到其他目的；对照：摩—①摩擦,接触;②研究切磋",保留原表列出的义项，不当作该字全部义项；固定词例按原搭配核写，字音另见多音字表。
【磨 摩】,摩,"①摩擦,接触;②研究切磋,如“观摩”;③抚摩,如“按摩”。",CN-HAN-D114,3868,"本字：①摩擦,接触;②研究切磋；对照：磨—[mó]①摩擦;②用磨料磨物体使光滑、锋利或达到其他目的",保留原表列出的义项，不当作该字全部义项；固定词例按原搭配核写，字音另见多音字表。
【气汽】,气,"①气体,如“煤气”;②特指空气,如“气压”;③自然界冷热阴晴等现象,如“气象”;④呼吸时出入的气,如“气息奄奄”;⑤鼻子可以闻到的味儿,如“香气”;⑥生气,发怒,如“气得晕过去”;⑦人的精神状态,如“朝气蓬勃”;⑧人的作风习气,如“娇气”;⑨中医用语,如“气虚”。",CN-HAN-D115,3874,本字：①气体；对照：汽—①液体或某些固体受热而变成的气体;②特指水蒸气,保留原表列出的义项，不当作该字全部义项；固定词例按原搭配核写，字音另见多音字表。
【气汽】,汽,"①液体或某些固体受热而变成的气体;②特指水蒸气,如“汽船”。",CN-HAN-D116,3876,本字：①液体或某些固体受热而变成的气体;②特指水蒸气；对照：气—①气体,保留原表列出的义项，不当作该字全部义项；固定词例按原搭配核写，字音另见多音字表。
【契锲】,契,"买卖房地产等的文书,也是所有权的凭证,如“地契”“房契”。",CN-HAN-D117,3880,"本字：买卖房地产等的文书,也是所有权的凭证；对照：锲—雕刻",保留原表列出的义项，不当作该字全部义项；固定词例按原搭配核写，字音另见多音字表。
【契锲】,锲,"雕刻,如“锲而不舍”。",CN-HAN-D118,3882,"本字：雕刻；对照：契—买卖房地产等的文书,也是所有权的凭证",保留原表列出的义项，不当作该字全部义项；固定词例按原搭配核写，字音另见多音字表。
【曲屈】,曲,"①弯曲(跟“直”相对),如“曲线”;②使弯曲,如“曲突徙薪”;③弯曲的地方,如“河曲”;④不公正,无理,如“是非曲直”;⑤用曲霉和它的培养基制成的块状物,用来酿酒或制酱,.如“酒曲”。",CN-HAN-D119,3886、3888,"本字：①弯曲(跟“直”相对)；对照：屈—①弯曲,使弯曲",保留原表列出的义项，不当作该字全部义项；固定词例按原搭配核写，字音另见多音字表。
【曲屈】,屈,"①弯曲,使弯曲,如“屈膝”;②屈服,使屈服,如“宁死不屈”;③理亏,如“理屈词穷”;④委屈,冤枉,如“含冤受屈”。",CN-HAN-D120,3890,"本字：①弯曲,使弯曲；对照：曲—①弯曲(跟“直”相对)",保留原表列出的义项，不当作该字全部义项；固定词例按原搭配核写，字音另见多音字表。
【溶熔融】,溶,"①溶化,溶解,即一种物质以分子或离子等状态均匀地分散在另一种物质中,如“溶液”;②溶溶,形容(水)宽广的样子,如“溶溶的江水”。",CN-HAN-D121,3896,"本字：①溶化,溶解,即一种物质以分子或离子等状态均匀地分散在另一种物质中；对照：熔—熔化,即固体加热到一定温度变成液体；融—①融化",保留原表列出的义项，不当作该字全部义项；固定词例按原搭配核写，字音另见多音字表。
【溶熔融】,熔,"熔化,即固体加热到一定温度变成液体,如“熔炼”“熔铸”。",CN-HAN-D122,3898,"本字：熔化,即固体加热到一定温度变成液体；对照：溶—①溶化,溶解,即一种物质以分子或离子等状态均匀地分散在另一种物质中；融—①融化",保留原表列出的义项，不当作该字全部义项；固定词例按原搭配核写，字音另见多音字表。
【溶熔融】,融,"①融化,如“冰雪消融”;②融合,调和,如“水乳交融”;③流通,如“金融”。",CN-HAN-D123,3900,"本字：①融化；对照：溶—①溶化,溶解,即一种物质以分子或离子等状态均匀地分散在另一种物质中；熔—熔化,即固体加热到一定温度变成液体",保留原表列出的义项，不当作该字全部义项；固定词例按原搭配核写，字音另见多音字表。
【茸 葺】,茸,"①草初生纤细柔软的样子;②指鹿茸,雄鹿的嫩角,是一种贵重的中药。",CN-HAN-D124,3904,"本字：①草初生纤细柔软的样子;②指鹿茸,雄鹿的嫩角,是一种贵重的中药。；对照：葺—用茅草覆盖房顶,今指修理房屋",保留原表列出的义项，不当作该字全部义项；固定词例按原搭配核写，字音另见多音字表。
【茸 葺】,葺,"用茅草覆盖房顶,今指修理房屋,如“修葺”。",CN-HAN-D125,3906,"本字：用茅草覆盖房顶,今指修理房屋；对照：茸—①草初生纤细柔软的样子;②指鹿茸,雄鹿的嫩角,是一种贵重的中药。",保留原表列出的义项，不当作该字全部义项；固定词例按原搭配核写，字音另见多音字表。
【烁铄】,烁,"光亮的样子,如“闪烁”。",CN-HAN-D126,3912,本字：光亮的样子；对照：铄—①熔化(金属),保留原表列出的义项，不当作该字全部义项；固定词例按原搭配核写，字音另见多音字表。
【烁铄】,铄,"①熔化(金属),如“铄石流金”;②耗损,削弱。",CN-HAN-D127,3914,本字：①熔化(金属)；对照：烁—光亮的样子,保留原表列出的义项，不当作该字全部义项；固定词例按原搭配核写，字音另见多音字表。
【撕 嘶 厮】,撕,"用手使东西(多为薄片状的)裂开或离开附着处,如“撕成碎片”。",CN-HAN-D128,3918,"本字：用手使东西(多为薄片状的)裂开或离开附着处；对照：嘶—①(马)叫；厮—相,互相",保留原表列出的义项，不当作该字全部义项；固定词例按原搭配核写，字音另见多音字表。
【撕 嘶 厮】,嘶,"①(马)叫,如“嘶叫”;②嘶哑,如“声嘶力竭”。",CN-HAN-D129,3920,"本字：①(马)叫；对照：撕—用手使东西(多为薄片状的)裂开或离开附着处；厮—相,互相",保留原表列出的义项，不当作该字全部义项；固定词例按原搭配核写，字音另见多音字表。
【撕 嘶 厮】,厮,"相,互相,如“厮守”“厮打”。",CN-HAN-D130,3922,"本字：相,互相；对照：撕—用手使东西(多为薄片状的)裂开或离开附着处；嘶—①(马)叫",保留原表列出的义项，不当作该字全部义项；固定词例按原搭配核写，字音另见多音字表。
【塌 蹋 踏】,塌,"①(支架起来的东西)倒下或陷下,如“倒塌”;②凹下,如“塌鼻梁”;③安定,镇定,如“塌下心来”。",CN-HAN-D131,3928,"本字：①(支架起来的东西)倒下或陷下；对照：蹋—踏,踩。；踏—①踩",保留原表列出的义项，不当作该字全部义项；固定词例按原搭配核写，字音另见多音字表。
【塌 蹋 踏】,蹋,"踏,踩。",CN-HAN-D132,3930,"本字：踏,踩。；对照：塌—①(支架起来的东西)倒下或陷下；踏—①踩",保留原表列出的义项，不当作该字全部义项；固定词例按原搭配核写，字音另见多音字表。
【塌 蹋 踏】,踏,"①踩,如“践踏”;②在现场(查勘),如“踏勘”。",CN-HAN-D133,3932,"本字：①踩；对照：塌—①(支架起来的东西)倒下或陷下；蹋—踏,踩。",保留原表列出的义项，不当作该字全部义项；固定词例按原搭配核写，字音另见多音字表。
【炭碳】,炭,"木炭的通称,如“炭火”。",CN-HAN-D134,3936,"本字：木炭的通称；对照：碳—非金属元素,是构成有机物的主要成分",保留原表列出的义项，不当作该字全部义项；固定词例按原搭配核写，字音另见多音字表。
【炭碳】,碳,"非金属元素,是构成有机物的主要成分,如“二氧化碳”“碳酸”。",CN-HAN-D135,3938,"本字：非金属元素,是构成有机物的主要成分；对照：炭—木炭的通称",保留原表列出的义项，不当作该字全部义项；固定词例按原搭配核写，字音另见多音字表。
【荼 茶】,荼,"①古书上说的一种苦菜,“荼毒”指毒害,如“荼毒生灵”;②古书上指茅草的白花。",CN-HAN-D136,3942,"本字：①古书上说的一种苦菜,“荼毒”指毒害；对照：茶—常绿木本植物,嫩叶加工后就是茶叶。",保留原表列出的义项，不当作该字全部义项；固定词例按原搭配核写，字音另见多音字表。
【荼 茶】,茶,"常绿木本植物,嫩叶加工后就是茶叶。",CN-HAN-D137,3944,"本字：常绿木本植物,嫩叶加工后就是茶叶。；对照：荼—①古书上说的一种苦菜,“荼毒”指毒害",保留原表列出的义项，不当作该字全部义项；固定词例按原搭配核写，字音另见多音字表。
【宛 惋 婉】,宛,"①仿佛,如“宛如”;②曲折,如“宛转”。",CN-HAN-D138,3950,本字：①仿佛；对照：惋—表示痛惜和同情；婉—①(说话)婉转,保留原表列出的义项，不当作该字全部义项；固定词例按原搭配核写，字音另见多音字表。
【宛 惋 婉】,惋,"表示痛惜和同情,如“惋惜”。",CN-HAN-D139,3952,本字：表示痛惜和同情；对照：宛—①仿佛；婉—①(说话)婉转,保留原表列出的义项，不当作该字全部义项；固定词例按原搭配核写，字音另见多音字表。
【宛 惋 婉】,婉,"①(说话)婉转,如“婉拒”;②柔顺,如“婉顺”。",CN-HAN-D140,3954,本字：①(说话)婉转；对照：宛—①仿佛；惋—表示痛惜和同情,保留原表列出的义项，不当作该字全部义项；固定词例按原搭配核写，字音另见多音字表。
【鹜 骛】,鹜,"鸭子,如“趋之若鹜”。",CN-HAN-D141,3958,本字：鸭子；对照：骛—①纵横奔驰,保留原表列出的义项，不当作该字全部义项；固定词例按原搭配核写，字音另见多音字表。
【鹜 骛】,骛,"①纵横奔驰,如“驰骛”;②追求,如“好高骛远”“心无旁骛”。",CN-HAN-D142,3960,本字：①纵横奔驰；对照：鹜—鸭子,保留原表列出的义项，不当作该字全部义项；固定词例按原搭配核写，字音另见多音字表。
【吸汲】,吸,"①生物体把液体、气体等引入体内,如“呼吸”;②吸收;③吸引,如“吸铁石”。",CN-HAN-D143,3966,本字：①生物体把液体、气体等引入体内；对照：汲—从下往上打水,保留原表列出的义项，不当作该字全部义项；固定词例按原搭配核写，字音另见多音字表。
【吸汲】,汲,"从下往上打水,如“汲水”。",CN-HAN-D144,3968,本字：从下往上打水；对照：吸—①生物体把液体、气体等引入体内,保留原表列出的义项，不当作该字全部义项；固定词例按原搭配核写，字音另见多音字表。
【相像象】,相,"相貌,外貌。",CN-HAN-D145,3972,"本字：相貌,外貌。；对照：像—比照人物制成的形象；象—形状,样子,不用于表人的外貌或姿势,一般指比较宏观、抽象的事物",保留原表列出的义项，不当作该字全部义项；固定词例按原搭配核写，字音另见多音字表。
【相像象】,像,"比照人物制成的形象,如“画像”。",CN-HAN-D146,3974,"本字：比照人物制成的形象；对照：相—相貌,外貌。；象—形状,样子,不用于表人的外貌或姿势,一般指比较宏观、抽象的事物",保留原表列出的义项，不当作该字全部义项；固定词例按原搭配核写，字音另见多音字表。
【相像象】,象,"形状,样子,不用于表人的外貌或姿势,一般指比较宏观、抽象的事物,如“现象”“气象”。",CN-HAN-D147,3976,"本字：形状,样子,不用于表人的外貌或姿势,一般指比较宏观、抽象的事物；对照：相—相貌,外貌。；像—比照人物制成的形象",保留原表列出的义项，不当作该字全部义项；固定词例按原搭配核写，字音另见多音字表。
【消 销】,消,"①消失,如“烟消云散”;②使消失,消除,如“消愁”;③度过(时间),消遣,如“消夏”。",CN-HAN-D148,3980,"本字：①消失；对照：销—①除去,解除",保留原表列出的义项，不当作该字全部义项；固定词例按原搭配核写，字音另见多音字表。
【消 销】,销,"①除去,解除,如“撤销”;②消失,如“销声匿迹”;③销售,如“畅销”;④消费,如“花销”。",CN-HAN-D149,3982,"本字：①除去,解除；对照：消—①消失",保留原表列出的义项，不当作该字全部义项；固定词例按原搭配核写，字音另见多音字表。
【协 胁】,协,"①调和,和谐,如“协调”;②共同,如“协同”;③协助,如“协办”“协理”。",CN-HAN-D150,3986,"本字：①调和,和谐；对照：胁—①从腋下到腰上的部分",保留原表列出的义项，不当作该字全部义项；固定词例按原搭配核写，字音另见多音字表。
【协 胁】,胁,"①从腋下到腰上的部分,如“两胁”;②胁迫,如“威胁”。",CN-HAN-D151,3988,"本字：①从腋下到腰上的部分；对照：协—①调和,和谐",保留原表列出的义项，不当作该字全部义项；固定词例按原搭配核写，字音另见多音字表。
【泄泻】,泄,"①液体、气体排出,如“排泄”;②泄露,如“泄密”；③发泄，如“泄恨”。",CN-HAN-D152,3992、3994,本字：①液体、气体排出；对照：泻—①很快地流,保留原表列出的义项，不当作该字全部义项；固定词例按原搭配核写，字音另见多音字表。
【泄泻】,泻,"①很快地流,如“一泻千里”;②腹泻,如“上吐下泻”。",CN-HAN-D153,3996,本字：①很快地流；对照：泄—①液体、气体排出,保留原表列出的义项，不当作该字全部义项；固定词例按原搭配核写，字音另见多音字表。
【形型】,形,"①形状,如“图形”;②形体,实体,如“形影不离”;③显露,表现,如“喜形于色”;④对照,如“相形见绌”。",CN-HAN-D154,4000,本字：①形状；对照：型—①模型,保留原表列出的义项，不当作该字全部义项；固定词例按原搭配核写，字音另见多音字表。
【形型】,型,"①模型,如“纸型”“砂型”;②类型,如“血型”“脸型”。",CN-HAN-D155,4002,本字：①模型；对照：形—①形状,保留原表列出的义项，不当作该字全部义项；固定词例按原搭配核写，字音另见多音字表。
【须需】,须,"①助动词,须要,如“须知”;②胡子,胡须;③须子,如“须根”。",CN-HAN-D156,4006,"本字：①助动词,须要；对照：需—①动词,需要",保留原表列出的义项，不当作该字全部义项；固定词例按原搭配核写，字音另见多音字表。
【须需】,需,"①动词,需要,如“需求”;②需用的东西,如“军需”。",CN-HAN-D157,4008,"本字：①动词,需要；对照：须—①助动词,须要",保留原表列出的义项，不当作该字全部义项；固定词例按原搭配核写，字音另见多音字表。
【赝膺】,赝,"伪造的,如“赝品”。",CN-HAN-D158,4014,本字：伪造的；对照：膺—①胸,保留原表列出的义项，不当作该字全部义项；固定词例按原搭配核写，字音另见多音字表。
【赝膺】,膺,"①胸,如“义愤填膺”;②承受,承当,如“荣膺”;③讨伐,打击,如“膺惩”。",CN-HAN-D159,4016,本字：①胸；对照：赝—伪造的,保留原表列出的义项，不当作该字全部义项；固定词例按原搭配核写，字音另见多音字表。
【噎咽】,噎,"①食物堵住食管,如“因噎废食”;②因为迎风、烟呛等而呼吸困难。",CN-HAN-D160,4020,本字：①食物堵住食管；对照：咽—声音受阻而低沉,保留原表列出的义项，不当作该字全部义项；固定词例按原搭配核写，字音另见多音字表。
【噎咽】,咽,"声音受阻而低沉,如“哽咽”。",CN-HAN-D161,4022,本字：声音受阻而低沉；对照：噎—①食物堵住食管,保留原表列出的义项，不当作该字全部义项；固定词例按原搭配核写，字音另见多音字表。
【义意】,义,"①意义,如“定义”;②公正合宜的道理,如“义正词严”;③因抚养或拜认而成为亲属的,如“义子”;④人工制造的(人体的部分),如“义齿”。",CN-HAN-D162,4026,本字：①意义；对照：意—①语言文字等的意义,保留原表列出的义项，不当作该字全部义项；固定词例按原搭配核写，字音另见多音字表。
【义意】,意,"①语言文字等的意义,如“语意”;②心愿,意向,如“民意”;③意料,料想,如“出其不意”;④思想,想法,如“立意”。",CN-HAN-D163,4028,本字：①语言文字等的意义；对照：义—①意义,保留原表列出的义项，不当作该字全部义项；固定词例按原搭配核写，字音另见多音字表。
【阴荫】,阴,"①泛指空中云层密布,不见阳光或偶见阳光的天气;②不见阳光的地方,如“背阴儿”;③山的北面,水的南面,如“华阴”“江阴”;④隐藏的,不露在外面的,如“阴沟”“阳奉阴违”;⑤阴险,不光明,如“阴谋”;⑥指属于鬼神的,阴间的,如“阴司”。",CN-HAN-D164,4032,"本字：①泛指空中云层密布,不见阳光或偶见阳光的天气;②不见阳光的地方；对照：荫—[yīn]树荫",保留原表列出的义项，不当作该字全部义项；固定词例按原搭配核写，字音另见多音字表。
【阴荫】,荫,"[yīn]树荫，如“绿树成荫”。[yìn]①没有阳光,又凉又潮,如“荫凉”;②荫庇,如“封妻荫子”。",CN-HAN-D165,4034、4036,"本字：[yīn]树荫；对照：阴—①泛指空中云层密布,不见阳光或偶见阳光的天气;②不见阳光的地方",保留原表列出的义项，不当作该字全部义项；固定词例按原搭配核写，字音另见多音字表。
【荧 莹 萤】,荧,"①光亮微弱的样子,如“一灯荧然”;②眼光迷乱,疑惑,如“荧惑”。",CN-HAN-D166,4040,"本字：①光亮微弱的样子；对照：莹—①光洁像玉的石头;②光亮透明；萤—昆虫,腹部末端有发光的器官,能发带绿色的光,俗称“萤火虫”。",保留原表列出的义项，不当作该字全部义项；固定词例按原搭配核写，字音另见多音字表。
【荧 莹 萤】,莹,"①光洁像玉的石头;②光亮透明,如“晶莹”。",CN-HAN-D167,4042,"本字：①光洁像玉的石头;②光亮透明；对照：荧—①光亮微弱的样子；萤—昆虫,腹部末端有发光的器官,能发带绿色的光,俗称“萤火虫”。",保留原表列出的义项，不当作该字全部义项；固定词例按原搭配核写，字音另见多音字表。
【荧 莹 萤】,萤,"昆虫,腹部末端有发光的器官,能发带绿色的光,俗称“萤火虫”。",CN-HAN-D168,4044,"本字：昆虫,腹部末端有发光的器官,能发带绿色的光,俗称“萤火虫”。；对照：荧—①光亮微弱的样子；莹—①光洁像玉的石头;②光亮透明",保留原表列出的义项，不当作该字全部义项；固定词例按原搭配核写，字音另见多音字表。
【尤 犹】,尤,"①更,尤其,如“尤甚”;②特异的,突出的,如“无耻之尤”;③过失,如“效尤”;④怨恨,归咎,如“怨天尤人”。",CN-HAN-D169,4048,"本字：①更,尤其；对照：犹—①",保留原表列出的义项，不当作该字全部义项；固定词例按原搭配核写，字音另见多音字表。
【尤 犹】,犹,"①如同,如“过犹不及”;②还,尚且,如“记忆犹新”。",CN-HAN-D170,4050,"本字：①；对照：尤—①更,尤其",保留原表列出的义项，不当作该字全部义项；固定词例按原搭配核写，字音另见多音字表。
【鱼 渔】,鱼,"脊椎动物的一大类,生活在水中,体温随外界温度而变化,一般身体侧扁,有鳞和鳍,用鳃呼吸。",CN-HAN-D171,4054,"本字：脊椎动物的一大类,生活在水中,体温随外界温度而变化,一般身体侧扁,有鳞和鳍,用鳃呼吸。；对照：渔—①捕鱼",保留原表列出的义项，不当作该字全部义项；固定词例按原搭配核写，字音另见多音字表。
【鱼 渔】,渔,"①捕鱼,如“渔船”;②谋取(不应得的东西),如“渔利”。",CN-HAN-D172,4056,"本字：①捕鱼；对照：鱼—脊椎动物的一大类,生活在水中,体温随外界温度而变化,一般身体侧扁,有鳞和鳍,用鳃呼吸。",保留原表列出的义项，不当作该字全部义项；固定词例按原搭配核写，字音另见多音字表。
【渊源】,渊,"①深水,潭,如“深渊”;②深,如“渊博”。",CN-HAN-D173,4060,"本字：①深水,潭；对照：源—①水流起头的地方",保留原表列出的义项，不当作该字全部义项；固定词例按原搭配核写，字音另见多音字表。
【渊源】,源,"①水流起头的地方,如“河源”“源远流长”; ②来源,如“货源”“资源”。",CN-HAN-D174,4062,"本字：①水流起头的地方；对照：渊—①深水,潭",保留原表列出的义项，不当作该字全部义项；固定词例按原搭配核写，字音另见多音字表。
【园圆】,园,"①种蔬菜、花果、树木的地方,如“果园”;②供人游览娱乐的地方,如“公园”。",CN-HAN-D175,4066,本字：①种蔬菜、花果、树木的地方；对照：圆—①形状像圆圈或球的,保留原表列出的义项，不当作该字全部义项；固定词例按原搭配核写，字音另见多音字表。
【园圆】,圆,"①形状像圆圈或球的,如“圆桌”;②使圆满,使周全,如“自圆其说”。",CN-HAN-D176,4068,本字：①形状像圆圈或球的；对照：园—①种蔬菜、花果、树木的地方,保留原表列出的义项，不当作该字全部义项；固定词例按原搭配核写，字音另见多音字表。
【燥 躁】,燥,"缺少水分,干燥,如“燥热”。",CN-HAN-D177,4074,"本字：缺少水分,干燥；对照：躁—性急,不冷静",保留原表列出的义项，不当作该字全部义项；固定词例按原搭配核写，字音另见多音字表。
【燥 躁】,躁,"性急,不冷静,如“烦躁”“急躁”。",CN-HAN-D178,4076,"本字：性急,不冷静；对照：燥—缺少水分,干燥",保留原表列出的义项，不当作该字全部义项；固定词例按原搭配核写，字音另见多音字表。
【涨 胀 帐 账】,涨,"[zhǎng]①(水位)升高,如“水涨船高”;②(物价)提高,如“涨价”。[zhàng]①固体吸收液体后体积增大,如“豆子泡涨了”;②(头部)充血,如“头昏脑涨”。",CN-HAN-D179,4080、4082,本字：[zhǎng]①(水位)升高；对照：胀—①膨胀；帐—用布、纱或绸子等做成的遮蔽用的东西；账—①关于货币、货物出入的记载,保留原表列出的义项，不当作该字全部义项；固定词例按原搭配核写，字音另见多音字表。
【涨 胀 帐 账】,胀,"①膨胀,如“热胀冷缩”;②身体内壁受到压迫而产生不舒服的感觉,如“肚子发胀”。",CN-HAN-D180,4084,本字：①膨胀；对照：涨—[zhǎng]①(水位)升高；帐—用布、纱或绸子等做成的遮蔽用的东西；账—①关于货币、货物出入的记载,保留原表列出的义项，不当作该字全部义项；固定词例按原搭配核写，字音另见多音字表。
【涨 胀 帐 账】,帐,"用布、纱或绸子等做成的遮蔽用的东西,如“蚊帐”。",CN-HAN-D181,4086,本字：用布、纱或绸子等做成的遮蔽用的东西；对照：涨—[zhǎng]①(水位)升高；胀—①膨胀；账—①关于货币、货物出入的记载,保留原表列出的义项，不当作该字全部义项；固定词例按原搭配核写，字音另见多音字表。
【涨 胀 帐 账】,账,"①关于货币、货物出入的记载,如“记账”; ②债,如“欠账”。",CN-HAN-D182,4088,本字：①关于货币、货物出入的记载；对照：涨—[zhǎng]①(水位)升高；胀—①膨胀；帐—用布、纱或绸子等做成的遮蔽用的东西,保留原表列出的义项，不当作该字全部义项；固定词例按原搭配核写，字音另见多音字表。
【振震】,振,"①摇动,挥动,如“振翅”;②奋起,振作,如“振奋”;③振动,如“振幅”。",CN-HAN-D183,4092,"本字：①摇动,挥动；对照：震—①震动",保留原表列出的义项，不当作该字全部义项；固定词例按原搭配核写，字音另见多音字表。
【振震】,震,"①震动,如“震耳欲聋”;②特指地震,如“震源”;③情绪过分激动,如“震惊”。",CN-HAN-D184,4094,"本字：①震动；对照：振—①摇动,挥动",保留原表列出的义项，不当作该字全部义项；固定词例按原搭配核写，字音另见多音字表。
【鸩 鸠】,鸩,"毒酒,如“饮鸩止渴”。",CN-HAN-D185,4098,本字：毒酒；对照：鸠—外形像鸽子的一类鸟,保留原表列出的义项，不当作该字全部义项；固定词例按原搭配核写，字音另见多音字表。
【鸩 鸠】,鸠,"外形像鸽子的一类鸟,如“鸠占鹊巢”。",CN-HAN-D186,4100,本字：外形像鸽子的一类鸟；对照：鸩—毒酒,保留原表列出的义项，不当作该字全部义项；固定词例按原搭配核写，字音另见多音字表。
【只支】,只,"[zhī]①单独的，如“只身”；②量词，用于某些成对的东西中的一个、某些器具等。[zhǐ]①表示仅限于某个范围,如“只知其一,不知其二”;②只有,仅有,如“家里只我一个人”。",CN-HAN-D187,4104、4106,本字：[zhī]①单独的；对照：支—①撑,保留原表列出的义项，不当作该字全部义项；固定词例按原搭配核写，字音另见多音字表。
【只支】,支,"①撑,如“支帐篷”;②伸出,竖起,如“支着耳朵”;③支持,如“支援”;④调度,指使,如“支配”;⑤分支,支派,如“支流”;⑥量词,用于队伍、歌曲、乐曲等;⑦地支。",CN-HAN-D188,4108,本字：①撑；对照：只—[zhī]①单独的,保留原表列出的义项，不当作该字全部义项；固定词例按原搭配核写，字音另见多音字表。
【治制】,治,"惩办,如“治乱”。",CN-HAN-D189,4112,本字：惩办；对照：制—①制造,保留原表列出的义项，不当作该字全部义项；固定词例按原搭配核写，字音另见多音字表。
【治制】,制,"①制造,如“制版”;②制度,如“法制”;③拟订,规定,如“制定”;④用强力约束,限定,管束,如“压制”“限制”。",CN-HAN-D190,4114,本字：①制造；对照：治—惩办,保留原表列出的义项，不当作该字全部义项；固定词例按原搭配核写，字音另见多音字表。
【妆 装】,妆,"①化妆,如“梳妆”;②女子身上的装饰,如“卸妆”;③指嫁妆,如“妆奁”。",CN-HAN-D191,4118,"本字：①化妆；对照：装—①服装;②修饰,打扮,化装",保留原表列出的义项，不当作该字全部义项；固定词例按原搭配核写，字音另见多音字表。
【妆 装】,装,"①服装;②修饰,打扮,化装,如“装饰”;③假装,如“装聋作哑”;④装配,安装;⑤包装,如“瓶装”。",CN-HAN-D192,4120,"本字：①服装;②修饰,打扮,化装；对照：妆—①化妆",保留原表列出的义项，不当作该字全部义项；固定词例按原搭配核写，字音另见多音字表。
