字母,拼写类别,原名音,适用范围,来源
Aa,元音字母,/eɪ/,字母名称；非任意单词中字音；Z英美两常见名音；R括号依口音,EN-PHONBASE-K01；full.md1547—1557行；实际PDF11页
Bb,辅音字母,/biː/,字母名称；非任意单词中字音；Z英美两常见名音；R括号依口音,EN-PHONBASE-K01；full.md1547—1557行；实际PDF11页
Cc,辅音字母,/siː/,字母名称；非任意单词中字音；Z英美两常见名音；R括号依口音,EN-PHONBASE-K01；full.md1547—1557行；实际PDF11页
Dd,辅音字母,/diː/,字母名称；非任意单词中字音；Z英美两常见名音；R括号依口音,EN-PHONBASE-K01；full.md1547—1557行；实际PDF11页
Ee,元音字母,/iː/,字母名称；非任意单词中字音；Z英美两常见名音；R括号依口音,EN-PHONBASE-K01；full.md1547—1557行；实际PDF11页
Ff,辅音字母,/ef/,字母名称；非任意单词中字音；Z英美两常见名音；R括号依口音,EN-PHONBASE-K01；full.md1547—1557行；实际PDF11页
Gg,辅音字母,/dʒiː/,字母名称；非任意单词中字音；Z英美两常见名音；R括号依口音,EN-PHONBASE-K01；full.md1547—1557行；实际PDF11页
Hh,辅音字母,/eɪtʃ/,字母名称；非任意单词中字音；Z英美两常见名音；R括号依口音,EN-PHONBASE-K01；full.md1547—1557行；实际PDF11页
Ii,元音字母,/aɪ/,字母名称；非任意单词中字音；Z英美两常见名音；R括号依口音,EN-PHONBASE-K01；full.md1547—1557行；实际PDF11页
Jj,辅音字母,/dʒeɪ/,字母名称；非任意单词中字音；Z英美两常见名音；R括号依口音,EN-PHONBASE-K01；full.md1547—1557行；实际PDF11页
Kk,辅音字母,/keɪ/,字母名称；非任意单词中字音；Z英美两常见名音；R括号依口音,EN-PHONBASE-K01；full.md1547—1557行；实际PDF11页
Ll,辅音字母,/el/,字母名称；非任意单词中字音；Z英美两常见名音；R括号依口音,EN-PHONBASE-K01；full.md1547—1557行；实际PDF11页
Mm,辅音字母,/em/,字母名称；非任意单词中字音；Z英美两常见名音；R括号依口音,EN-PHONBASE-K01；full.md1547—1557行；实际PDF11页
Nn,辅音字母,/en/,字母名称；非任意单词中字音；Z英美两常见名音；R括号依口音,EN-PHONBASE-K01；full.md1547—1557行；实际PDF11页
Oo,元音字母,/əʊ/,字母名称；非任意单词中字音；Z英美两常见名音；R括号依口音,EN-PHONBASE-K01；full.md1547—1557行；实际PDF11页
Pp,辅音字母,/piː/,字母名称；非任意单词中字音；Z英美两常见名音；R括号依口音,EN-PHONBASE-K01；full.md1547—1557行；实际PDF11页
Qq,辅音字母,/kjuː/,字母名称；非任意单词中字音；Z英美两常见名音；R括号依口音,EN-PHONBASE-K01；full.md1547—1557行；实际PDF11页
Rr,辅音字母,/ɑː(r)/,字母名称；非任意单词中字音；Z英美两常见名音；R括号依口音,EN-PHONBASE-K01；full.md1547—1557行；实际PDF11页
Ss,辅音字母,/es/,字母名称；非任意单词中字音；Z英美两常见名音；R括号依口音,EN-PHONBASE-K01；full.md1547—1557行；实际PDF11页
Tt,辅音字母,/tiː/,字母名称；非任意单词中字音；Z英美两常见名音；R括号依口音,EN-PHONBASE-K01；full.md1547—1557行；实际PDF11页
Uu,元音字母,/juː/,字母名称；非任意单词中字音；Z英美两常见名音；R括号依口音,EN-PHONBASE-K01；full.md1547—1557行；实际PDF11页
Vv,辅音字母,/viː/,字母名称；非任意单词中字音；Z英美两常见名音；R括号依口音,EN-PHONBASE-K01；full.md1547—1557行；实际PDF11页
Ww,辅音字母,/ˈdʌbljuː/,字母名称；非任意单词中字音；Z英美两常见名音；R括号依口音,EN-PHONBASE-K01；full.md1547—1557行；实际PDF11页
Xx,辅音字母,/eks/,字母名称；非任意单词中字音；Z英美两常见名音；R括号依口音,EN-PHONBASE-K01；full.md1547—1557行；实际PDF11页
Yy,辅音字母,/waɪ/,字母名称；非任意单词中字音；Z英美两常见名音；R括号依口音,EN-PHONBASE-K01；full.md1547—1557行；实际PDF11页
Zz,辅音字母,/zed / ziː/,字母名称；非任意单词中字音；Z英美两常见名音；R括号依口音,EN-PHONBASE-K01；full.md1547—1557行；实际PDF11页
