作品,分类,条目,教学内容,辨析边界,章节内来源编号,来源定位
朝花夕拾,篇目主题,讽刺丑恶现象和批判旧道德,"《狗·猫·鼠》；仇猫落水狗隐鼠；内容:针对“正人君子”的攻击,嘲讽了他们散布的“流言”;表述了对猫“尽情玩弄”弱者、“到处嗥叫”、时而“一副媚态”等特性的憎恶;追忆童年时饲养的一只可爱的隐鼠遭到摧残的经历和感受。主旨:表现了对弱小者的同情和对暴虐者的憎恨。",主题是原材料的概括；对单篇细节的评价还需原文，不把分类标签当每句话的唯一作用,CN-BOOK-B01,101-150/full.md第1303行（所属作品已匹配实际PDF页：24、25；本行优先按full.md行号定位）
朝花夕拾,篇目主题,讽刺丑恶现象和批判旧道德,"《〈二十四孝图〉》；《开河记》《儿童世界》《玉历钞传》；内容:从当时的儿童读物谈起,忆述儿时阅读《二十四孝图》的感受,着重分析了“老莱娱亲”“郭巨埋儿”等孝道故事,指责这类封建孝道毒害人的心灵。主旨:形象地揭露了封建孝道的虚伪和残酷,表达了对封建社会儿童的同情。",主题是原材料的概括；对单篇细节的评价还需原文，不把分类标签当每句话的唯一作用,CN-BOOK-B01,101-150/full.md第1303行（所属作品已匹配实际PDF页：24、25；本行优先按full.md行号定位）
朝花夕拾,篇目主题,赞美普通人身上的朴实、善良等高尚情操,"《阿长与〈山海经〉》；长妈妈“三哼经”长毛福橘；内容:忆述儿时与保姆长妈妈相处的情景,描写了长妈妈善良、朴实而又迷信、唠叨、“满肚子是麻烦的礼节”的性格特点;对她寻购、赠送自己渴求已久的绘图《山海经》之举,充满了敬意和感激。主旨:文章用深情的语言,表达了对这位劳动妇女的真诚怀念。",主题是原材料的概括；对单篇细节的评价还需原文，不把分类标签当每句话的唯一作用,CN-BOOK-B01,101-150/full.md第1303行（所属作品已匹配实际PDF页：24、25；本行优先按full.md行号定位）
朝花夕拾,篇目主题,赞美普通人身上的朴实、善良等高尚情操,"《藤野先生》；樱花讲义解剖匿名信；内容:记录了作者在日本留学时期的学习生活,叙述了自己与藤野先生的交往和自己决定弃医从文的经过。主旨:作者赞扬了日本老师藤野先生治学严谨、正直热诚、没有民族偏见的高尚品格,表达了对藤野先生的真挚怀念,并反映出那个时代的进步青年所特有的忧患意识及强烈的民族自尊心、爱国心。",主题是原材料的概括；对单篇细节的评价还需原文，不把分类标签当每句话的唯一作用,CN-BOOK-B01,101-150/full.md第1303行（所属作品已匹配实际PDF页：24、25；本行优先按full.md行号定位）
朝花夕拾,篇目主题,赞美普通人身上的朴实、善良等高尚情操,"《范爱农》；绍兴光复；内容:追叙作者在日本留学时和回国后与范爱农接触的几个生活片段,描述了范爱农在革命前不满黑暗社会、追求革命,辛亥革命后又备受打击迫害的遭遇。主旨:表现了作者对旧民主主义革命的失望和对这位正直倔强的爱国者的同情与悼念。",主题是原材料的概括；对单篇细节的评价还需原文，不把分类标签当每句话的唯一作用,CN-BOOK-B01,101-150/full.md第1303行（所属作品已匹配实际PDF页：24、25；本行优先按full.md行号定位）
朝花夕拾,篇目主题,"对旧日美好的眷念,对一些事物的反感",《五猖会》；《鉴略》；内容:记述儿时盼望观看迎神赛会的急切、兴奋的心情和被父亲强迫背诵《鉴略》的扫兴而痛苦的感受。主旨:指出强制的封建教育对儿童天性的压制和摧残。,主题是原材料的概括；对单篇细节的评价还需原文，不把分类标签当每句话的唯一作用,CN-BOOK-B01,101-150/full.md第1303行（所属作品已匹配实际PDF页：24、25；本行优先按full.md行号定位）
朝花夕拾,篇目主题,"对旧日美好的眷念,对一些事物的反感","《无常》；迎神赛会活无常还阳；内容:描述儿时在乡间迎神赛会和戏剧舞台上所见的“无常”的形象,说明“无常”这个“鬼而人,理而情”“爽直而公正”的形象受到民众的喜爱。主旨:在夹叙夹议中对打着“公理、正义”旗号的“正人君子”予以辛辣的嘲讽。",主题是原材料的概括；对单篇细节的评价还需原文，不把分类标签当每句话的唯一作用,CN-BOOK-B01,101-150/full.md第1303行（所属作品已匹配实际PDF页：24、25；本行优先按full.md行号定位）
朝花夕拾,篇目主题,"对旧日美好的眷念,对一些事物的反感","《从百草园到三味书屋》；美女蛇捕鸟画画；内容:描述了儿时在百草园得到的乐趣和在三味书屋读书的乏味生活。主旨:揭示了儿童无穷的生活趣味与束缚儿童天性的封建书塾教育之间的尖锐矛盾,表达了应让儿童健康活泼成长的合理要求。",主题是原材料的概括；对单篇细节的评价还需原文，不把分类标签当每句话的唯一作用,CN-BOOK-B01,101-150/full.md第1303行（所属作品已匹配实际PDF页：24、25；本行优先按full.md行号定位）
朝花夕拾,篇目主题,"对旧日美好的眷念,对一些事物的反感","《父亲的病》；名医药引；内容:回忆儿时为父亲延医治病的情景,描述了几位“名医”在行医态度、作风、开方等方面的表现。主旨:揭示了这些人故弄玄虚、勒索钱财、草菅人命的实质。",主题是原材料的概括；对单篇细节的评价还需原文，不把分类标签当每句话的唯一作用,CN-BOOK-B01,101-150/full.md第1303行（所属作品已匹配实际PDF页：24、25；本行优先按full.md行号定位）
朝花夕拾,篇目主题,"对旧日美好的眷念,对一些事物的反感","《琐记》；衍太太吃冰首饰；内容:回忆衍太太的为人及自己对她由亲近到厌恶的感情变化,引出为了寻找“另一类人们”而到南京求学的经历。作者描述了当时的江南水师学堂、矿务铁路学堂的种种弊端和求知的艰难。作者还记述了最初接触进化论时的兴奋心情和不顾老辈反对、如饥似渴地阅读《天演论》的情景。主旨:批判了洋务派办学的“乌烟瘴气”,表现出作者探求真理的强烈愿望,体现出作者对新时代、新思想的追求。",主题是原材料的概括；对单篇细节的评价还需原文，不把分类标签当每句话的唯一作用,CN-BOOK-B01,101-150/full.md第1303行（所属作品已匹配实际PDF页：24、25；本行优先按full.md行号定位）
朝花夕拾,人物与态度,长妈妈(阿长),"《狗·猫·鼠》《阿长与〈山海经〉》《从百草园到三味书屋》；粗俗,好事,善良淳朴,富有爱心,热心帮助孩子解决疑难；人物身份:鲁迅幼年时的保姆,是在鲁迅童年生活中很有影响力的人,她是成年鲁迅生活中温馨的回忆。主要活动:她睡相难看,平日喜欢“切切察察”,“满肚子是麻烦的礼节”,常给“我”讲故事,“谋害”过“我”的隐鼠,后主动为“我”买来“我”渴慕已久的《山海经》。；充满深切的怀念",人物可同时有不足和善意，作者总体态度与某次行为评价分开,CN-BOOK-B01,101-150/full.md第1307行（所属作品已匹配实际PDF页：24、25；本行优先按full.md行号定位）
朝花夕拾,人物与态度,藤野先生,"《藤野先生》；正直,热情,诲人不倦,治学严谨,没有民族偏见；人物身份:藤野先生是鲁迅在日本仙台医学专门学校的解剖学教师。主要活动:他关心鲁迅的学习,耐心仔细地纠正鲁迅讲义上的错误,引导鲁迅以实事求是的态度对待科学。他对鲁迅后来放弃学医感到很惋惜,并送照片给鲁迅,以作纪念。；感激与怀念",人物可同时有不足和善意，作者总体态度与某次行为评价分开,CN-BOOK-B01,101-150/full.md第1307行（所属作品已匹配实际PDF页：24、25；本行优先按full.md行号定位）
朝花夕拾,人物与态度,范爱农,"《范爱农》；为人孤傲、正直、倔强,不趋炎附势,对革命有极大热情；人物身份:鲁迅的朋友,与鲁迅在日本留学时相识。主要活动:回国后,他一直受到轻视、排斥和迫害,不得不“躲在乡下,教着几个小学生糊口”。他憎恨腐败的封建统治,常搭船进城与鲁迅喝酒,抒发心中愤懑。辛亥革命后,他曾在绍兴师范学校任教,又受到排挤,最后溺水而亡。；深觉悲痛和惋惜",人物可同时有不足和善意，作者总体态度与某次行为评价分开,CN-BOOK-B01,101-150/full.md第1307行（所属作品已匹配实际PDF页：24、25；本行优先按full.md行号定位）
西游记,人物与情节,唐僧,"正面:1崇信佛法,严守戒律(如“四圣试禅心”“女儿国遇难”);2目标明确,立场坚定,勇往直前;3慈悲善良(如“鬼王夜谒唐三藏”)。反面:贤愚不分,易轻信谗言,迂腐固执(如“三打白骨精”“真假美猴王”)。；被观音选中去西天取经,取经途中经历九九八十一难,始终初心不改,在三个徒弟的帮助下,终于从西天取回真经,被封为“旃檀功德佛”。",同一表含人物与故事启示；神话行为是文学情境，人物特点由相应动作支持，不变成现实行为通则,CN-BOOK-B02,101-150/full.md第1335行（所属作品已匹配实际PDF页：26；本行优先按full.md行号定位）
西游记,人物与情节,孙悟空,"正面:1桀骜不驯,敢于反抗(如“大闹天宫”);2不怕困难,坚持不懈(如“三调芭蕉扇”);3爱憎分明,忠诚不贰(如“三打白骨精”“真假美猴王”);4敢做敢当(如“大闹五庄观”);5聪明机智,神通广大(如“车迟国斗法”“计盗紫金铃”);6行侠仗义(如“比丘国除妖救婴”)。反面:1爱慕虚荣,急功近利(如“义激美猴王”);2争强好胜,喜欢搞恶作剧(如“车迟国斗法”);3滥杀无辜(如“神狂诛草寇”);4脾气暴躁,鲁莽冲动(如“大闹五庄观”)。；出生于东胜神洲傲来国花果山,拜须菩提祖师为师,学会了七十二般变化和筋斗云,后因大闹天宫被如来压在五行山下,五百年后为唐僧所救,拜唐僧为师,踏上西天取经之路,历经磨难,功德圆满,被封为“斗战胜佛”。",同一表含人物与故事启示；神话行为是文学情境，人物特点由相应动作支持，不变成现实行为通则,CN-BOOK-B02,101-150/full.md第1335行（所属作品已匹配实际PDF页：26；本行优先按full.md行号定位）
西游记,人物与情节,猪八戒,"正面:1本性善良,聪明机智(如“义激美猴王”);2知错就改(如“高老庄收八戒”);3战斗勇猛(如“大战流沙河”“火云洞斗红孩儿”)。反面:1意志不坚定(如遇到困难便起散伙念头);2见识短浅,爱搬弄是非(如“三打白骨精”);3贪恋女色(如“四圣试禅心”);4好吃懒做,爱占小便宜(如怂恿悟空偷人参果,化斋、巡山时偷懒睡觉)。；原是天蓬元帅,因调戏嫦娥被逐出天界,到人间投胎,却又错投猪胎,嘴脸与猪相似。在高老庄被收服,随唐僧取得真经后被封为“净坛使者”。",同一表含人物与故事启示；神话行为是文学情境，人物特点由相应动作支持，不变成现实行为通则,CN-BOOK-B02,101-150/full.md第1335行（所属作品已匹配实际PDF页：26；本行优先按full.md行号定位）
西游记,人物与情节,沙僧,"正面:1忠厚诚恳,任劳任怨,正直无私(如西行路上牵马挑担,从不抱怨);2意志坚定(如“四圣试禅心”);3知错能改,有向善之心(如“大战流沙河”)。反面:缺乏主见,逆来顺受(如西行路上只知服从师父或师兄安排)。；原是天庭中的卷帘大将,因失手打碎玻璃盏被贬下凡,盘踞在流沙河。成为唐僧的徒弟之后,与师父、两位师兄以及白龙马一起赴西天取经,功德圆满后,被封为“金身罗汉”。",同一表含人物与故事启示；神话行为是文学情境，人物特点由相应动作支持，不变成现实行为通则,CN-BOOK-B02,101-150/full.md第1335行（所属作品已匹配实际PDF页：26；本行优先按full.md行号定位）
西游记,人物与情节,大闹天宫(第五—七回),"概述；(孙悟空被召入上界,封为“弼马温”,在得知此官位末等之后,打道回花果山,自称“齐天大圣”。玉帝派天兵天将捉拿孙悟空,未成功。玉帝命太白金星再次招安,造齐天大圣府。)为避免孙悟空生出事端,玉帝让孙悟空管理蟠桃园。孙悟空偷吃蟠桃,搅乱王母娘娘的蟠桃宴,又盗食太上老君的金丹,逃离天宫。玉帝再派李天王率天兵捉拿,观音菩萨举荐二郎真君助战,太上老君在旁使“金钢琢”,最后孙悟空被擒。孙悟空被刀砍斧剁、火烧雷打,甚至置丹炉用火炼四十九日,依然毫发无损,还炼成了火眼金睛。玉帝请来佛祖如来,才把其压在五行山下。",同一表含人物与故事启示；神话行为是文学情境，人物特点由相应动作支持，不变成现实行为通则,CN-BOOK-B02,101-150/full.md第1335行（所属作品已匹配实际PDF页：26；本行优先按full.md行号定位）
西游记,人物与情节,大闹天宫(第五—七回),"启示；1面对不公不义之事要勇于反抗;2最终孙悟空被如来制服,说明人外有人、天外有天,不可妄自尊大。",同一表含人物与故事启示；神话行为是文学情境，人物特点由相应动作支持，不变成现实行为通则,CN-BOOK-B02,101-150/full.md第1335行（所属作品已匹配实际PDF页：26；本行优先按full.md行号定位）
西游记,人物与情节,四圣试禅心(第二十三回),"概述；黎山老母与观音菩萨、普贤菩萨、文殊菩萨变成母女四人,想试探四人取经意志是否坚定,欲招唐僧师徒为婿。唐僧不为所动,悟空、沙僧也坚决拒绝,只有猪八戒贪恋女色,意动神摇,去撞天婚,被捉弄一番,又被骗穿上珍珠衫,珍珠衫变成绳索,猪八戒被捆于树上一夜。",同一表含人物与故事启示；神话行为是文学情境，人物特点由相应动作支持，不变成现实行为通则,CN-BOOK-B02,101-150/full.md第1335行（所属作品已匹配实际PDF页：26；本行优先按full.md行号定位）
西游记,人物与情节,四圣试禅心(第二十三回),启示；做人要经得起各种各样的诱惑。,同一表含人物与故事启示；神话行为是文学情境，人物特点由相应动作支持，不变成现实行为通则,CN-BOOK-B02,101-150/full.md第1335行（所属作品已匹配实际PDF页：26；本行优先按full.md行号定位）
西游记,人物与情节,三打白骨精(第二十七回),"概述；一打:白骨精变成一村姑送饭下田,悟空识破,举棒便打,白骨精抛下假尸出化元神逃走。八戒从中挑拨,唐僧念咒罚悟空,悟空求饶,唐僧答应饶他一次。二打:白骨精变成老婆婆来寻女儿,又被悟空识破,悟空举棒再打,妖怪出化元神逃走。唐僧看见假尸当即念咒并要赶走悟空,悟空要求取下“金箍儿”,唐僧只好再饶他一次。三打:白骨精变成一老翁来找他的妻子和女儿,悟空一棒断绝白骨精灵光。八戒又进谗言,唐僧一气之下写下贬书,把悟空赶走。",同一表含人物与故事启示；神话行为是文学情境，人物特点由相应动作支持，不变成现实行为通则,CN-BOOK-B02,101-150/full.md第1335行（所属作品已匹配实际PDF页：26；本行优先按full.md行号定位）
西游记,人物与情节,三打白骨精(第二十七回),"启示；1不要被事物的外表蒙蔽,应辨明真相,防患于未然;2要听信忠言,不要不加思考,听信谗言;3要顾全大局,不能因个人怨隙误了大事;4除恶务尽,否则坏人总会再来。",同一表含人物与故事启示；神话行为是文学情境，人物特点由相应动作支持，不变成现实行为通则,CN-BOOK-B02,101-150/full.md第1335行（所属作品已匹配实际PDF页：26；本行优先按full.md行号定位）
西游记,人物与情节,大战红孩儿(第四十一四十二回),"概述；唐僧师徒行至火云洞。牛魔王之子红孩儿用计骗得唐僧信任后,用狂风卷走了他。红孩儿口吐三昧真火无人能敌,孙悟空请来龙王施雨灭火也无济于事;八戒又去向观音求救,结果半路被红孩儿假扮的观音擒去;悟空变作牛魔王去救,也没有成功,只好到南海向观音求救。观音降伏了红孩儿,收他做了善财童子。",同一表含人物与故事启示；神话行为是文学情境，人物特点由相应动作支持，不变成现实行为通则,CN-BOOK-B02,101-150/full.md第1335行（所属作品已匹配实际PDF页：26；本行优先按full.md行号定位）
西游记,人物与情节,大战红孩儿(第四十一四十二回),"启示；1不要妄自尊大,不能轻视别人;2遇到困难要善于寻求别人的帮助;3从小就要养成谦虚谨慎的好品德。",同一表含人物与故事启示；神话行为是文学情境，人物特点由相应动作支持，不变成现实行为通则,CN-BOOK-B02,101-150/full.md第1335行（所属作品已匹配实际PDF页：26；本行优先按full.md行号定位）
西游记,人物与情节,车迟国斗法(第四十四—四十六回),"概述；车迟国国王命唐僧师徒与虎力大仙、鹿力大仙、羊力大仙比赛求雨。虎力大仙先登场做法,召来风、云、雾、雷、电诸神和四海龙王,被悟空阻住,无雨降下。唐僧登坛,悟空大显神通,风雷大作,暴雨倾盆。又赌“云梯显圣”坐禅,鹿力大仙变出臭虫咬唐僧,悟空变成蜈蚣叮虎力大仙,使他跌下。赌猜柜中之物,赌利刃砍头,赌剖腹剜心、油锅洗澡等,悟空使计,三大仙皆输。",同一表含人物与故事启示；神话行为是文学情境，人物特点由相应动作支持，不变成现实行为通则,CN-BOOK-B02,101-150/full.md第1335行（所属作品已匹配实际PDF页：26；本行优先按full.md行号定位）
西游记,人物与情节,车迟国斗法(第四十四—四十六回),"启示；与邪恶势力斗争,不必拘泥于道义、形式,应当以其人之道,还治其人之身。",同一表含人物与故事启示；神话行为是文学情境，人物特点由相应动作支持，不变成现实行为通则,CN-BOOK-B02,101-150/full.md第1335行（所属作品已匹配实际PDF页：26；本行优先按full.md行号定位）
西游记,人物与情节,女儿国遇难(第五十四—五十五回),"概述；(西行途中,唐僧、八戒误饮子母河水,腹中有了胎气。悟空和沙僧取来解阳山落胎泉水,解了二人胎气。)西梁女儿国国王倾慕唐僧一表人才,甘愿以国相托。唐僧以取经为大业,坚决不肯接受女儿国国王的一片好意。隐藏在女儿国王宫中的妖女,趁机作法把唐僧掳入琵琶洞,强迫他与自己做夫妻,唐僧执意不肯。悟空与八戒寻师,与妖女酣斗,却被她暗施毒钩刺伤。后经昴日星官相助,降伏了这个幻化成人形的蝎子精。",同一表含人物与故事启示；神话行为是文学情境，人物特点由相应动作支持，不变成现实行为通则,CN-BOOK-B02,101-150/full.md第1335行（所属作品已匹配实际PDF页：26；本行优先按full.md行号定位）
西游记,人物与情节,女儿国遇难(第五十四—五十五回),"启示；做任何事情都需要目标明确,意志坚定,这样才能有所作为。",同一表含人物与故事启示；神话行为是文学情境，人物特点由相应动作支持，不变成现实行为通则,CN-BOOK-B02,101-150/full.md第1335行（所属作品已匹配实际PDF页：26；本行优先按full.md行号定位）
西游记,人物与情节,真假美猴王(第五十六—五十八回),"概述；悟空因打杀强盗,被唐僧赶走。六耳猕猴趁机假冒悟空,打晕唐僧并抢走行李。真假美猴王大战,观音、托塔李天王、唐僧、地藏王等均无法辨别真假。最终六耳猕猴被如来佛祖识破,悟空将其打死,师徒团聚。",同一表含人物与故事启示；神话行为是文学情境，人物特点由相应动作支持，不变成现实行为通则,CN-BOOK-B02,101-150/full.md第1335行（所属作品已匹配实际PDF页：26；本行优先按full.md行号定位）
西游记,人物与情节,真假美猴王(第五十六—五十八回),"启示；1要实现共同目标,团队成员须精诚团结;2假象掩盖不了事实,真相总会水落石出;3亲眼看到的不一定是真相,要全面客观地看待问题。",同一表含人物与故事启示；神话行为是文学情境，人物特点由相应动作支持，不变成现实行为通则,CN-BOOK-B02,101-150/full.md第1335行（所属作品已匹配实际PDF页：26；本行优先按full.md行号定位）
西游记,人物与情节,三调芭蕉扇(第五十九—六十一回),"概述；一调:铁扇公主因红孩儿被降伏,恼恨悟空,用芭蕉扇扇走了悟空;后来,悟空变成虫子随茶水进入铁扇公主肚内,迫使铁扇公主借扇,借来的却是假扇。二调:悟空变成牛魔王的样子,骗取真扇,却又被牛魔王变成八戒骗回。三调:悟空请来一众神佛,降伏牛魔王,拿到真扇,熄灭山火。",同一表含人物与故事启示；神话行为是文学情境，人物特点由相应动作支持，不变成现实行为通则,CN-BOOK-B02,101-150/full.md第1335行（所属作品已匹配实际PDF页：26；本行优先按full.md行号定位）
西游记,人物与情节,三调芭蕉扇(第五十九—六十一回),"启示；面对困境,要充分发挥聪明才智,有为争取胜利不惧艰险、永不放弃的斗争精神。",同一表含人物与故事启示；神话行为是文学情境，人物特点由相应动作支持，不变成现实行为通则,CN-BOOK-B02,101-150/full.md第1335行（所属作品已匹配实际PDF页：26；本行优先按full.md行号定位）
西游记,人物与情节,狮驼岭斗三魔(第七十四—七十七回),"概述；狮驼岭三魔神通广大,太白金星前来提醒,悟空变作小钻风,深入狮驼洞探听虚实,遭鹏魔识破真面目,被装入阴阳二气瓶,用菩萨赐的救命毫毛脱险。悟空与八戒叫战狮驼洞,同狮魔大战。狮魔张开巨口吞了悟空,八戒认定悟空必死,遂再起散伙念头。悟空降伏狮魔,怒斥八戒。八戒与象魔交战遭擒,悟空营救,审出八戒私房底细,救其逃离魔窟。两人与象魔再战生擒象魔,迫其抬轿送唐僧过山。鹏魔施“调虎离山”之计,三魔大战悟空、八戒与沙僧,擒走唐僧。悟空几经缠斗,终因寡不敌众而未得手,遂去灵山请如来佛祖、文殊菩萨、普贤菩萨降伏三魔,救出唐僧。",同一表含人物与故事启示；神话行为是文学情境，人物特点由相应动作支持，不变成现实行为通则,CN-BOOK-B02,101-150/full.md第1335行（所属作品已匹配实际PDF页：26；本行优先按full.md行号定位）
西游记,人物与情节,狮驼岭斗三魔(第七十四—七十七回),"启示；遇到困难时,既要目标坚定,勇往直前;也要善于借助力量,巧妙解决难题。",同一表含人物与故事启示；神话行为是文学情境，人物特点由相应动作支持，不变成现实行为通则,CN-BOOK-B02,101-150/full.md第1335行（所属作品已匹配实际PDF页：26；本行优先按full.md行号定位）
骆驼祥子,祥子前后变化,祥子,"前期:淳朴憨厚,吃苦耐劳,自尊好强,对生活充满希望。后期:经历了“三起三落”,祥子失去了对生活的信心,变得麻木、潦倒、狡猾、爱占便宜、自私懒惰、自暴自弃,成为“个人主义的末路鬼”。",前期后期须对应遭遇时段，不能两阶段特征混成同时发生,CN-BOOK-B03,101-150/full.md第1357行（所属作品已匹配实际PDF页：28、29；本行优先按full.md行号定位）
骆驼祥子,配角作用,虎妞,"大胆泼辣、粗俗凶悍、好逸恶劳、工于心计、敢爱敢恨,充满市侩习气；虎妞是祥子的妻子,她对祥子的爱,有真实的一面,为了和祥子结婚,不惜与有钱的父亲决裂。但她好逸恶劳,不甘心一辈子当“车夫的老婆”,是祥子进取的阻力和障碍,一步步将祥子拽入堕落的深渊。",旁人作用与社会压迫共同理解，不将祥子悲剧归罪单一女人或一次选择,CN-BOOK-B03,101-150/full.md第1359行（所属作品已匹配实际PDF页：28、29；本行优先按full.md行号定位）
骆驼祥子,配角作用,小福子,"逆来顺受、勤劳要强、善良节俭；祥子真正喜欢的人,她是祥子心中仅存的一点希望与美好。小福子的死成了压垮祥子的最后一根稻草,祥子从此彻底堕入了深渊。",旁人作用与社会压迫共同理解，不将祥子悲剧归罪单一女人或一次选择,CN-BOOK-B03,101-150/full.md第1359行（所属作品已匹配实际PDF页：28、29；本行优先按full.md行号定位）
骆驼祥子,配角作用,曹先生,"为人和气,善良正直,关心并同情底层劳动人民；曹先生在祥子眼里是“圣人”,多次点亮了祥子的精神世界和他对新生活的希望。",旁人作用与社会压迫共同理解，不将祥子悲剧归罪单一女人或一次选择,CN-BOOK-B03,101-150/full.md第1359行（所属作品已匹配实际PDF页：28、29；本行优先按full.md行号定位）
骆驼祥子,配角作用,孙侦探,"阴险狡诈、贪财冷漠、专横霸道,剥削与压榨底层百姓；他敲诈走了祥子用来买车的钱,是推动祥子走向堕落的根源之一。",旁人作用与社会压迫共同理解，不将祥子悲剧归罪单一女人或一次选择,CN-BOOK-B03,101-150/full.md第1359行（所属作品已匹配实际PDF页：28、29；本行优先按full.md行号定位）
骆驼祥子,三起三落与情节,“一起”——攒钱买车,"概述；祥子十八岁时到北平赚钱谋生,下定决心攒钱买一辆自己的车。于是他拼命拉车,省吃俭用,在三年间凑足了一百块钱,终于买了第一辆车。",起落围绕买车目标；原启示须放回旧社会情境，不扩大为任何时代个人努力必然无用,CN-BOOK-B03,101-150/full.md第1363行（所属作品已匹配实际PDF页：28、29；本行优先按full.md行号定位）
骆驼祥子,三起三落与情节,“一起”——攒钱买车,"启示；生活中少不了磨难,想要有所突破,就要自食其力,勇敢奋斗。",起落围绕买车目标；原启示须放回旧社会情境，不扩大为任何时代个人努力必然无用,CN-BOOK-B03,101-150/full.md第1363行（所属作品已匹配实际PDF页：28、29；本行优先按full.md行号定位）
骆驼祥子,三起三落与情节,“一落”——被捉失车,"概述；战争将北平弄得人心惶惶。祥子为了多赚点钱去了危险地带,结果被无理的大兵拉去充军,他那辆用几年血汗钱买来的车也没了。",起落围绕买车目标；原启示须放回旧社会情境，不扩大为任何时代个人努力必然无用,CN-BOOK-B03,101-150/full.md第1363行（所属作品已匹配实际PDF页：28、29；本行优先按full.md行号定位）
骆驼祥子,三起三落与情节,“一落”——被捉失车,"启示；不能心存侥幸,遇到问题不要以身犯险,应当多加考虑,妥善处理。",起落围绕买车目标；原启示须放回旧社会情境，不扩大为任何时代个人努力必然无用,CN-BOOK-B03,101-150/full.md第1363行（所属作品已匹配实际PDF页：28、29；本行优先按full.md行号定位）
骆驼祥子,三起三落与情节,“二起”——二次奋斗,"概述；祥子牵走了军营里的三匹骆驼,换取了三十五块大洋。祥子在进城途中因病在海甸的一家小店里躺了三天,他与三匹骆驼的关系由梦话或胡话中被人听了去,从此得了个“骆驼祥子”的外号。他病好后将卖骆驼剩下的三十块大洋交给人和车厂刘四爷保管,决定攒够了钱再买一辆车。",起落围绕买车目标；原启示须放回旧社会情境，不扩大为任何时代个人努力必然无用,CN-BOOK-B03,101-150/full.md第1363行（所属作品已匹配实际PDF页：28、29；本行优先按full.md行号定位）
骆驼祥子,三起三落与情节,“二起”——二次奋斗,"启示；人要有奋斗目标,并为之不断努力。",起落围绕买车目标；原启示须放回旧社会情境，不扩大为任何时代个人努力必然无用,CN-BOOK-B03,101-150/full.md第1363行（所属作品已匹配实际PDF页：28、29；本行优先按full.md行号定位）
骆驼祥子,三起三落与情节,怒辞杨宅,"概述；为了买车,祥子在杨先生家拉包月。杨先生有两位太太,还有一大群孩子。祥子每天接送完这个,又要去伺候那个,同时还要干杂活。更可恨的是,主人不把仆人当人看,住宿条件也很差。一天,祥子因无法忍受杨太太的虚伪傲慢,愤怒地将钱摔在杨太太的脸上,辞掉了这份工作。",起落围绕买车目标；原启示须放回旧社会情境，不扩大为任何时代个人努力必然无用,CN-BOOK-B03,101-150/full.md第1363行（所属作品已匹配实际PDF页：28、29；本行优先按full.md行号定位）
骆驼祥子,三起三落与情节,怒辞杨宅,"启示；人要有自尊,要坚守底线,对突破自己底线的事情要予以制止和反击。",起落围绕买车目标；原启示须放回旧社会情境，不扩大为任何时代个人努力必然无用,CN-BOOK-B03,101-150/full.md第1363行（所属作品已匹配实际PDF页：28、29；本行优先按full.md行号定位）
骆驼祥子,三起三落与情节,“二落”——孙侦探敲诈,"概述；老北平祭灶的日子来临,祥子拉着曹先生回家,在路上被孙侦探跟踪。曹先生让祥子将自己拉到好朋友左先生家,并让祥子坐汽车回曹家向太太报信。祥子刚回到曹家,就被孙侦探抓住。在孙侦探的敲诈、逼迫下,祥子将自己的所有积蓄给了孙侦探,第二次买车的希望成了泡影。",起落围绕买车目标；原启示须放回旧社会情境，不扩大为任何时代个人努力必然无用,CN-BOOK-B03,101-150/full.md第1363行（所属作品已匹配实际PDF页：28、29；本行优先按full.md行号定位）
骆驼祥子,三起三落与情节,“二落”——孙侦探敲诈,启示；个人力量终究抵挡不住时代的浪潮。,起落围绕买车目标；原启示须放回旧社会情境，不扩大为任何时代个人努力必然无用,CN-BOOK-B03,101-150/full.md第1363行（所属作品已匹配实际PDF页：28、29；本行优先按full.md行号定位）
骆驼祥子,三起三落与情节,被迫结婚,"概述；刘四爷不愿把女儿嫁给一个臭拉车的,更害怕祥子以女婿的身份继承他的产业,因此要祥子离开。虎妞并不买父亲的账,撕破脸公开了自己和祥子的关系,并下决心跟祥子走。和父亲大闹了一场后,虎妞和祥子在毛家湾一个大杂院里租房子成了亲。",起落围绕买车目标；原启示须放回旧社会情境，不扩大为任何时代个人努力必然无用,CN-BOOK-B03,101-150/full.md第1363行（所属作品已匹配实际PDF页：28、29；本行优先按full.md行号定位）
骆驼祥子,三起三落与情节,“三起”——再次买车,"概述；自从和女儿闹翻后,刘四爷把一部分车卖出去,剩下的全倒给了西城一家有名的车主,自己带着钱享福去了。虎妞听到这个消息后,非常失望。她看清了自己将来只能做一辈子车夫的老婆的事实,大哭一场后,用低价给祥子买下了同院二强子的一辆车。",起落围绕买车目标；原启示须放回旧社会情境，不扩大为任何时代个人努力必然无用,CN-BOOK-B03,101-150/full.md第1363行（所属作品已匹配实际PDF页：28、29；本行优先按full.md行号定位）
骆驼祥子,三起三落与情节,“三起”——再次买车,启示；悲惨的命运和残酷的现实会磨掉人的意志。,起落围绕买车目标；原启示须放回旧社会情境，不扩大为任何时代个人努力必然无用,CN-BOOK-B03,101-150/full.md第1363行（所属作品已匹配实际PDF页：28、29；本行优先按full.md行号定位）
骆驼祥子,三起三落与情节,“三落”——妻死卖车,"概述；虎妞因难产而死,祥子为了办丧事,无奈卖掉了车。同时,祥子拒绝了心爱的小福子和自己组建家庭的请求。",起落围绕买车目标；原启示须放回旧社会情境，不扩大为任何时代个人努力必然无用,CN-BOOK-B03,101-150/full.md第1363行（所属作品已匹配实际PDF页：28、29；本行优先按full.md行号定位）
骆驼祥子,三起三落与情节,小福子自杀,"概述；祥子去白房子找小福子,得知小福子已经上吊自尽,祥子所有的希望都破灭了,他完全堕落了,到处占小便宜,甚至开始骗钱。祥子为了六十块钱出卖了阮明,终于混成了“个人主义的末路鬼”。",起落围绕买车目标；原启示须放回旧社会情境，不扩大为任何时代个人努力必然无用,CN-BOOK-B03,101-150/full.md第1363行（所属作品已匹配实际PDF页：28、29；本行优先按full.md行号定位）
骆驼祥子,三起三落与情节,小福子自杀,"启示；在万恶的旧社会,善良的人没有出路,依靠个人奋斗不但不能走向幸福,反而会过着更加悲惨的生活。",起落围绕买车目标；原启示须放回旧社会情境，不扩大为任何时代个人努力必然无用,CN-BOOK-B03,101-150/full.md第1363行（所属作品已匹配实际PDF页：28、29；本行优先按full.md行号定位）
钢铁是怎样炼成的,形象与情节,保尔,"个性倔强、勇于反抗；1因屡遭神父的辱骂惩罚,把一撮烟末撒在神父厨房里预备做复活节糕的面团上,后被赶出学校;2用英国拳法狠狠教训挑事的调车场场长的儿子。",行为与困难对照说明精神；冬妮亚前后评价分阶段，不只凭衣着颜色定人格,CN-BOOK-B04,101-150/full.md第1391行（所属作品已匹配实际PDF页：30；本行优先按full.md行号定位）
钢铁是怎样炼成的,形象与情节,保尔,"英勇无畏、坚毅勇敢；1突袭押送朱赫来的匪兵,解救了朱赫来;2因救朱赫来而被捕,被审讯时不透露朱赫来的行踪。",行为与困难对照说明精神；冬妮亚前后评价分阶段，不只凭衣着颜色定人格,CN-BOOK-B04,101-150/full.md第1391行（所属作品已匹配实际PDF页：30；本行优先按full.md行号定位）
钢铁是怎样炼成的,形象与情节,保尔,"顽强不屈、永不言败；1失去了战斗的能力之后想要自杀,但很快决定要活下去,使生命变得有益于人民;2在双腿瘫痪、双目失明的情况下,克服困难,开始文学创作。",行为与困难对照说明精神；冬妮亚前后评价分阶段，不只凭衣着颜色定人格,CN-BOOK-B04,101-150/full.md第1391行（所属作品已匹配实际PDF页：30；本行优先按full.md行号定位）
钢铁是怎样炼成的,形象与情节,朱赫来(保尔的革命引路人),"沉着冷静,勇敢善良,有领导力；1教保尔学拳法,送他靴子和枪;2组织工人运动,壮大革命力量;3对失踪工人的家属予以帮助;4宣传革命思想,引导青年走向革命道路。",行为与困难对照说明精神；冬妮亚前后评价分阶段，不只凭衣着颜色定人格,CN-BOOK-B04,101-150/full.md第1391行（所属作品已匹配实际PDF页：30；本行优先按full.md行号定位）
钢铁是怎样炼成的,形象与情节,谢廖沙(保尔朋友),"率真善良,积极进取,富有革命热情；1收留遭遇“大屠杀”的印刷工人,为保护犹太老人而被匪徒打伤头;2积极投身革命,在战斗中被流弹击中而死。",行为与困难对照说明精神；冬妮亚前后评价分阶段，不只凭衣着颜色定人格,CN-BOOK-B04,101-150/full.md第1391行（所属作品已匹配实际PDF页：30；本行优先按full.md行号定位）
钢铁是怎样炼成的,形象与情节,冬妮亚(保尔初恋),"美丽活泼,单纯善良；1热情邀请保尔来家里做客,语气温柔友好;2保尔被捕后为保尔担惊受怕,将逃出监狱的保尔藏匿在家中。",行为与困难对照说明精神；冬妮亚前后评价分阶段，不只凭衣着颜色定人格,CN-BOOK-B04,101-150/full.md第1391行（所属作品已匹配实际PDF页：30；本行优先按full.md行号定位）
钢铁是怎样炼成的,形象与情节,冬妮亚(保尔初恋),"爱慕虚荣,庸俗自私；1穿着艳丽的衣服参加共青团会议,并轻蔑地看着大家;2多年后在车站相遇,鄙视衣衫褴褛的保尔。",行为与困难对照说明精神；冬妮亚前后评价分阶段，不只凭衣着颜色定人格,CN-BOOK-B04,101-150/full.md第1391行（所属作品已匹配实际PDF页：30；本行优先按full.md行号定位）
钢铁是怎样炼成的,形象与情节,丽达(保尔知己),"乐观开朗,干练大方；1与保尔一起挤火车参加共青团代表大会,衣着朴素;2革命热情高,严格要求保尔进步;3为保尔的“死”悲痛不已,重逢后解除误会,彼此祝福。",行为与困难对照说明精神；冬妮亚前后评价分阶段，不只凭衣着颜色定人格,CN-BOOK-B04,101-150/full.md第1391行（所属作品已匹配实际PDF页：30；本行优先按full.md行号定位）
钢铁是怎样炼成的,形象与情节,达雅(保尔妻子),"单纯善良,积极进步；1保尔双腿瘫痪、双目失明后,仍不肯离开保尔;2达雅快速成长,进步成为正式党员。",行为与困难对照说明精神；冬妮亚前后评价分阶段，不只凭衣着颜色定人格,CN-BOOK-B04,101-150/full.md第1391行（所属作品已匹配实际PDF页：30；本行优先按full.md行号定位）
红星照耀中国,毛泽东经历与评价,革命之路,"参加革命的起因；1同情百姓疾苦,不满社会黑暗;2意识到国家正处于危难之中,需要有志青年,决心为国奋起;3接受进步教育,受到进步人物、进步书籍的影响。",原书学习清单可能含历史补充，不全部说成斯诺亲历采访；经历、书内事例和作者评价分层,CN-BOOK-B05,101-150/full.md第1423行（所属作品已匹配实际PDF页：31、32、33、34；本行优先按full.md行号定位）
红星照耀中国,毛泽东经历与评价,革命之路,"革命经历；1927年,领导秋收起义,后向井冈山进军,发动土地革命,创立第一个农村革命根据地。1934年10月,参加红一方面军长征。1936年12月,同周恩来等促使西安事变和平解决。",原书学习清单可能含历史补充，不全部说成斯诺亲历采访；经历、书内事例和作者评价分层,CN-BOOK-B05,101-150/full.md第1423行（所属作品已匹配实际PDF页：31、32、33、34；本行优先按full.md行号定位）
红星照耀中国,毛泽东经历与评价,重要情节及人物形象,"1看到因饥荒而“造反”的百姓被迫害,感到强烈不满。(富有反抗精神)2阅读列强瓜分中国的小册子。(富有救国救民的责任感)3他和他的夫人住两间窑洞,四壁简陋,空无所有,只挂了一些地图,他所有财物是一卷铺盖,几件随身衣物。(生活俭朴)4将自己的上衣脱下给受伤的战士穿,长征中和普通战士一样步行。(爱护部下、平易近人)5他熟读世界历史,对哲学著作涉猎广泛,对世界政治惊人地熟悉。(博学多才、有政治远见)6他每天工作十三四个小时,常常到深夜两三点钟才休息。(精力充沛、工作勤奋)",原书学习清单可能含历史补充，不全部说成斯诺亲历采访；经历、书内事例和作者评价分层,CN-BOOK-B05,101-150/full.md第1423行（所属作品已匹配实际PDF页：31、32、33、34；本行优先按full.md行号定位）
红星照耀中国,毛泽东经历与评价,作者评价,"非常精明的知识分子;精通中国旧学的有成就的学者;精力过人,不知疲倦,是一个颇有天才的军事和政治战略家。",原书学习清单可能含历史补充，不全部说成斯诺亲历采访；经历、书内事例和作者评价分层,CN-BOOK-B05,101-150/full.md第1423行（所属作品已匹配实际PDF页：31、32、33、34；本行优先按full.md行号定位）
红星照耀中国,周恩来经历与评价,革命之路,"童年经历；出身官僚家庭,父亲是一个杰出的教书先生,母亲博览群书,不同凡俗。他从很小的时候就表现出突出的文学天赋,但他在民族觉醒的时期里受的教育,使他的兴趣从文学转移到别的方面去了。",由动作及交际细节支持形象，不按姓名互移事件；历史补充与原著采访区分,CN-BOOK-B05,101-150/full.md第1427行（所属作品已匹配实际PDF页：31、32、33、34；本行优先按full.md行号定位）
红星照耀中国,周恩来经历与评价,革命之路,"参加革命的起因；从小受资产阶级民主革命思想的影响,树立救国救民的远大抱负。",由动作及交际细节支持形象，不按姓名互移事件；历史补充与原著采访区分,CN-BOOK-B05,101-150/full.md第1427行（所属作品已匹配实际PDF页：31、32、33、34；本行优先按full.md行号定位）
红星照耀中国,周恩来经历与评价,革命之路,"革命经历；求学期间多次领导学生运动。1927年3月,领导上海工人第三次武装起义;8月1日,领导南昌起义。1933年,和朱德领导第四次反“围剿”斗争并取得胜利。1936年12月,西安事变期间,多次同国民党谈判,促成国共两党第二次合作,形成抗日民族统一战线。",由动作及交际细节支持形象，不按姓名互移事件；历史补充与原著采访区分,CN-BOOK-B05,101-150/full.md第1427行（所属作品已匹配实际PDF页：31、32、33、34；本行优先按full.md行号定位）
红星照耀中国,周恩来经历与评价,重要情节及人物形象,"1出身官僚家庭,领导学生运动;在法国帮助组织中国共产党,回国后组织上海工人运动、八一起义。(敢于反抗、忠于信仰)2他欢迎任何一个新闻记者来苏区访问,并愿意提供一切帮助:他替作者规划采访旅程,开列着为时共需九十二天的旅程中的各个项目。(细心热情、善于计划)3他在南方进行了多年的艰苦斗争,用步枪、机枪、铁锹对付轰炸机、坦克、装甲车,甚至没有盐吃,不得不用人的铁的意志来代替。(吃苦耐劳、百折不挠)4用胳膊搭在“红小鬼”肩上在乡间田埂散步。(平易近人)",由动作及交际细节支持形象，不按姓名互移事件；历史补充与原著采访区分,CN-BOOK-B05,101-150/full.md第1427行（所属作品已匹配实际PDF页：31、32、33、34；本行优先按full.md行号定位）
红星照耀中国,周恩来经历与评价,作者评价,书生出身的造反者;行动同知识和信仰完全一致的纯粹知识分子;头脑冷静、善于分析推理、讲究实际经验。,由动作及交际细节支持形象，不按姓名互移事件；历史补充与原著采访区分,CN-BOOK-B05,101-150/full.md第1427行（所属作品已匹配实际PDF页：31、32、33、34；本行优先按full.md行号定位）
红星照耀中国,朱德经历与评价,革命之路,"参加革命的起因；志愿是做个军人,受太平天国故事影响,有革命的倾向,后决定寻找新的革命道路,加入中国共产党。",带有历史年表补充，1937经历不声称1936采访现场；让马与步行体现具体关爱,CN-BOOK-B05,101-150/full.md第1435行（所属作品已匹配实际PDF页：31、32、33、34；本行优先按full.md行号定位）
红星照耀中国,朱德经历与评价,革命之路,"革命经历；1934年10月,参加长征。1935年1月,在遵义会议上支持毛泽东的正确主张。1937年7月,全面抗战爆发后,任国民革命军第八路军总指挥(后改称国民革命军第十八集团军总司令),率领八路军开赴华北前线,协同国民党军队对日作战,取得平型关等战役的胜利,之后建立和扩大了许多抗日根据地。",带有历史年表补充，1937经历不声称1936采访现场；让马与步行体现具体关爱,CN-BOOK-B05,101-150/full.md第1435行（所属作品已匹配实际PDF页：31、32、33、34；本行优先按full.md行号定位）
红星照耀中国,朱德经历与评价,重要情节及人物形象,"1指挥全军打过许多仗,每次作战前,总要查勘地形,精密计划。(用兵如神、细心认真)2长征途中,把马让给走累了的同志,自己总是步行。(爱护部下、不拘小节)3要是他不十分忙就帮助农民种庄稼;他常从山下挑粮食到山上。(朴实善良)",带有历史年表补充，1937经历不声称1936采访现场；让马与步行体现具体关爱,CN-BOOK-B05,101-150/full.md第1435行（所属作品已匹配实际PDF页：31、32、33、34；本行优先按full.md行号定位）
红星照耀中国,朱德经历与评价,作者评价,"不是圣人,但是在他的自己人中间......他是个深受爱戴的人......在那些为中国的人权自由而斗争的人中间,他的名字已经永垂不朽。",带有历史年表补充，1937经历不声称1936采访现场；让马与步行体现具体关爱,CN-BOOK-B05,101-150/full.md第1435行（所属作品已匹配实际PDF页：31、32、33、34；本行优先按full.md行号定位）
红星照耀中国,彭德怀经历与评价,革命之路,"童年经历；生于湖南省的农民家庭。在私塾挨打时向老师还手,被后母赶了出去,被父亲送到婶母家。",反抗、分粮与体恤部下各有对象；简单作风不等于缺心智，评价要附事例,CN-BOOK-B05,101-150/full.md第1439行（所属作品已匹配实际PDF页：31、32、33、34；本行优先按full.md行号定位）
红星照耀中国,彭德怀经历与评价,革命之路,"参加革命的起因；受《资本论》等马克思主义著作的影响,成为坚定的共产党员。",反抗、分粮与体恤部下各有对象；简单作风不等于缺心智，评价要附事例,CN-BOOK-B05,101-150/full.md第1439行（所属作品已匹配实际PDF页：31、32、33、34；本行优先按full.md行号定位）
红星照耀中国,彭德怀经历与评价,革命之路,"革命经历；1928年加入中国共产党,领导平江起义,组建中国工农红军第五军,任军长兼第十三师师长,开展游击战争,建立革命根据地。同年年底到井冈山与朱德、毛泽东统率的部队会师。",反抗、分粮与体恤部下各有对象；简单作风不等于缺心智，评价要附事例,CN-BOOK-B05,101-150/full.md第1439行（所属作品已匹配实际PDF页：31、32、33、34；本行优先按full.md行号定位）
红星照耀中国,彭德怀经历与评价,重要情节及人物形象,"1青年时带领农民攻打屯粮的大地主。(富有反抗精神)2从事谍报工作被抓时不屈服。(坚毅顽强)3善于总结战术经验,巧妙运用游击战取得胜利。(善于作战、军事才能杰出)4司令部陈设简陋,伙食也与部下一样。(吃苦耐劳、勤俭节约)5长征中经常步行,把马让给走累了或受了伤的同志骑;尊重“红小鬼”,将棉衣给身旁的小号手披上。(平易近人、爱惜部下)",反抗、分粮与体恤部下各有对象；简单作风不等于缺心智，评价要附事例,CN-BOOK-B05,101-150/full.md第1439行（所属作品已匹配实际PDF页：31、32、33、34；本行优先按full.md行号定位）
红星照耀中国,彭德怀经历与评价,作者评价,"谈话举止里有一种开门见山、直截了当、不转弯抹角的作风;很有才智,善于驰骋,又能吃苦耐劳,是个很活泼的人。",反抗、分粮与体恤部下各有对象；简单作风不等于缺心智，评价要附事例,CN-BOOK-B05,101-150/full.md第1439行（所属作品已匹配实际PDF页：31、32、33、34；本行优先按full.md行号定位）
红星照耀中国,贺龙经历与评价,革命之路,"童年经历；出生于湖南省的贫困农村家庭。他的父亲是哥老会的一个领袖,将名望传给了他,这使他在年轻时就闻名全省。",叫死人活过来打仗为夸张称誉，不当生物学事实；谦虚与急躁可并存,CN-BOOK-B05,101-150/full.md第1443行（所属作品已匹配实际PDF页：31、32、33、34；本行优先按full.md行号定位）
红星照耀中国,贺龙经历与评价,革命之路,"参加革命的起因；在辛亥革命的影响下,多次参加革命军组织的反帝反封建的武装斗争。目睹国民党军阀进行的“农民大屠杀”后,愤怒不已,毅然投向共产党。",叫死人活过来打仗为夸张称誉，不当生物学事实；谦虚与急躁可并存,CN-BOOK-B05,101-150/full.md第1443行（所属作品已匹配实际PDF页：31、32、33、34；本行优先按full.md行号定位）
红星照耀中国,贺龙经历与评价,革命之路,革命经历；用一把菜刀在湖南建立了苏区;不止一次把地方的哥老会全部成员收编进红军。,叫死人活过来打仗为夸张称誉，不当生物学事实；谦虚与急躁可并存,CN-BOOK-B05,101-150/full.md第1443行（所属作品已匹配实际PDF页：31、32、33、34；本行优先按full.md行号定位）
红星照耀中国,贺龙经历与评价,重要情节及人物形象,"1在一次宴席上,有个客人想试探他的胆量,在桌子底下开枪,他面不改色,连眼睛都没有眨一下。(勇敢无畏)2可以手无寸铁地到全国任何哪个村子里去,向哥老会说出自己的身份后,组织起一支部队来。(声望高,口才好,有影响力、感召力)3总希望别人提出批评,留心听取意见。(性格急躁又谦虚)4他在长征路上背着许多受伤的部下行军;还在当国民党将领时,他的生活跟部下一样简单。(爱护部下、平易近人)",叫死人活过来打仗为夸张称誉，不当生物学事实；谦虚与急躁可并存,CN-BOOK-B05,101-150/full.md第1443行（所属作品已匹配实际PDF页：31、32、33、34；本行优先按full.md行号定位）
红星照耀中国,贺龙经历与评价,作者评价,"用李长林的话说,“贺龙说起话来能‘叫死人活过来打仗’”。",叫死人活过来打仗为夸张称誉，不当生物学事实；谦虚与急躁可并存,CN-BOOK-B05,101-150/full.md第1443行（所属作品已匹配实际PDF页：31、32、33、34；本行优先按full.md行号定位）
红星照耀中国,徐海东经历与评价,革命之路,"童年经历；出生于湖北省一个世代做窑工的家庭,曾在窑厂做学徒。",出身、形貌与行动证据层不同；伤情原记按叙事资料保留，不推医学通则,CN-BOOK-B05,101-150/full.md第1447行（所属作品已匹配实际PDF页：31、32、33、34；本行优先按full.md行号定位）
红星照耀中国,徐海东经历与评价,革命之路,"参加革命的起因；童年的经历使他认识到穷人的孩子得不到公平,组织起来的力量是穷人自己的武器,长大后对军阀的军队感到厌恶,在一些学生的宣传影响下成为共产党员。",出身、形貌与行动证据层不同；伤情原记按叙事资料保留，不推医学通则,CN-BOOK-B05,101-150/full.md第1447行（所属作品已匹配实际PDF页：31、32、33、34；本行优先按full.md行号定位）
红星照耀中国,徐海东经历与评价,革命之路,"革命经历；1927年,成立湖北省第一支“工农军队”,这支军队后来成为红四方面军的核心。",出身、形貌与行动证据层不同；伤情原记按叙事资料保留，不推医学通则,CN-BOOK-B05,101-150/full.md第1447行（所属作品已匹配实际PDF页：31、32、33、34；本行优先按full.md行号定位）
红星照耀中国,徐海东经历与评价,重要情节及人物形象,"1自豪于无产阶级的出身,常笑称自己是个“苦力”;热情地邀请斯诺采访他的部队。(热情真诚)2打仗十年,负伤八次,有一颗子弹从他眼下穿过他的脑袋又从耳后穿出。(意志坚强、大胆无畏)3他因关心战士而不小心撞掉了门牙。(爱护部下)4带领红军轻松攻克预旺县。(英勇善战)",出身、形貌与行动证据层不同；伤情原记按叙事资料保留，不推医学通则,CN-BOOK-B05,101-150/full.md第1447行（所属作品已匹配实际PDF页：31、32、33、34；本行优先按full.md行号定位）
红星照耀中国,徐海东经历与评价,作者评价,共产党领袖中“阶级意识”最强的一个人。,出身、形貌与行动证据层不同；伤情原记按叙事资料保留，不推医学通则,CN-BOOK-B05,101-150/full.md第1447行（所属作品已匹配实际PDF页：31、32、33、34；本行优先按full.md行号定位）
红星照耀中国,红小鬼群体,重要情节及人物形象,"1他们虽然年纪很小,却事事参与,并不认为自己应该受到优待,他们在红军里当通讯员、勤务员、号手、侦察员、无线电报务员、挑水员、宣传员等;他们认为行军是不苦的,吃什么、睡在哪里都不重要,重要的是革命。(对革命忠诚而热情)2他们在后方检查过路旅客,把没有路条的旅客带到当地苏维埃去盘问,即便是彭德怀也要有路条才能通过。(尽职尽责、大公无私)3他们在做侦察工作或宣传工作时被捕,或者是行军时赶不上队伍而被抓。(对红军忠贞不贰、坚定如一)4他们同成年游击队员并肩作战,并且甚至跟敌人拼刺刀。(英勇无畏)",泛称群体不是唯一人物，服装样式不保证每个小战士全部一致,CN-BOOK-B05,101-150/full.md第1451行（所属作品已匹配实际PDF页：31、32、33、34；本行优先按full.md行号定位）
红星照耀中国,红小鬼群体,作者评价,"他们精神极好;愉快而乐观;耐心、勤劳、聪明、努力学习;身上寄托着中国的将来,只要这些少年能够得到解放,得到发展,得到启发,在建设新世界中得到起应有的作用的机会。",泛称群体不是唯一人物，服装样式不保证每个小战士全部一致,CN-BOOK-B05,101-150/full.md第1451行（所属作品已匹配实际PDF页：31、32、33、34；本行优先按full.md行号定位）
红星照耀中国,长征,路线,"瑞金→突破敌人四道防线→强渡乌江→占领遵义(遵义会议)→四渡赤水→巧渡金沙江→强渡大渡河→飞夺泸定桥→爬雪山→过草地→陕北吴起镇会师(1935年10月)→甘肃会宁会师(1936年10月),宣告长征的胜利结束。",1935陕北与1936会宁会师层次不同，路线按原总体纲要，不说每一支部队都经过同一节点,CN-BOOK-B05,101-150/full.md第1455行（所属作品已匹配实际PDF页：31、32、33、34；本行优先按full.md行号定位）
红星照耀中国,长征,困难,"在军事上:有国民党反动派的围追堵截。在生活上:工农红军生活异常艰苦,没有粮食吃,就吃野菜,甚至吃皮带、皮鞋。在环境上:有高耸云霄、终年积雪、空气稀薄的大雪山;有一望无际的草地、沼泽,人一踏上去就会陷进去,给红军生命造成威胁。",1935陕北与1936会宁会师层次不同，路线按原总体纲要，不说每一支部队都经过同一节点,CN-BOOK-B05,101-150/full.md第1455行（所属作品已匹配实际PDF页：31、32、33、34；本行优先按full.md行号定位）
红星照耀中国,长征,精神内涵,长征精神是一种英勇无畏、坚韧不拔、无私奉献的精神。这种精神也成为中国共产党和中国人民宝贵的精神财富。长征精神还展现了红军勇敢顽强的意志品质。,1935陕北与1936会宁会师层次不同，路线按原总体纲要，不说每一支部队都经过同一节点,CN-BOOK-B05,101-150/full.md第1455行（所属作品已匹配实际PDF页：31、32、33、34；本行优先按full.md行号定位）
红星照耀中国,长征,历史价值,"1长征的胜利粉碎了蒋介石扼杀中国革命的企图,使中国革命转危为安;2长征的胜利实现了中国共产党北上抗日总方针;3长征的胜利是符合中国国情的中国共产党路线方针的胜利,确立了毛泽东同志在党内的领导地位,确立了毛泽东军事思想、政治思想的指导地位;4长征的胜利使中国共产党有了稳固的革命根据地,使抗日战争、解放战争有了稳固的后方。",1935陕北与1936会宁会师层次不同，路线按原总体纲要，不说每一支部队都经过同一节点,CN-BOOK-B05,101-150/full.md第1455行（所属作品已匹配实际PDF页：31、32、33、34；本行优先按full.md行号定位）
红岩,红岩人物,许云峰(老许)中共地下党工人运动领导者,"果断、沉着、冷静,有非凡的胆识和过人的机智；1在沙坪书店发现可疑情况后,他果断组织撤退转移;2为掩护市委书记李敬原安全脱身,他主动出击,把敌人的注意力引向自己;3面对敌人的审讯,他巧妙地把徐鹏飞引入错误的判断,从而保护了组织和同志;4被转移到白公馆后,许云峰用手指和半截铁箍挖通地窖的石壁,把越狱的通道留给同志们,自己则带着对胜利的坚定信念英勇就义。",小说人物与历史原型区别，原表中的事例不直接替代历史档案,CN-BOOK-B06,101-150/full.md第1479行（所属作品已匹配实际PDF页：35；本行优先按full.md行号定位）
红岩,红岩人物,江雪琴(江姐)中共地下党区委书记,"稳重、精细、深沉、坚强,对党和革命事业忠贞；1知道丈夫牺牲后,为了不暴露身份,她抑制住内心的悲痛,仍旧镇定自若地投入新的战斗;2因叛徒出卖而不幸被捕后,面对敌人的严刑拷打,坚决不透露党的任何秘密;3收到中华人民共和国成立的消息后,在狱中与大家一起绣五星红旗庆祝;4在就义前,她平静地与战友们告别,整理梳妆后从容走向刑场。",小说人物与历史原型区别，原表中的事例不直接替代历史档案,CN-BOOK-B06,101-150/full.md第1479行（所属作品已匹配实际PDF页：35；本行优先按full.md行号定位）
红岩,红岩人物,成岗中共地下党员,"刚毅正直、坚强严肃、机智沉着；1参加地下刊物《挺进报》的编辑、印刷和发行工作;2被捕后,在渣滓洞写下《我的“自白书”》,表明革命立场;3被敌人秘密转移出白公馆,经受住特务“诚实注射剂”的考验,没有泄露党的秘密;4胜利前夕与许云峰一同英勇就义。",小说人物与历史原型区别，原表中的事例不直接替代历史档案,CN-BOOK-B06,101-150/full.md第1479行（所属作品已匹配实际PDF页：35；本行优先按full.md行号定位）
红岩,红岩人物,刘思扬中共地下党员,"诚恳正直、一身傲骨、外柔内刚；1大学时入党,先是负责沙磁区的学运工作,后参与到《挺进报》的相关工作中;2因叛徒出卖被捕,参与狱中斗争,龙光华为保护水源牺牲后,刘思扬和余新江作为代表和敌方谈判,要求悼念龙光华并改善待遇,两人被拘禁后,狱友们绝食抗议,最终获得成功;3在成岗牺牲后接替他为越狱做准备,在越狱过程中不慎被流弹击中牺牲。",小说人物与历史原型区别，原表中的事例不直接替代历史档案,CN-BOOK-B06,101-150/full.md第1479行（所属作品已匹配实际PDF页：35；本行优先按full.md行号定位）
红岩,红岩人物,齐晓轩白公馆党组织负责人,"老成持重、无私奉献、沉着果断、严谨认真；1平时学习成岗的笔迹以防万一,在胡浩被冤枉时挺身而出;2领导越狱,为了掩护战友自愿成为靶子,吸引敌人火力,最后壮烈牺牲。",小说人物与历史原型区别，原表中的事例不直接替代历史档案,CN-BOOK-B06,101-150/full.md第1479行（所属作品已匹配实际PDF页：35；本行优先按full.md行号定位）
红岩,红岩人物,龙光华中共地下党员,"立场坚定、坚强不屈、不怕牺牲；1抄叶挺的《囚歌》激励大家;2监狱中,敌人以故意断水的方式迫害革命者,龙光华为保护珍贵的水源,被敌人打成重伤,在伤情危重的情况下,也不肯占用狱友们为“监狱之花”珍藏的半桶奶粉,最终壮烈牺牲。",小说人物与历史原型区别，原表中的事例不直接替代历史档案,CN-BOOK-B06,101-150/full.md第1479行（所属作品已匹配实际PDF页：35；本行优先按full.md行号定位）
红岩,红岩人物,华子良华蓥山根据地党委书记,"忍辱负重、坚贞不屈、心思缜密；1潜伏最深的共产党员,被关押在白公馆,忍辱负重,装疯卖傻十多年;2得知“提前分批密裁”的罪恶计划后逃走,带领解放军到来,为越狱计划做出了巨大贡献。",小说人物与历史原型区别，原表中的事例不直接替代历史档案,CN-BOOK-B06,101-150/full.md第1479行（所属作品已匹配实际PDF页：35；本行优先按full.md行号定位）
红岩,红岩人物,余新江中共地下党员,"正直,勇敢,不屈,有着强烈的革命激情；1被甫志高出卖后关押在渣滓洞中,龙光华为保护水源牺牲后,他和刘思扬作为代表谈判,要求悼念龙光华并改善待遇;2识破郑克昌伪装新闻记者进监狱打探消息的诡计;3越狱过程中被敌人打伤。",小说人物与历史原型区别，原表中的事例不直接替代历史档案,CN-BOOK-B06,101-150/full.md第1479行（所属作品已匹配实际PDF页：35；本行优先按full.md行号定位）
红岩,红岩人物,宋振中(小萝卜头),"聪明伶俐、天真活泼、勇敢坚强；1学习刻苦,记忆力强,在黄以声将军的帮助下学习;2在狱中充当革命同志的联络员,冒着生命危险完成了许多艰苦的任务。",小说人物与历史原型区别，原表中的事例不直接替代历史档案,CN-BOOK-B06,101-150/full.md第1479行（所属作品已匹配实际PDF页：35；本行优先按full.md行号定位）
经典常谈,十三篇结构,《说文解字》第一,"秦以前:战国末期,由于文字统一的需要,出现了“仓颉造字”的传说。秦及秦以后:始皇时,小篆成为国书,之后有了隶书;汉末,字形由椭圆变为扁方,形成了隶书的标准;汉初还有草书;魏晋之际,演变为“今草”;魏代将隶书去了挑笔,变为“正书”;晋代也称之为“楷书”;宋代又改称为“真书”。",原经典常谈介绍的是我国传统经典；文献旧说与作者采择新说保留，不把篇数当著作总数,CN-BOOK-B07,101-150/full.md第1503行（所属作品已匹配实际PDF页：36；本行优先按full.md行号定位）
经典常谈,十三篇结构,《周易》第二,"战国末期道家、阴阳家的学说盛行,儒家借给卦爻辞作新解释发扬儒家哲学,留存下来的便是《易传》;此外还有《文言》《系辞》两传;到了汉代,又新发现了《说卦》《序卦》《杂卦》三种传,后称这三种传为《逸易》。",原经典常谈介绍的是我国传统经典；文献旧说与作者采择新说保留，不把篇数当著作总数,CN-BOOK-B07,101-150/full.md第1503行（所属作品已匹配实际PDF页：36；本行优先按full.md行号定位）
经典常谈,十三篇结构,《尚书》第三,"《尚书》包括虞、夏、商、周四代的档案,其中大部分是号令,就是向大众宣布的话,小部分是君臣相告的话。也有记事的,近人认为这几篇大都是战国末年人所作。",原经典常谈介绍的是我国传统经典；文献旧说与作者采择新说保留，不把篇数当著作总数,CN-BOOK-B07,101-150/full.md第1503行（所属作品已匹配实际PDF页：36；本行优先按full.md行号定位）
经典常谈,十三篇结构,《诗经》第四,"春秋时诗的主要作用在乐歌;孔子时代,孔子采取断章取义的方法,用《诗》来讨论做学问做人的道理;孔子以后,“《诗》三百”成为儒家的“六经”之一。",原经典常谈介绍的是我国传统经典；文献旧说与作者采择新说保留，不把篇数当著作总数,CN-BOOK-B07,101-150/full.md第1503行（所属作品已匹配实际PDF页：36；本行优先按full.md行号定位）
经典常谈,十三篇结构,“三礼”第五,"汉代学者所传习的有三种经和无数的“记”,三种经是《仪礼》《礼古经》《周礼》。“记”是儒家杂述礼制、礼制变迁的历史,或礼论之作。汉代所见的“记”很多,流传到现在的只有三十八篇《大戴记》和四十九篇《小戴记》。后世所称《礼记》,多半专指《小戴记》说。",原经典常谈介绍的是我国传统经典；文献旧说与作者采择新说保留，不把篇数当著作总数,CN-BOOK-B07,101-150/full.md第1503行（所属作品已匹配实际PDF页：36；本行优先按full.md行号定位）
经典常谈,十三篇结构,“春秋三传”第六,"三传为《左传》《公羊传》《穀梁传》,三传特别注重《春秋》的劝惩作用。三传解释经文时,常常“不顾上下文穿凿傅会起来”。三传之中,《公羊传》《穀梁传》全以解经为主;《左传》却以叙事为主,参考群籍,详述史事。",原经典常谈介绍的是我国传统经典；文献旧说与作者采择新说保留，不把篇数当著作总数,CN-BOOK-B07,101-150/full.md第1503行（所属作品已匹配实际PDF页：36；本行优先按full.md行号定位）
经典常谈,十三篇结构,“四书”第七,"“四书”按照普通的顺序是《大学》《中庸》《论语》《孟子》。《礼记》里的《大学》,本是一篇,朱子给分成经一章、传十章。《中庸》是孔门传授心法的书,书中所述的人生哲理意味深长。《论语》不但显示了孔子伟大的人格,而且能让人学习许多做学问做人的道理。《孟子》据说是孟子本人和弟子公孙丑、万章等共同所编。",原经典常谈介绍的是我国传统经典；文献旧说与作者采择新说保留，不把篇数当著作总数,CN-BOOK-B07,101-150/full.md第1503行（所属作品已匹配实际PDF页：36；本行优先按full.md行号定位）
经典常谈,十三篇结构,《战国策》第八,"战国时期诸国关系紧张,战争随时可起,担负外交的策士和游说之士开始受到重用。当时各国所重的是威势,策士所说原不外战争和诈谋;但要因人因地进言,广博的知识和微妙的机智都是不可少的。汉初著名说客蒯通对战国策士的说辞大略进行了整理和润饰,汉代刘向又把这些策士的说辞编成了《战国策》。",原经典常谈介绍的是我国传统经典；文献旧说与作者采择新说保留，不把篇数当著作总数,CN-BOOK-B07,101-150/full.md第1503行（所属作品已匹配实际PDF页：36；本行优先按full.md行号定位）
经典常谈,十三篇结构,《史记》《汉书》第九,"司马迁早年漫游各地,了解风俗,采集传闻。他以“究天人之际,通古今之变,成一家之言”的史识撰写了我国第一部纪传体通史《史记》。“《史记》体例有五:十二本纪,记帝王政迹,是编年的。十表,以分年略记世代为主。八书,记典章制度的沿革。三十世家,记侯国世代存亡。七十列传,类记各方面人物。”《汉书》,汉班固著。班固之妹班昭与马续参考皇家藏书,续写班固遗作。",原经典常谈介绍的是我国传统经典；文献旧说与作者采择新说保留，不把篇数当著作总数,CN-BOOK-B07,101-150/full.md第1503行（所属作品已匹配实际PDF页：36；本行优先按full.md行号定位）
经典常谈,十三篇结构,诸子第十,"春秋末年,封建制度开始崩坏;到了战国,形成了一个大解放的时代。在这个大变动当中,一些才智之士观点不同,但都“持之有故,言之成理”。这便是诸子之学,大部分可以称为哲学。诸子都出于职业的“士”。“士”本是封建制度里贵族的末一级,但到了春秋、战国之际,“士”成了有才能的人的通称。",原经典常谈介绍的是我国传统经典；文献旧说与作者采择新说保留，不把篇数当著作总数,CN-BOOK-B07,101-150/full.md第1503行（所属作品已匹配实际PDF页：36；本行优先按full.md行号定位）
经典常谈,十三篇结构,辞赋第十一,"屈原是我国历史里永被纪念着的一个人。《楚辞》中《离骚》和《九章》的各篇都是屈原被放逐时所作。荀子的《赋篇》最早称“赋”。《赋篇》总题分咏,安排客主,问答成篇,开后来赋家的风气。《汉书·艺文志·诗赋略》分赋为四类。东汉以来,班固作《两都赋》,后张衡仿其作《二京赋》,晋左思又仿作《三都赋》。",原经典常谈介绍的是我国传统经典；文献旧说与作者采择新说保留，不把篇数当著作总数,CN-BOOK-B07,101-150/full.md第1503行（所属作品已匹配实际PDF页：36；本行优先按full.md行号定位）
经典常谈,十三篇结构,诗第十二,"汉武帝立乐府,采集代、赵、秦、楚的歌谣和乐谱。汉末,一般文体都走向整炼一路。晋代诗逐渐排偶化、典故化。唐代谐调发展,成立了律诗绝句,称为近体;不是谐调的诗,称为古体;又成立了古近体的七言诗。宋初的诗专学李商隐,末流只知道典故对偶。南宋的三大诗家都是从江西派变化出来的。",原经典常谈介绍的是我国传统经典；文献旧说与作者采择新说保留，不把篇数当著作总数,CN-BOOK-B07,101-150/full.md第1503行（所属作品已匹配实际PDF页：36；本行优先按full.md行号定位）
经典常谈,十三篇结构,文第十三,"春秋时期,列国交际频繁,外交的言语关系国体和国家的利害更大,这种外交语言是“辞”的一种,又称为“命”,又合称为“辞命”或“辞令”。战国时代,游说之风大盛。孔子开了私人讲学之风,从此便有了私家著作。记事文也伴随着议论文的发展有了长足的进步。汉武帝时期盛行辞赋。梁昭明太子在《文选》中第一次提出“文”的标准。欧阳修和苏轼以后,古文成了正宗。宋代出现了“话本”。明代八股文盛行。",原经典常谈介绍的是我国传统经典；文献旧说与作者采择新说保留，不把篇数当著作总数,CN-BOOK-B07,101-150/full.md第1503行（所属作品已匹配实际PDF页：36；本行优先按full.md行号定位）
昆虫记,昆虫生活,蝉(夏天阳光下的“歌唱家”),"从壳中蜕变出来后,双翼湿润、沉重、透明,上面有一条条的浅绿色脉络,胸部略呈褐色,身体的其余部分呈浅绿色,有一处处的白斑。经过两个半小时,体色终于变黑。；幼虫在地下“潜伏”四年,靠吸食植物根部汁液而活,出洞后,寻找到枝杈类的支点,便从壳中蜕变而出。蜕皮的整个过程需要半个小时左右。",这是书中特定观察的介绍，蝉四年、萤火虫雌形等不可推广所有物种；拟人称号与实际行为分开,CN-BOOK-B08,101-150/full.md第1525行（所属作品已匹配实际PDF页：38；本行优先按full.md行号定位）
昆虫记,昆虫生活,螳螂(美丽的“杀手”),"体形矫健,体色淡绿,薄翼修长。小嘴尖尖,脖颈柔软,头可以左右旋转,俯仰自如。腰肢长而有力,大腿前半段内侧有两行尖利的齿刺,外面只有四颗齿刺,小腿与大腿有关节相连,也是双排刃口钢锯,小腿上的齿刺相较于大腿短一些,但数量更多更密。；专吃活食,善于利用“心理战术”制服敌人。能够建造十分精美的巢穴。",这是书中特定观察的介绍，蝉四年、萤火虫雌形等不可推广所有物种；拟人称号与实际行为分开,CN-BOOK-B08,101-150/full.md第1525行（所属作品已匹配实际PDF页：38；本行优先按full.md行号定位）
昆虫记,昆虫生活,绿蝈蝈,"身轻体健,一对罗纱大翅膀,有强壮的下颚和利爪。；嗜食昆虫,尤其爱吃没有过硬甲胄保护的昆虫;特别喜欢肉食,只吃自己捕获的猎物;喜欢吃含糖浆蜜饯的食物;存在同类相残的情况;夜幕降临时分最为活跃,白天的大部分时间都睡大觉。",这是书中特定观察的介绍，蝉四年、萤火虫雌形等不可推广所有物种；拟人称号与实际行为分开,CN-BOOK-B08,101-150/full.md第1525行（所属作品已匹配实际PDF页：38；本行优先按full.md行号定位）
昆虫记,昆虫生活,蟋蟀(田园中的“提琴家”),"刚出壳时浑身发灰,几近白色;出壳二十四小时后,体色变为漂亮的乌黑色,胸前围着一条白带,有长长的触须。；生性孤僻,善鸣好斗。翅膀是发声器,歌声出自它的翅膀。总是在吃剩的莴苣叶遮着的地方做窝,还要自己动手建造且不停地修复,直至去世为止。",这是书中特定观察的介绍，蝉四年、萤火虫雌形等不可推广所有物种；拟人称号与实际行为分开,CN-BOOK-B08,101-150/full.md第1525行（所属作品已匹配实际PDF页：38；本行优先按full.md行号定位）
昆虫记,昆虫生活,圣甲虫,"一身墨黑,是食粪虫中最大最负盛名的一种,有长长的爪子和一对棕红色的小触角。头部边缘是个帽子,宽大扁平,上有六个细尖齿,排成半圆。；储备食物的第一步是选料,剔除杂质,收拢成堆,然后清理一块场地,制作粪球。接着,把储备的食物运到一个合适的地方。运送技艺令人拍案叫绝。消化力很强,可以不停进食,一直把储备粮吃完。",这是书中特定观察的介绍，蝉四年、萤火虫雌形等不可推广所有物种；拟人称号与实际行为分开,CN-BOOK-B08,101-150/full.md第1525行（所属作品已匹配实际PDF页：38；本行优先按full.md行号定位）
昆虫记,昆虫生活,萤火虫,"身体呈棕色,有略为坚韧的外皮。有六只短足,还有两片呈钩状的颚作为武器。雄性萤火虫发育完全时会长出鞘翅,雌性萤火虫终生保持着幼虫形态。；主要以蜗牛为食,捕捉时,先要用颚给猎物注入毒液,将其麻醉,再动嘴进食;萤火虫无论雌雄、长幼,最后一个体节上的尾灯都可以发光;雌性萤火虫到婚育年龄时,两条宽带在腹部下面发光。",这是书中特定观察的介绍，蝉四年、萤火虫雌形等不可推广所有物种；拟人称号与实际行为分开,CN-BOOK-B08,101-150/full.md第1525行（所属作品已匹配实际PDF页：38；本行优先按full.md行号定位）
海底两万里,海底人物,尼摩(船长),"1从他用海底沉船里的千百万金银来支援陆地上人们的正义斗争,可以看出他具有正义感,敢于反抗压迫。2从南极冰山脱险事件中,可以看出他的英勇顽强、镇定沉着。3从他智斗鲨鱼,解救采珠人的事件中,可以看出他心地善良,富有同情心。4从他巧妙击退土著人袭击的事件中,可以看出他知识渊博,有创造力和预见性,遇事沉着冷静。5从含泪掩埋同伴的描写中,可以看出他虽外表冷郁,但内心情感丰富,重情重义。",科学幻想与知识说明分层；尼摩冷郁外表与善良行动同时核，叙述者教授不等作者凡尔纳,CN-BOOK-B09,101-150/full.md第1555行（所属作品已匹配实际PDF页：39；本行优先按full.md行号定位）
海底两万里,海底人物,阿龙纳斯(教授),"1从他积极参与政府的远征考察活动中,可以看出他热爱科学考察事业,具有正义感。2从他敢于跟随尼摩船长乘坐潜艇进行海底探险旅行和他在海底的感悟中,可以看出他有渊博的知识、乐观向上的心态和献身科学的精神。",科学幻想与知识说明分层；尼摩冷郁外表与善良行动同时核，叙述者教授不等作者凡尔纳,CN-BOOK-B09,101-150/full.md第1555行（所属作品已匹配实际PDF页：39；本行优先按full.md行号定位）
海底两万里,海底人物,康塞尔(仆人),"1他年轻健壮、热情善良、处变不惊,喜欢分类并记录各种水生动物,是一个有着丰富的知识、做事认真、心灵手巧的人。2从他在阿龙纳斯教授被冲进海里生命危在旦夕时勇敢地跳入海里,以及在“诺第留斯号”撞上冰山,人无法换气时,把仅剩的一点氧气留给主人,可以看出他的忠诚。",科学幻想与知识说明分层；尼摩冷郁外表与善良行动同时核，叙述者教授不等作者凡尔纳,CN-BOOK-B09,101-150/full.md第1555行（所属作品已匹配实际PDF页：39；本行优先按full.md行号定位）
海底两万里,海底人物,尼德·兰(鱼叉手),"1他会赞叹极地的美,但对他来说更重要的是自由,是吃到地地道道的牛排、小牛肉,喝到小馆里的酒,是在陆地上自由地行走。2他精通野外生存技能,曾在一个岛上为大家做了一顿丰盛的饭。3他脾气暴躁,受不了被监禁,也受不了在“诺第留斯号”上过与世隔绝的生活,总是计划逃脱。",科学幻想与知识说明分层；尼摩冷郁外表与善良行动同时核，叙述者教授不等作者凡尔纳,CN-BOOK-B09,101-150/full.md第1555行（所属作品已匹配实际PDF页：39；本行优先按full.md行号定位）
艾青诗选,诗篇意象,二十世纪三四十年代,"《雪落在中国的土地上》；土地；诗人反复咏叹“雪落在中国的土地上/寒冷在封锁着中国呀......”,悲悯下层人民的困苦,忧伤祖国的命运。",原1978后是分组时段；土地太阳等意象的意义由相应诗句落实，不把所有景物都同一象征,CN-BOOK-B10,101-150/full.md第1619行（所属作品已匹配实际PDF页：40；本行优先按full.md行号定位）
艾青诗选,诗篇意象,二十世纪三四十年代,"《向太阳》；太阳；这首诗借歌颂太阳,表达了驱逐黑暗、坚持斗争、争取胜利的美好愿望。全诗以太阳来象征中华民族的觉醒和希望,从“我”——一个饱经忧患的知识分子的角度,采用革命现实主义和革命浪漫主义相结合的手法,抒发抗战高潮到来之时的激奋之情。",原1978后是分组时段；土地太阳等意象的意义由相应诗句落实，不把所有景物都同一象征,CN-BOOK-B10,101-150/full.md第1619行（所属作品已匹配实际PDF页：40；本行优先按full.md行号定位）
艾青诗选,诗篇意象,二十世纪三四十年代,"《我爱这土地》；土地；这是一首在现代诗歌史上被广泛传诵的抒情名篇。诗歌以鸟眷恋土地作比,形象地抒发了诗人深沉而真挚的爱国情感。“为什么我的眼里常含泪水? /因为我对这土地爱得深沉......”更表现了那个苦难年代一切爱国知识分子对祖国的最真挚的爱的表白。",原1978后是分组时段；土地太阳等意象的意义由相应诗句落实，不把所有景物都同一象征,CN-BOOK-B10,101-150/full.md第1619行（所属作品已匹配实际PDF页：40；本行优先按full.md行号定位）
艾青诗选,诗篇意象,二十世纪三四十年代,"《黎明的通知》；黎明；诗歌以“黎明”的口吻,让所有热爱生活的人们、所有的“城市和村庄”做好准备,迎接“白日的先驱,光明的使者”的到来。全诗自由铺陈,自由抒发,诗句仿佛从“黎明”的胸臆中直接飘出,散而有致、活而有序,给人以极大的美感。",原1978后是分组时段；土地太阳等意象的意义由相应诗句落实，不把所有景物都同一象征,CN-BOOK-B10,101-150/full.md第1619行（所属作品已匹配实际PDF页：40；本行优先按full.md行号定位）
艾青诗选,诗篇意象,二十世纪三四十年代,"《火把》；火把；通过对唐尼和李茵二人形象的刻画,鲜明地展现了参加抗日救亡运动的青年姑娘们的日常生活和斗争经历,表达了驱逐黑暗、取得胜利的美好愿望。",原1978后是分组时段；土地太阳等意象的意义由相应诗句落实，不把所有景物都同一象征,CN-BOOK-B10,101-150/full.md第1619行（所属作品已匹配实际PDF页：40；本行优先按full.md行号定位）
艾青诗选,诗篇意象,1978年以后,"《鱼化石》；鱼化石；本诗写鱼化石裹身岩层,重见天日,却没有了活力,没有了叹息,听不见浪花,看不见蓝天碧水,并由此引发对生命本质的思考:“离开了运动,/就没有生命。//活着就要斗争,/在斗争中前进,/即使死亡,/能量也要发挥干净。”",原1978后是分组时段；土地太阳等意象的意义由相应诗句落实，不把所有景物都同一象征,CN-BOOK-B10,101-150/full.md第1619行（所属作品已匹配实际PDF页：40；本行优先按full.md行号定位）
艾青诗选,诗篇意象,1978年以后,"《光的赞歌》；光；本诗赞美“光”这一神奇的物质,赞美“光”带来的社会文明,以及“像光一样坚强”的社会正义,字里行间饱含着睿智哲思。",原1978后是分组时段；土地太阳等意象的意义由相应诗句落实，不把所有景物都同一象征,CN-BOOK-B10,101-150/full.md第1619行（所属作品已匹配实际PDF页：40；本行优先按full.md行号定位）
水浒传,水浒人物,宋江(及时雨),"仗义疏财,扶危济困;有一定的组织管理能力和军事才能;求贤若渴,精通谋略,胸怀大志;但其忠君思想严重,最后以“忠”灭“义”,导致起义失败。；私放晁天王→怒杀阎婆惜→浔阳楼题反诗→智取无为军→三打祝家庄→大破连环马→闹西岳华山→兵打北京城→雪天擒索超→夜打曾头市→义释双枪将→两赢童贯→三败高太尉→奉诏破大辽→征方腊",小说侠义评价不保证每一行为正当；绰号与情节人物一一核，链式群像非作者多人,CN-BOOK-B11,101-150/full.md第1639行（所属作品已匹配实际PDF页：41、42；本行优先按full.md行号定位）
水浒传,水浒人物,武松(行者),"崇尚忠义,有勇有谋,有仇必复、有恩必报,胆大心细,光明磊落,是下层英雄好汉中富有血性和传奇色彩的人物。；景阳冈打虎→斗杀西门庆→十字坡遇张青→威镇安平寨→醉打蒋门神→大闹飞云浦→血溅鸳鸯楼→夜走蜈蚣岭→醉打孔亮",小说侠义评价不保证每一行为正当；绰号与情节人物一一核，链式群像非作者多人,CN-BOOK-B11,101-150/full.md第1639行（所属作品已匹配实际PDF页：41、42；本行优先按full.md行号定位）
水浒传,水浒人物,林冲(豹子头),"武艺高强,坚忍、善良,重亲情、重义气,轻钱财,谦恭有礼,以大局为重;但他为人安分守己、循规蹈矩,在经历了一系列迫害后,性格由委曲求全、随遇而安转变为敢于反抗。；误入白虎堂→刺配沧州道→棒打洪教头→风雪山神庙→雪夜上梁山→火并王伦",小说侠义评价不保证每一行为正当；绰号与情节人物一一核，链式群像非作者多人,CN-BOOK-B11,101-150/full.md第1639行（所属作品已匹配实际PDF页：41、42；本行优先按full.md行号定位）
水浒传,水浒人物,鲁智深(花和尚),"武艺高强,疾恶如仇,豪爽直率,慷慨大方,重义轻财,勇猛无畏,脾气急躁而粗中有细,力大艺高而行事谨慎。；拳打镇关西→大闹五台山→大闹桃花村→火烧瓦罐寺→倒拔垂杨柳→大闹野猪林→单打二龙山",小说侠义评价不保证每一行为正当；绰号与情节人物一一核，链式群像非作者多人,CN-BOOK-B11,101-150/full.md第1639行（所属作品已匹配实际PDF页：41、42；本行优先按full.md行号定位）
水浒传,水浒人物,吴用(智多星),"足智多谋,讲信重义,结交广泛,知人善用,有远见卓识,忠义两全。；智取生辰纲→使时迁盗甲→智赚金铃吊挂→智赚玉麒麟→智取大名府→智取文安县",小说侠义评价不保证每一行为正当；绰号与情节人物一一核，链式群像非作者多人,CN-BOOK-B11,101-150/full.md第1639行（所属作品已匹配实际PDF页：41、42；本行优先按full.md行号定位）
水浒传,水浒人物,李逵(黑旋风),"率真直爽,勇猛无畏,侠肝义胆,头脑简单,鲁莽急躁。；斗浪里白跳→江州劫法场→真假李逵→沂岭杀四虎→打死殷天锡→斧劈罗真人→探穴救柴进→元夜闹东京→扯诏骂钦差",小说侠义评价不保证每一行为正当；绰号与情节人物一一核，链式群像非作者多人,CN-BOOK-B11,101-150/full.md第1639行（所属作品已匹配实际PDF页：41、42；本行优先按full.md行号定位）
水浒传,水浒人物,杨志(青面兽),"武艺高强,精明机警,醉心仕途,粗暴蛮横,不能与他人协作。；杨志卖刀→怒杀牛二→误失生辰纲→双夺宝珠寺",小说侠义评价不保证每一行为正当；绰号与情节人物一一核，链式群像非作者多人,CN-BOOK-B11,101-150/full.md第1639行（所属作品已匹配实际PDF页：41、42；本行优先按full.md行号定位）
水浒传,水浒情节,鲁提辖拳打镇关西,"概述；鲁提辖听了金氏父女的遭遇,非常生气。第二天把金氏父女送走,然后去找镇关西算账。鲁提辖先借买肉故意刁难郑屠,把他激怒,又用两包臊子劈面打他。鲁提辖见郑屠提刀过来就朝郑屠小腹一脚踢去,郑屠倒在地上,鲁提辖冲过去打,一拳比一拳厉害:先是打在鼻子上,郑屠叫好;鲁提辖又一拳打在眼睛上,郑屠求饶;又一拳打在太阳穴上,郑屠躺在地上,鲁提辖看郑屠死了,就称其诈死,赶快离开了。",原概述与启示保留；杀戮私刑等不能变为现实做法，文本主题与方式评价分开,CN-BOOK-B11,101-150/full.md第1649行（所属作品已匹配实际PDF页：41、42；本行优先按full.md行号定位）
水浒传,水浒情节,鲁提辖拳打镇关西,"启示；在遇到社会上不公不义之事时应敢于挺身而出,维护正义,但也要注意方式方法。",原概述与启示保留；杀戮私刑等不能变为现实做法，文本主题与方式评价分开,CN-BOOK-B11,101-150/full.md第1649行（所属作品已匹配实际PDF页：41、42；本行优先按full.md行号定位）
水浒传,水浒情节,林教头风雪山神庙,"概述；高太尉派陆虞候到沧州谋害林冲,陆虞候串通管营,将林冲派去管理草料场,欲烧死林冲。恰巧当夜大雪将林冲住的草屋压倒,林冲无处栖身而到山神庙避雪。草料场起火后,林冲便要去救火,正要出门却听到陆虞候三人的对话。得知内情后,忍无可忍的林冲杀死了差拨、富安、陆虞候,在柴进的周济下投奔梁山泊。",原概述与启示保留；杀戮私刑等不能变为现实做法，文本主题与方式评价分开,CN-BOOK-B11,101-150/full.md第1649行（所属作品已匹配实际PDF页：41、42；本行优先按full.md行号定位）
水浒传,水浒情节,林教头风雪山神庙,"启示；面对压迫,不能一味地忍让屈服,要奋起抗争,做命运的主人。",原概述与启示保留；杀戮私刑等不能变为现实做法，文本主题与方式评价分开,CN-BOOK-B11,101-150/full.md第1649行（所属作品已匹配实际PDF页：41、42；本行优先按full.md行号定位）
水浒传,水浒情节,汴京城杨志卖刀,"概述；杨志被高太尉赶出了殿司府。因为身上没钱,杨志只好将自己的宝刀拿出来卖,却遇到了恶霸牛二。牛二要求杨志演示宝刀的“三宝”,经演示,前“二宝”不假,牛二非要杨志证明第三宝——杀人刀上无血。杨志不肯,牛二便争抢宝刀。杨志一怒之下杀了牛二,到官府自首。",原概述与启示保留；杀戮私刑等不能变为现实做法，文本主题与方式评价分开,CN-BOOK-B11,101-150/full.md第1649行（所属作品已匹配实际PDF页：41、42；本行优先按full.md行号定位）
水浒传,水浒情节,汴京城杨志卖刀,"启示；遇事要冷静,不可鲁莽,必要时可通过法律手段来解决问题。",原概述与启示保留；杀戮私刑等不能变为现实做法，文本主题与方式评价分开,CN-BOOK-B11,101-150/full.md第1649行（所属作品已匹配实际PDF页：41、42；本行优先按full.md行号定位）
水浒传,水浒情节,吴用智取生辰纲,"概述；杨志充军大名府留守司,留守梁中书(太师蔡京的女婿)看中了杨志的武艺,要杨志护送价值十万贯钱的生辰纲到东京为蔡京祝寿。此事被赤发鬼刘唐打听到,刘唐劝晁盖截下这批不义之财,晁盖请智多星吴用想办法。吴用请来阮小二、阮小五、阮小七等人,决定在黄泥冈劫取这批生辰纲。杨志一行人来到黄泥冈,晁盖、吴用等扮作贩枣商人,白胜扮作卖酒的引诱他们,吴用用计使杨志放松警惕,在酒中投下了蒙汗药,将杨志等人药昏,劫走了生辰纲。",原概述与启示保留；杀戮私刑等不能变为现实做法，文本主题与方式评价分开,CN-BOOK-B11,101-150/full.md第1649行（所属作品已匹配实际PDF页：41、42；本行优先按full.md行号定位）
水浒传,水浒情节,吴用智取生辰纲,"启示；做事要多思考,要有团队协作精神。",原概述与启示保留；杀戮私刑等不能变为现实做法，文本主题与方式评价分开,CN-BOOK-B11,101-150/full.md第1649行（所属作品已匹配实际PDF页：41、42；本行优先按full.md行号定位）
水浒传,水浒情节,黑旋风沂岭杀四虎,"概述；李逵回到家中,母亲已双目失明,李逵哄母亲说自己做了官,接她去享福,便背着母亲上了路。行至沂岭,李逵为母亲取水,回来后发现母亲被老虎吃掉了。李逵大怒,连杀了四只老虎,被猎户迎至曹太公庄上。",原概述与启示保留；杀戮私刑等不能变为现实做法，文本主题与方式评价分开,CN-BOOK-B11,101-150/full.md第1649行（所属作品已匹配实际PDF页：41、42；本行优先按full.md行号定位）
水浒传,水浒情节,黑旋风沂岭杀四虎,"启示；应该及时孝敬父母,体贴父母,避免“子欲养而亲不待”的人生遗憾。",原概述与启示保留；杀戮私刑等不能变为现实做法，文本主题与方式评价分开,CN-BOOK-B11,101-150/full.md第1649行（所属作品已匹配实际PDF页：41、42；本行优先按full.md行号定位）
水浒传,水浒情节,武松打虎,"概述；武松回家探望哥哥,路过景阳冈,在冈下喝了很多酒,踉踉跄跄地向冈上走去。由于酒力发作,武松找了一块大青石躺下要睡,忽听狂风呼啸,乱树背后跳出一只猛虎来,企图吃掉武松,武松躲过它几次。老虎兽性大发,又向武松扑过来,武松顺势双手摁住虎头,朝它面门、眼睛一阵乱踢,又用左手揪住老虎头上的皮,右手猛击虎头,把老虎打得眼、嘴、鼻、耳到处流血,趴在地上不能动弹。武松又举起打折的棒橛又打了一阵,见那老虎确实没气了,才住手。",原概述与启示保留；杀戮私刑等不能变为现实做法，文本主题与方式评价分开,CN-BOOK-B11,101-150/full.md第1649行（所属作品已匹配实际PDF页：41、42；本行优先按full.md行号定位）
水浒传,水浒情节,武松打虎,"启示；遇到危险要沉着冷静,随机应变。",原概述与启示保留；杀戮私刑等不能变为现实做法，文本主题与方式评价分开,CN-BOOK-B11,101-150/full.md第1649行（所属作品已匹配实际PDF页：41、42；本行优先按full.md行号定位）
水浒传,水浒情节,武松醉打蒋门神,"概述；武松因杀了西门庆被刺配孟州,孟州的小管营施恩请求武松帮忙夺回被蒋门神抢占去的位于“快活林”的酒店。武松喝醉后来到“快活林”,将蒋门神的妾丢进酒缸,蒋门神跳出来与武松打斗,被武松几招打倒,只好答应归还“快活林”。",原概述与启示保留；杀戮私刑等不能变为现实做法，文本主题与方式评价分开,CN-BOOK-B11,101-150/full.md第1649行（所属作品已匹配实际PDF页：41、42；本行优先按full.md行号定位）
水浒传,水浒情节,武松醉打蒋门神,"启示；面对挑战时,既要具备实力,也要善于运用策略。",原概述与启示保留；杀戮私刑等不能变为现实做法，文本主题与方式评价分开,CN-BOOK-B11,101-150/full.md第1649行（所属作品已匹配实际PDF页：41、42；本行优先按full.md行号定位）
水浒传,水浒情节,宋江怒杀阎婆惜,"概述；晁盖派刘唐带上书信、黄金去答谢宋江。宋江仅取黄金一条,留下书信放入招文袋中。谁知宋江出门将招文袋落在阎婆惜处,书信被阎婆惜发现,她一口咬定宋江暗通梁山泊,以官司要挟。宋江劝抚无效,一气之下,杀了阎婆惜。",原概述与启示保留；杀戮私刑等不能变为现实做法，文本主题与方式评价分开,CN-BOOK-B11,101-150/full.md第1649行（所属作品已匹配实际PDF页：41、42；本行优先按full.md行号定位）
水浒传,水浒情节,宋江怒杀阎婆惜,"启示；君子不应该与行为不检点、居心叵测的人纠缠不清,否则很容易为自己招惹麻烦甚至灾祸。",原概述与启示保留；杀戮私刑等不能变为现实做法，文本主题与方式评价分开,CN-BOOK-B11,101-150/full.md第1649行（所属作品已匹配实际PDF页：41、42；本行优先按full.md行号定位）
水浒传,水浒情节,宋江三打祝家庄,"概述；宋江带兵一打祝家庄,命石秀、杨林先去探庄。杨林被擒,石秀遇老人指点,得知盘陀路走法。祝家庄伏兵齐出,梁山人马迷路,幸亏石秀赶到说出其中玄机,花荣射落号灯,众人才得以安全退出。宋江二打祝家庄,仍然失利,但活捉了祝家庄的同盟军扈家庄的女将扈三娘,扈家庄为救出扈三娘,答应将祝家庄前来投奔自己的人献给宋江。宋江三打祝家庄,新投寨入伙的孙立与祝家庄教师栾廷玉是师兄弟关系,孙立假投栾廷玉,佯称合御梁山,骗得祝家信任,进入祝家庄作为内应。梁山人马与孙立等人里应外合,最后攻破祝家庄,得胜回山。",原概述与启示保留；杀戮私刑等不能变为现实做法，文本主题与方式评价分开,CN-BOOK-B11,101-150/full.md第1649行（所属作品已匹配实际PDF页：41、42；本行优先按full.md行号定位）
水浒传,水浒情节,宋江三打祝家庄,"启示；避开敌人锋芒,不要猛打猛攻,从敌人内部下手,更容易打败敌人。",原概述与启示保留；杀戮私刑等不能变为现实做法，文本主题与方式评价分开,CN-BOOK-B11,101-150/full.md第1649行（所属作品已匹配实际PDF页：41、42；本行优先按full.md行号定位）
儒林外史,理想文士,王冕,"懂事孝顺,勤奋好学;不慕名利,蔑视权贵；1靠自学画得一手好荷花,用卖画得来的钱奉养母亲;辍学后放牛,坐在柳树阴下看书,自学画荷花,不满二十岁就贯通天文、地理、经史上的大学问。2不愿与危素等权贵结交,远走山东;为推辞做官归隐会稽山。",人物特点需要原表事迹支撑，不将淡泊名利理解为缺能力或拒一切工作,CN-BOOK-B12,101-150/full.md第1679行（所属作品已匹配实际PDF页：43、44、45；本行优先按full.md行号定位）
儒林外史,理想文士,杜少卿,"慷慨大方,无私助人;反对礼法,尊重女性;淡泊名利,敢于挑战权威；1尽心尽力给门客娄老爹抓药治病;在没钱的情况下,仍然当了自己的衣服给杨裁缝死去的母亲买棺材衣服;在知县得意时拒不拜见,在知县丢官无房可住时,腾出一间屋让他住;让管家卖地,大方资助他人。2拉着妻子的手游山饮酒。3朝廷征辟,他称病婉拒;对朱熹的权威学说提出疑问和挑战。",人物特点需要原表事迹支撑，不将淡泊名利理解为缺能力或拒一切工作,CN-BOOK-B12,101-150/full.md第1679行（所属作品已匹配实际PDF页：43、44、45；本行优先按full.md行号定位）
儒林外史,理想文士,虞育德,"淡泊实在,襟怀坦荡;直而不迁,仗义执言;热心善良,胸怀宽广；1中举前生活清贫却心态安然;中举后,如实上报年龄,仅得一闲职。2善待受冤监生,为其辩白冤屈;为遭污蔑的杜少卿辩解。3对表侄汤相公拆自己给他住的房子的行为不生气,还给他银子典屋住。",人物特点需要原表事迹支撑，不将淡泊名利理解为缺能力或拒一切工作,CN-BOOK-B12,101-150/full.md第1679行（所属作品已匹配实际PDF页：43、44、45；本行优先按full.md行号定位）
儒林外史,腐儒,周进,"逆来顺受,麻木迂腐;醉心科举,心理扭曲;滥用私权,不乏同情心；1六十多岁仍是个童生,饱受秀才梅玖、王举人的嘲弄和冷遇却并不计较。2大半生追求功名富贵却求之不得的辛酸悲苦,以及所忍受侮辱、欺凌的委屈在参观贡院时一下子倾泻出来,一头撞到号板上,苏醒后满地打滚,放声大哭。后来几个商人帮助他捐了个监生。3把范进的卷子反复看了三遍,终于发现文章之“妙”,将范进的卷子填了第一名。",科举毒害与剩存人情可并看；新认识不是全盘抹去旧认识,CN-BOOK-B12,101-150/full.md第1683行（所属作品已匹配实际PDF页：43、44、45；本行优先按full.md行号定位）
儒林外史,腐儒,范进,"热衷功名,深受科举制度毒害,心理扭曲;圆滑世故,虚伪昏庸；1五十多岁仅是个童生,一心参加科举考试,直到五十四岁才中秀才;要去应乡试时,遭岳父胡屠户奚落,但他宁可让家人挨饿也要再去应考。骤闻自己中了举人,他竟然欢喜得发了疯。2拉拢、巴结地主豪绅,中举后与张乡绅称兄道弟,欺压百姓。",科举毒害与剩存人情可并看；新认识不是全盘抹去旧认识,CN-BOOK-B12,101-150/full.md第1683行（所属作品已匹配实际PDF页：43、44、45；本行优先按full.md行号定位）
儒林外史,腐儒,王玉辉,"被封建礼教扭曲人性,但良心未完全泯灭；鼓励女儿殉夫,在女儿死后仰天大笑,连说“死的好”;葬了女儿后,转觉心伤,悲悼女儿。",科举毒害与剩存人情可并看；新认识不是全盘抹去旧认识,CN-BOOK-B12,101-150/full.md第1683行（所属作品已匹配实际PDF页：43、44、45；本行优先按full.md行号定位）
儒林外史,贪官污吏,汤奉(汤知县),"昏庸无度,贪婪蛮横,残忍世故；怕丢官而假装“清廉”,以禁杀耕牛为由,枷死了给他送五十斤牛肉的老师夫,引发商人们鸣锣罢市;为官一年,搜刮了八千两银子。",清廉口号与谋利行动的矛盾是讽刺依据，不因官名给正面评价,CN-BOOK-B12,101-150/full.md第1687行（所属作品已匹配实际PDF页：43、44、45；本行优先按full.md行号定位）
儒林外史,贪官污吏,王惠,"贪赃枉法、自私自利；其信条是“三年清知府,十万雪花银”;一到任,不问案件冤情、黎民生计,而是了解地方人情、案件中可以通融的地方,并将各项差事的余利归公;坐堂时,把满城衙役、百姓打得魂飞魄散,却被上司认为是个能员。",清廉口号与谋利行动的矛盾是讽刺依据，不因官名给正面评价,CN-BOOK-B12,101-150/full.md第1687行（所属作品已匹配实际PDF页：43、44、45；本行优先按full.md行号定位）
儒林外史,无德人物,匡超人,"孝顺善良、勤劳刻苦↓虚伪势利,狡诈至极,忘恩负义,薄情寡义,毫无廉耻之心；1年少时,父亲卧病在床,尽心侍父;对苛刻自己的兄弟抱有宽容态度;学习勤奋上进,被知县赏识,破格参加科考,并考中秀才。2后避走杭州,结识了一群不学无术的假名士。与潘三一起,帮当地富豪强娶民女,替人科考,作奸犯科,彻底堕落。背后贬抑曾资助过他的马纯上;潘三有难后,怕被牵连,坚决不去狱里看望;为摆脱累赘,逼着从未干过农活的妻子回乡下老家;为攀权贵,谎称未婚,再次成亲,成为豪门女婿。",匡超人须前后分期，牛浦郎与牛布衣是冒名关系不是同一作者别名,CN-BOOK-B12,101-150/full.md第1691行（所属作品已匹配实际PDF页：43、44、45；本行优先按full.md行号定位）
儒林外史,无德人物,牛浦郎,"盗名欺世,厚颜无耻,心狠狡诈,满口谎话；私自撬开老和尚的锁,偷看牛布衣留下的诗集,并改名字冒充牛布衣;冒充牛布衣与董瑛相会,为显出气势,让舅丈端茶倒水还当面取笑;被牛玉圃说了几句就设计陷害牛玉圃。",匡超人须前后分期，牛浦郎与牛布衣是冒名关系不是同一作者别名,CN-BOOK-B12,101-150/full.md第1691行（所属作品已匹配实际PDF页：43、44、45；本行优先按full.md行号定位）
儒林外史,土豪乡绅,严贡生(严致中),"贪婪恶毒、横行霸道、吝啬成性；强圈了邻居王小二的猪,还向前来拿回借约的黄梦统索要利息;把云片糕说成贵重药物,恐吓船家,赖掉了船钱;弟弟死后逼着弟媳过继儿子给他,以谋夺弟弟的家产。",严贡生致中与严监生致和两人分清，吝啬与有部分人情不互相取消,CN-BOOK-B12,101-150/full.md第1695行（所属作品已匹配实际PDF页：43、44、45；本行优先按full.md行号定位）
儒林外史,土豪乡绅,严监生(严致和),"不乏人情味;吝啬,爱钱如命；1自己出钱赔偿、打点,替哥哥严贡生料理了官司。2病重时还念念不忘田里要收早稻;家中米烂粮仓,牛马成行,可平时猪肉也舍不得买一斤;因灯盏里点了两茎灯草,临终之际伸着两根指头就是不肯咽气,一直等到赵氏挑去一茎,才点头咽了气。",严贡生致中与严监生致和两人分清，吝啬与有部分人情不互相取消,CN-BOOK-B12,101-150/full.md第1695行（所属作品已匹配实际PDF页：43、44、45；本行优先按full.md行号定位）
儒林外史,土豪乡绅,张静斋,"巴结逢迎,趋炎附势;草菅人命,危害百姓；1举人出身,曾做过一任知县。范进中举前,他对其不闻不问;范进中举的当天,他就来攀亲贺喜,送钱送房,极尽恭维拉拢之能事。2教唆范进在戴孝时去汤知县处打秋风;怂恿汤知县把牛肉堆在前来求通融的送牛肉的老师夫枷上。",严贡生致中与严监生致和两人分清，吝啬与有部分人情不互相取消,CN-BOOK-B12,101-150/full.md第1695行（所属作品已匹配实际PDF页：43、44、45；本行优先按full.md行号定位）
儒林外史,八股迷,马纯上,"性格诚实纯朴,内心充满仁爱,对学问的追求精益求精；马纯上始终把举业视为“神圣不可侵犯的事业”,出入考场多年,依然无所成就,但他仍执着地做举业的鼓吹者。",性格诚实与举业迷执并存，不把社会批判自动转成全部个人品德恶,CN-BOOK-B12,101-150/full.md第1699行（所属作品已匹配实际PDF页：43、44、45；本行优先按full.md行号定位）
儒林外史,市井人物,胡屠户,"势利市侩、嫌贫爱富；范进中举前,对其百般嘲讽辱骂;范进中举后,称其为“贤婿老爷”,溜须拍马。",胡屠户前后态度转变作证，鲍文卿的助人不图报与前者有对照,CN-BOOK-B12,101-150/full.md第1703行（所属作品已匹配实际PDF页：43、44、45；本行优先按full.md行号定位）
儒林外史,市井人物,鲍文卿,"有礼有节、忠厚善良、正直高尚；1义救向知县且不图回报。2收养倪廷玺并视如己出。3拒绝书办的说情请求,并劝诫书办不要坏了知府清名。",胡屠户前后态度转变作证，鲍文卿的助人不图报与前者有对照,CN-BOOK-B12,101-150/full.md第1703行（所属作品已匹配实际PDF页：43、44、45；本行优先按full.md行号定位）
儒林外史,女性人物,沈琼枝,"独立自强,追求个性解放,智勇双全,不惧权贵；本是去扬州嫁给宋为富,不料是被骗做妾,向县衙告状无果后,沈琼枝独身逃离宋府,去往南京靠手艺和才艺养活自己;在差役捉拿她到知县面前时,毫不畏惧;得到杜少卿等人的敬意。",沈琼枝自主与鲁小姐举业观念分别核，不因同为女性就同一立场,CN-BOOK-B12,101-150/full.md第1707行（所属作品已匹配实际PDF页：43、44、45；本行优先按full.md行号定位）
儒林外史,女性人物,鲁小姐,"饱读程墨,痴迷八股文；被父亲鲁编修当儿子培养,精通举业文章,向往科举;尊父意嫁与蘧公孙,因蘧公孙无心举业,整日愁眉不展;对丈夫恨铁不成钢,后寄希望在督促孩子成才上。",沈琼枝自主与鲁小姐举业观念分别核，不因同为女性就同一立场,CN-BOOK-B12,101-150/full.md第1707行（所属作品已匹配实际PDF页：43、44、45；本行优先按full.md行号定位）
简爱,简爱人物,简·爱,"倔强坚强,勇于反抗；1受到表哥欺负时,和他对打;2指责冷酷、护短的舅妈。",自传色彩不等作者逐事照搬，人物各面需事例；同一人能善良又有局限,CN-BOOK-B13,101-150/full.md第1737行（所属作品已匹配实际PDF页：45、46；本行优先按full.md行号定位）
简爱,简爱人物,简·爱,"自立自强,积极进取,智慧过人；1在孤儿院挨饿受冻、挨打罚站时表现出了惊人的毅力;2努力学习各门功课,拥有优秀的综合素质和健康的心灵;3不甘于洛伍德寄宿学校平淡的生活,应聘家庭教师。",自传色彩不等作者逐事照搬，人物各面需事例；同一人能善良又有局限,CN-BOOK-B13,101-150/full.md第1737行（所属作品已匹配实际PDF页：45、46；本行优先按full.md行号定位）
简爱,简爱人物,简·爱,"善良淳朴,富有爱心,豁达大度；1海伦生病时,偷偷去看海伦,陪着海伦度过人生最后一晚;2里德太太病危时,不计前嫌,前去探望并原谅她;3与圣约翰三兄妹平分叔叔的遗产。",自传色彩不等作者逐事照搬，人物各面需事例；同一人能善良又有局限,CN-BOOK-B13,101-150/full.md第1737行（所属作品已匹配实际PDF页：45、46；本行优先按full.md行号定位）
简爱,简爱人物,简·爱,"勇敢自尊,真诚专一；1面对阔小姐和阔太太时不卑不亢;2不惧与罗切斯特在地位、身份上的悬殊,勇敢表白;3在得知罗切斯特已有妻子后,毅然离开;4拒绝圣约翰的求婚,并在得知罗切斯特妻子身亡、他自己也受伤致残后,重新回到他身边。",自传色彩不等作者逐事照搬，人物各面需事例；同一人能善良又有局限,CN-BOOK-B13,101-150/full.md第1737行（所属作品已匹配实际PDF页：45、46；本行优先按full.md行号定位）
简爱,简爱人物,"罗切斯特(简·爱的爱人,桑菲尔德庄园的主人)","外表冷漠孤傲,性格变化无常；1刚同简·爱接触时,对其颐指气使;2爱上简·爱后,装作吉卜赛人占卜,假意娶英格拉姆小姐来试探简·爱。",自传色彩不等作者逐事照搬，人物各面需事例；同一人能善良又有局限,CN-BOOK-B13,101-150/full.md第1737行（所属作品已匹配实际PDF页：45、46；本行优先按full.md行号定位）
简爱,简爱人物,"罗切斯特(简·爱的爱人,桑菲尔德庄园的主人)","有责任心,宽容仁爱；1抚养没有血缘关系的阿黛尔;2庄园失火,冒着生命危险去救人。",自传色彩不等作者逐事照搬，人物各面需事例；同一人能善良又有局限,CN-BOOK-B13,101-150/full.md第1737行（所属作品已匹配实际PDF页：45、46；本行优先按full.md行号定位）
简爱,简爱人物,"罗切斯特(简·爱的爱人,桑菲尔德庄园的主人)","敢于追求并忠于爱情；不计较外表、门第、财富地位而注重思想、情趣、个性魅力,欣赏简·爱的自尊自爱,毫不犹豫地爱上她。",自传色彩不等作者逐事照搬，人物各面需事例；同一人能善良又有局限,CN-BOOK-B13,101-150/full.md第1737行（所属作品已匹配实际PDF页：45、46；本行优先按full.md行号定位）
简爱,简爱人物,谭波尔(简·爱的良师益友),"公正平和,心地善良,坚持正义；1看望简·爱并倾听她的遭遇,帮助简·爱写信求证、洗刷冤屈;2为洛伍德学校的学生争取更多的食物和衣服;3对任何学生的态度都是同样的和善友好,让孩子们感受到爱、温暖与真情。",自传色彩不等作者逐事照搬，人物各面需事例；同一人能善良又有局限,CN-BOOK-B13,101-150/full.md第1737行（所属作品已匹配实际PDF页：45、46；本行优先按full.md行号定位）
简爱,简爱人物,海伦·彭斯(简·爱在洛伍德寄宿学校最好的朋友),"聪明好学；拥有丰富的知识和纯真的思想,一章书只念了两遍便能对书中知识对答如流。",自传色彩不等作者逐事照搬，人物各面需事例；同一人能善良又有局限,CN-BOOK-B13,101-150/full.md第1737行（所属作品已匹配实际PDF页：45、46；本行优先按full.md行号定位）
简爱,简爱人物,海伦·彭斯(简·爱在洛伍德寄宿学校最好的朋友),"善良宽容,逆来顺受,对屈辱一味忍让；1对于老师的惩罚,简·爱认为是很羞耻的事,她却可以平静地接受;2当简·爱告诉她应该狠狠回击时,她进行劝解,并且能够真诚地原谅犯罪者。",自传色彩不等作者逐事照搬，人物各面需事例；同一人能善良又有局限,CN-BOOK-B13,101-150/full.md第1737行（所属作品已匹配实际PDF页：45、46；本行优先按full.md行号定位）
简爱,简爱人物,圣约翰(简·爱的表哥),"善良,富有同情心；收留简·爱,并帮助她谋得乡村教师的工作。",自传色彩不等作者逐事照搬，人物各面需事例；同一人能善良又有局限,CN-BOOK-B13,101-150/full.md第1737行（所属作品已匹配实际PDF页：45、46；本行优先按full.md行号定位）
简爱,简爱人物,圣约翰(简·爱的表哥),"执着,信仰坚定；向简·爱求婚被拒绝后,只身去印度传教。",自传色彩不等作者逐事照搬，人物各面需事例；同一人能善良又有局限,CN-BOOK-B13,101-150/full.md第1737行（所属作品已匹配实际PDF页：45、46；本行优先按full.md行号定位）
安徒生童话,童话阶段,早期童话,"多充满绮丽的幻想、乐观的精神,体现了现实主义与浪漫主义相结合的特点。；《打火匣》《小意达的花儿》《拇指姑娘》《海的女儿》《野天鹅》《丑小鸭》等",总体早中晚倾向不保证每一篇同一结局，幻想与现实批判可结合,CN-BOOK-B14,101-150/full.md第1751行（所属作品已匹配实际PDF页：46、47；本行优先按full.md行号定位）
安徒生童话,童话阶段,中期童话,"幻想成分减弱,现实成分相对增强。在鞭挞丑恶、歌颂善良中,表现了对美好生活的执着追求,也流露出缺乏信心的忧郁情绪。；《卖火柴的小女孩》《冰雪皇后》《影子》《一滴水》《母亲的故事》《演木偶戏的人》等",总体早中晚倾向不保证每一篇同一结局，幻想与现实批判可结合,CN-BOOK-B14,101-150/full.md第1751行（所属作品已匹配实际PDF页：46、47；本行优先按full.md行号定位）
安徒生童话,童话阶段,晚期童话,"比中期更加反映现实,着力描写底层民众的悲苦命运,揭露社会生活的阴冷、黑暗和人间的不平,作品基调低沉。；《柳树下的梦》《她是一个废物》《单身汉的睡帽》《幸运的贝儿》等",总体早中晚倾向不保证每一篇同一结局，幻想与现实批判可结合,CN-BOOK-B14,101-150/full.md第1751行（所属作品已匹配实际PDF页：46、47；本行优先按full.md行号定位）
格林童话,童话类别,神魔故事,情节曲折、惊险奇异、变幻莫测；《灰姑娘》《白雪公主》,人物动物神魔与日常题材是原分类，想象并不使每篇无现实价值,CN-BOOK-B15,101-150/full.md第1765行（所属作品已匹配实际PDF页：47；本行优先按full.md行号定位）
格林童话,童话类别,以动物为主人公的拟人童话,"动物既富有人情味,又具有动物特点；《狼和七只小山羊》",人物动物神魔与日常题材是原分类，想象并不使每篇无现实价值,CN-BOOK-B15,101-150/full.md第1765行（所属作品已匹配实际PDF页：47；本行优先按full.md行号定位）
格林童话,童话类别,以日常生活为题材的故事,故事中的人物勤劳质朴、幽默可爱；《勇敢的小裁缝》,人物动物神魔与日常题材是原分类，想象并不使每篇无现实价值,CN-BOOK-B15,101-150/full.md第1765行（所属作品已匹配实际PDF页：47；本行优先按full.md行号定位）
繁星春水,小诗主题,对无私母爱的赞颂,"冰心用最炽烈的语言讴歌母亲,把母爱宣扬为至诚至大、至高至上的情感,把母亲宣扬为孕育着一切的“万有之源”,而当不安宁的心灵需要安慰和归宿的时候,母亲又成为最安全的寄寓之所。",母爱童心自然与人生思考可交织，不把一首诗硬限一个标签,CN-BOOK-B19,101-150/full.md第1839行（所属作品已匹配实际PDF页：48；本行优先按full.md行号定位）
繁星春水,小诗主题,对纯真童心的咏叹,"冰心偏爱一切幼小的、稚嫩的、芽苗一样的事物。她视儿童为世界上最纯真、最可爱的朋友,以童真之善美反衬社会的丑恶和世风的堕落。",母爱童心自然与人生思考可交织，不把一首诗硬限一个标签,CN-BOOK-B19,101-150/full.md第1839行（所属作品已匹配实际PDF页：48；本行优先按full.md行号定位）
繁星春水,小诗主题,对美好自然的礼赞,"冰心崇尚自然,热爱自然。这与她对母爱的宣扬一脉相承。在她的心中,天空、繁星、树影、荷花、大海、山影、晚霞、白云......无不散发着生命的气息,意象丰繁而情思专一。",母爱童心自然与人生思考可交织，不把一首诗硬限一个标签,CN-BOOK-B19,101-150/full.md第1839行（所属作品已匹配实际PDF页：48；本行优先按full.md行号定位）
繁星春水,小诗主题,对人生的思考和感悟,"冰心的诗集中反复出现“人类”“众生”等词,这些词产生在诗人探索人生的过程之中,因此她的一部分诗歌寓情于景,蕴含着人生的哲理,耐人寻味。",母爱童心自然与人生思考可交织，不把一首诗硬限一个标签,CN-BOOK-B19,101-150/full.md第1839行（所属作品已匹配实际PDF页：48；本行优先按full.md行号定位）
革命烈士诗抄,诗类型,狱中诗,"此类诗描写了革命者在狱中所受的酷刑,表现了革命者忠贞坚强、不屈不挠的革命精神。如刘绍南的《答敌人审问》等。",狱中绝笔就义写实可能有交叉，分类依据是处境、时间或表现方式不同,CN-BOOK-B21,101-150/full.md第1885行（所属作品已匹配实际PDF页：49；本行优先按full.md行号定位）
革命烈士诗抄,诗类型,绝笔诗,"此类诗表达了革命者勇于为革命牺牲,为了人类的正义事业视死如归的大无畏精神。如周文雍的《绝笔诗》等。",狱中绝笔就义写实可能有交叉，分类依据是处境、时间或表现方式不同,CN-BOOK-B21,101-150/full.md第1885行（所属作品已匹配实际PDF页：49；本行优先按full.md行号定位）
革命烈士诗抄,诗类型,就义诗,"此类诗是诗人在临刑前夕或直接在刑场上写成的,表现了诗人为了革命事业视死如归的革命精神。如杨超的《就义诗》、夏明翰的《就义诗》等。",狱中绝笔就义写实可能有交叉，分类依据是处境、时间或表现方式不同,CN-BOOK-B21,101-150/full.md第1885行（所属作品已匹配实际PDF页：49；本行优先按full.md行号定位）
革命烈士诗抄,诗类型,写实诗,"此类诗用写实的笔法描写了在清政府或国民党统治下黑暗的社会现实,表现了当时社会民不聊生的悲惨现象,充满鼓动性,通过革命前后生活的对比,激起群众与封建剥削阶级作斗争的决心和勇气,表达了诗人要改天换地的决心和信心。如欧阳梅生的《试笔诗》等。",狱中绝笔就义写实可能有交叉，分类依据是处境、时间或表现方式不同,CN-BOOK-B21,101-150/full.md第1885行（所属作品已匹配实际PDF页：49；本行优先按full.md行号定位）
童年,童年人物,阿廖沙,"一个善于观察又十分敏感的孩子,具有不屈不挠的意志和倔强的精神,现实生活的压力将阿廖沙锻炼成一个坚强、正直、勇敢、自信的人。",原表是形象概括，缺相应情节处不作完整定性；自传小说人物与作者分层,CN-BOOK-B23,101-150/full.md第1933行（所属作品已匹配实际PDF页：50；本行优先按full.md行号定位）
童年,童年人物,外祖父,"自私自利、唯利是图、凶恶残暴、薄情寡义,他的身上体现了小市民阶层的卑鄙灵魂。",原表是形象概括，缺相应情节处不作完整定性；自传小说人物与作者分层,CN-BOOK-B23,101-150/full.md第1933行（所属作品已匹配实际PDF页：50；本行优先按full.md行号定位）
童年,童年人物,外祖母,"勤劳善良、乐观智慧,是一个充满生活气息和诗意的劳动妇女,她的身上体现了劳动人民的优秀品质。",原表是形象概括，缺相应情节处不作完整定性；自传小说人物与作者分层,CN-BOOK-B23,101-150/full.md第1933行（所属作品已匹配实际PDF页：50；本行优先按full.md行号定位）
童年,童年人物,小茨冈,"争强好胜、喜欢逞能,为了得到别人的夸奖不择手段。",原表是形象概括，缺相应情节处不作完整定性；自传小说人物与作者分层,CN-BOOK-B23,101-150/full.md第1933行（所属作品已匹配实际PDF页：50；本行优先按full.md行号定位）
童年,童年人物,“好事情”,"性格孤僻但内心友善,喜欢看书,是当时社会知识分子的化身。",原表是形象概括，缺相应情节处不作完整定性；自传小说人物与作者分层,CN-BOOK-B23,101-150/full.md第1933行（所属作品已匹配实际PDF页：50；本行优先按full.md行号定位）
