原词或短语,原资料候选,教学核查,来源
advantage(优点),"benefit, strength, strong point",优点或有利条件；benefit偏带来的好处，strength/strong point偏优势特征，不保证任意语境相等。,EN-WRITE-K02；351-377/full.md530—538行，实际PDF9页等，非独立试题
disadvantage(缺点),"shortcoming, weakness",不利条件；shortcoming偏缺陷，weakness偏弱点，选择需指同一评价对象。,EN-WRITE-K02；351-377/full.md530—538行，实际PDF9页等，非独立试题
development(发展),"progress, become better",发展未必就是改善；progress进步，become better是动词结构而非可塞进名词槽。,EN-WRITE-K02；351-377/full.md530—538行，实际PDF9页等，非独立试题
reason(原因),cause,理由与cause致因不同，解释选择的理由不自动是外在导致事件的原因。,EN-WRITE-K02；351-377/full.md530—538行，实际PDF9页等，非独立试题
way(方法),"method, means, approach",method方法、means手段、approach处理路径；approach常接to名词或活动，需跟原搭配核查。,EN-WRITE-K02；351-377/full.md530—538行，实际PDF9页等，非独立试题
thing(事情),"matter, business, affair",matter事情、business事务或商业、affair事件事务有使用范围，不能把实体物件都改成business。,EN-WRITE-K02；351-377/full.md530—538行，实际PDF9页等，非独立试题
problem(问题),"question, trouble, issue",question可待回答的问题，trouble困难通常不可数，issue议题；处理对象与可数性需保持。,EN-WRITE-K02；351-377/full.md530—538行，实际PDF9页等，非独立试题
wealth(财富),"treasure, fortune",treasure珍贵财物，fortune可大笔财富也可运气，非任何财富状态的同义替换。,EN-WRITE-K02；351-377/full.md530—538行，实际PDF9页等，非独立试题
chance(机会),opportunity,opportunity为可做某事的机会；chance还可表示可能性，按当前义项核，不全换。,EN-WRITE-K02；351-377/full.md530—538行，实际PDF9页等，非独立试题
difficulty(困难),trouble,trouble偏麻烦困难，difficulty还可一个具体难点，先核可数与搭配。,EN-WRITE-K02；351-377/full.md530—538行，实际PDF9页等，非独立试题
use(使用),"make good/full use of, take advantage of",make good/full use of带善用充分用的评价；take advantage of还可占便宜，不普遍替use。,EN-WRITE-K02；351-377/full.md530—538行，实际PDF9页等，非独立试题
try(尝试),"do/try one's best to do, make every effort to do",do/try one’s best、make every effort强调尽力，比普通尝试强，不能无依据升级行动强度。,EN-WRITE-K02；351-377/full.md530—538行，实际PDF9页等，非独立试题
hope(希望),"expect, look forward to",expect偏预期、look forward to偏期待并接名词或-ing，与hope+to/从句的形态和确信程度不同。,EN-WRITE-K02；351-377/full.md530—538行，实际PDF9页等，非独立试题
know(知道),"understand, come to realize",understand是理解，come to realize是逐渐认识到；不能把静态知悉自动变发生过程。,EN-WRITE-K02；351-377/full.md530—538行，实际PDF9页等，非独立试题
keep(保持),"stick to, insist on",stick to坚持原计划，insist on坚持要求或主张，后常名词/活动；keep各种保持义不全适用。,EN-WRITE-K02；351-377/full.md530—538行，实际PDF9页等，非独立试题
like(喜欢),"be fond of, fall in love with, be crazy about",be fond of喜欢；fall in love with成为爱上、be crazy about更强，时间过程与强度不能任意添。,EN-WRITE-K02；351-377/full.md530—538行，实际PDF9页等，非独立试题
grow(增长),"raise, improve, increase",自发增长和raise主动抬高需不同主语宾语；improve改善与increase数量增加并非全同义。,EN-WRITE-K02；351-377/full.md530—538行，实际PDF9页等，非独立试题
cause(导致),"lead to, result in",lead to/result in可表达引出结果，后名词性结果；原cause的宾语和时态需同步保持。,EN-WRITE-K02；351-377/full.md530—538行，实际PDF9页等，非独立试题
finish(完成),"achieve, complete",complete完成某事，achieve达到目标或取得成果，不能将finish的所有活动宾语都搭achieve。,EN-WRITE-K02；351-377/full.md530—538行，实际PDF9页等，非独立试题
remember(记住),keep sth in mind,keep sth in mind强调记在心上，保sth的位置；remember还可回忆，不能一律替换。,EN-WRITE-K02；351-377/full.md530—538行，实际PDF9页等，非独立试题
face(面对),be faced with,be faced with需新增be并调动词形式，表达面对处境；不能直接在有限定动词位置塞片段。,EN-WRITE-K02；351-377/full.md530—538行，实际PDF9页等，非独立试题
realize(意识到),be conscious/aware of,be aware/conscious of表已意识到状态，realize可发现过程，且of后名词性对象。,EN-WRITE-K02；351-377/full.md530—538行，实际PDF9页等，非独立试题
need(需要),in need of,in need of需系动词或修饰环境，不能直接替代完整谓语need；接名词性所需对象。,EN-WRITE-K02；351-377/full.md530—538行，实际PDF9页等，非独立试题
meet(遇见),come across,come across偏偶然遇到，约定见面不是自动偶遇；任务意义不可变。,EN-WRITE-K02；351-377/full.md530—538行，实际PDF9页等，非独立试题
can(能),"enable, allow sb to do, make it possible to do",enable/allow sb to do常有使能者或许可者，不能保持原主体却逐词替can而不重建结构。,EN-WRITE-K02；351-377/full.md530—538行，实际PDF9页等，非独立试题
solve(解决),"deal with, work out",deal with处理不保证解决完毕；work out在此可解题，但另有锻炼义，按对象核。,EN-WRITE-K02；351-377/full.md530—538行，实际PDF9页等，非独立试题
good(好的),"fantastic, excellent, perfect, outstanding, wonderful",excellent/outstanding突出优秀，perfect强调完美；fantastic/wonderful评价更强，不无依据改变程度。,EN-WRITE-K02；351-377/full.md530—538行，实际PDF9页等，非独立试题
bad(坏的),"terrible, harmful, awful",terrible/awful更强的负评；harmful专指造成伤害，原bad不能都解释成有害。,EN-WRITE-K02；351-377/full.md530—538行，实际PDF9页等，非独立试题
happy(高兴的),"pleased, joyful",pleased常因某事满意、joyful喜悦；按评价对象和强度用，不能仅凭中文高兴互换。,EN-WRITE-K02；351-377/full.md530—538行，实际PDF9页等，非独立试题
beautiful(美丽的),"pretty, attractive, charming",pretty可外观好看、attractive吸引、charming迷人，风景外貌以外义项与程度也不同。,EN-WRITE-K02；351-377/full.md530—538行，实际PDF9页等，非独立试题
tired(累的),be worn out,be worn out更偏筋疲力尽，且含be的谓语框架；不把轻微疲劳自动升级。,EN-WRITE-K02；351-377/full.md530—538行，实际PDF9页等，非独立试题
difficult(困难的),"hard, challenging",hard困难，challenging挑战性可有积极可尝试意味；不保留不了原负面程度就不替。,EN-WRITE-K02；351-377/full.md530—538行，实际PDF9页等，非独立试题
many/much(许多),"a (great) number of, quite a few, a lot of, lots of, plenty of, various",a number of/quite a few限复数可数；a lot of等可配可数不可数；various是不同种类而非必大量。,EN-WRITE-K02；351-377/full.md530—538行，实际PDF9页等，非独立试题
helpful(有帮助的),be of great help,be of great help带be和更强程度，不能与已给is重复；great并非原每次都有。,EN-WRITE-K02；351-377/full.md530—538行，实际PDF9页等，非独立试题
important(重要的),be of great importance,be of great importance含be与加强great，名词importance不可直接顶原形容词槽。,EN-WRITE-K02；351-377/full.md530—538行，实际PDF9页等，非独立试题
clever(聪明的),"wise, bright, intelligent",wise偏判断明智，bright/intelligent偏聪慧；某次巧思不自动等于人生明智。,EN-WRITE-K02；351-377/full.md530—538行，实际PDF9页等，非独立试题
besides(此外),"moreover, in addition, what's more",besides可副词或介词；moreover/in addition/what’s more多作篇章补充，后接位置与强度需核。,EN-WRITE-K02；351-377/full.md530—538行，实际PDF9页等，非独立试题
and(和),"as well as, along/together with",as well as/along with/together with多附加对象，不一定像and并列主语改变谓语数。,EN-WRITE-K02；351-377/full.md530—538行，实际PDF9页等，非独立试题
because(因为),"since, as, as a result of...",since/as可有时间或别的义；as a result of接名词性原因，不可直接接原完整because从句。,EN-WRITE-K02；351-377/full.md530—538行，实际PDF9页等，非独立试题
but(但是),"yet, however",yet可连分句；however为副词，不能只用逗号把独立句当并列连词拼接。,EN-WRITE-K02；351-377/full.md530—538行，实际PDF9页等，非独立试题
so(所以),"therefore, as a result, thus",therefore/as a result/thus多为副词性衔接，核标点；原结果须有因果支持。,EN-WRITE-K02；351-377/full.md530—538行，实际PDF9页等，非独立试题
though(虽然),in spite of,in spite of接名词性对象，与though引从句句架不同，需要重建而非逐词置换。,EN-WRITE-K02；351-377/full.md530—538行，实际PDF9页等，非独立试题
too/also(也),as well,as well常句末，also常句中；too另有过度义，不属这里“也”。,EN-WRITE-K02；351-377/full.md530—538行，实际PDF9页等，非独立试题
sometimes(有时),once in a while,once in a while偏偶尔，頻度未必一致，原经常程度不能偷改。,EN-WRITE-K02；351-377/full.md530—538行，实际PDF9页等，非独立试题
thank sb for...(因......感谢某人),"be grateful to sb for, express/show one's gratitude to sb for",be grateful to含be与to对象；express/show gratitude需名词宾语，主体时态仍要有来源。,EN-WRITE-K02；351-377/full.md530—538行，实际PDF9页等，非独立试题
decide to do sth(决定做某事),"be determined to do sth, make up one's mind to do sth",be determined/make up one’s mind强调决心，不把普通决定自动加强成坚定不变。,EN-WRITE-K02；351-377/full.md530—538行，实际PDF9页等，非独立试题
ask sb for help(向某人寻求帮助),"turn to sb for help, ask a favour of sb",turn to需同求助对象；ask a favour提出帮一个忙，不保证等同全部广义帮助。,EN-WRITE-K02；351-377/full.md530—538行，实际PDF9页等，非独立试题
prepare for(为......做准备),"make preparations for, be prepared for",make preparations for为做准备；be prepared for是准备好状态，时间和动作性质不同。,EN-WRITE-K02；351-377/full.md530—538行，实际PDF9页等，非独立试题
be good for(对......有益),"be of (great) benefit to, be helpful to, be of use to",benefit/use/helpful侧重点与程度可不同，后介词和受益对象必须保持。,EN-WRITE-K02；351-377/full.md530—538行，实际PDF9页等，非独立试题
