作者,别名,身份与作品,辨识要点,易混提醒,章节内来源编号,原文行号,实际PDF页码
孔子,孔丘；仲尼；至圣先师,"名丘,字仲尼,鲁国陬邑(今山东曲阜东南)人,春秋末期思想家、政治家、教育家,儒家学说的创始者,被后人尊称为“至圣先师”。",名丘、字仲尼与孔子是同一人的姓名称谓关系，至圣先师则为后人尊称，三者形成方式不同。儒家创始者说明思想史位置，不表示《论语》是他独自逐字写作。原补充私人讲学、周游列国与晚年整理文献，弟子3000与身通六艺72明确用相传口径，不能删掉限定当精确招生统计。；孔子处春秋末，孟子处战国且称亚圣，庄子属道家；同有子字不能把时代学派互换。读“子曰”仍要确认具体篇章发言者，尊称本身不解释每一条思想。,至圣亚圣混配；尊称当自取号；相传人数变精确确证；论语等孔子一人亲笔。,CN-CUL-W01,853—853；867—869,15
孟子,孟轲；子舆；亚圣,"名轲,字子舆,战国时期思想家,儒家学派代表人物之一,被尊称为“亚圣”。",孟轲、字子舆、亚圣分别是姓名、字与尊称，不能与孔子丘仲尼至圣混配。战国与儒家说明时代和学派，亚不表示其著作只有次要价值，而是传统尊称层次。；同章《孟子》为记录言行的七篇经典，得道多助等选文出处可与人物连记；姓名与同名书仍是两层信息。原没列完整思想体系，不能把所有孟子选文一律解释为性善论或一个劝学道理，观点须从各篇原文找。,名轲错作丘；亚圣配孔子；战国错春秋；儒家与庄子道家互换；同书所有选文论点相同。,CN-CUL-W02,855—855,15
庄子,庄周；老庄中的庄子,"名周,宋国蒙(今河南商丘东北)人,战国时期哲学家,道家学派的代表人物,与老子并称“老庄”。",名周、宋国蒙人与战国道家是人物身份；老庄是与老子的并称，不是庄子的字或一本两人合著书。庄子与孟子都称子，思想学派与作品性质却不同。；原《庄子》明确庄子及后学著作，人物名不能保证现存全书33篇每字均出其手。濠梁对话和北冥故事的哲理需按实际文本判断，道家标签只能提供背景，不能代替每段推理，也不能把寓言中人物行为直接当庄子历史亲历。,老庄当字；名周与周朝混层；孟庄同学派；全33篇一人亲笔；寓言等生平实录。,CN-CUL-W03,857—857,15
司马迁,子长；史记作者司马迁,"字子长, 西汉史学家、文学家、思想家。",字子长、西汉史学家文学家思想家与《史记》可连成一组；其史学和文学身份解释为何同书既记史事又有人物塑造价值。原鲁迅评价兼赞两面，无韵之离骚不表示他写的是诗集。；司马迁与司马光姓名相似，前者西汉撰纪传体史记，后者北宋主持编年体资治通鉴。先核时代、著作、体例和编写角色四项，比只记司马两个字可靠。原没有司马迁详细生平，本条不添未经资料支持的经历作为例题。,司马迁司马光互换；史记编年体；西汉与北宋混时代；文学身份等著作都是小说。,CN-CUL-W04,895—895；1011—1011,18
曹操,孟德,"字孟德,东汉末政治家、军事家、文学家,建安文学代表人物。其诗歌气魄雄伟,慷慨悲凉。",东汉末政治军事与文学身份可以同时成立，不能因曹魏政权关联就把原时代一律写成西晋。原三曹为曹操与曹丕曹植父子三人，群称不是曹操自己的字号。；原作品《观沧海》《龟虽寿》都属其诗作，气魄雄伟、慷慨悲凉是总体风格概括，具体诗歌还须找景物、节奏与志向的表达，不能把所有句子自动判悲伤。建安文学代表说明文学史位置，不等于父子作品或性格全相同。,三曹曹操一人的三名；曹丕曹植作品自动归曹操；慷慨悲凉全句只悲；政权关联代替时代核查。,CN-CUL-W05,897—897；873—875,16
陶渊明,陶潜；元亮；五柳先生；靖节先生,"一名潜,字元亮,私谥靖节,自号五柳先生,是我国文学史上著名的田园诗人。",一名潜、字元亮、自号五柳、私谥靖节将不同来源称谓连到同一人：号可自取，私谥来自身后评价，不能互换。田园诗人是文学史代表身份，不保证所有作品都是诗。；原《饮酒》其五是诗，《桃花源记》是散文，题名与体裁须分别核。田园背景帮助理解生活选择，但不凭称号给每篇同一“逃避现实”结论；应看文本所描生活、愿望与语气。原没有完整生平因果，不能补任意仕隐事件来替作品解释。,靖节自号；五柳私谥；陶潜另一人；桃花源记也当诗；田园等每篇逃避现实。,CN-CUL-W06,901—901,16
郦道元,善长,"字善长,北魏地理学家,所撰《水经注》是我国古代地理名著。",北魏地理学家与水经注撰者相连，三峡是初中选篇；北魏不是北宋，“北”字相同不足以合并时代。其著作兼地理与文学价值，不能因为景写得生动就只当游记诗集。；原说明南方江河博采他人记述、北方兼文献实察，故三峡描写不自动证明他亲自去过每个位置。人物身份、资料形成和文字效果要分层：地理学家能组织可靠材料，文学描写能有节奏，但都不能替代某处是否亲历的证据。,北魏北宋混；生动等亲历；水经与水经注同书；三峡当整部著作名。,CN-CUL-W07,903—903,16
王勃,子安,"字子安, 与杨炯、卢照邻、骆宾王合称为“初唐四杰”。",王勃与杨炯卢照邻骆宾王合称初唐四杰，初唐是时代限定，不含李白杜甫。字子安是个人称谓，四杰是群体文学史并称，两者不同。；原《送杜少府之任蜀州》的杜少府是诗中送别对象，不是作者杜甫；先辨作者、受赠人、官称和赴任地，不能见杜就改作者。群称有助定位文学史，而该诗的送别情感与表现仍须按诗句说明，不能只凭四杰称号推断语气。,初唐四杰加李杜；子安当号；杜少府当杜甫作者；并称等四人合作一诗。,CN-CUL-W08,907—907,16
李白,太白；青莲居士；诗仙,"字太白,号青莲居士,唐代伟大的浪漫主义诗人,被尊称为“诗仙”,与杜甫并称“李杜”。",字太白、号青莲居士、尊称诗仙不同类型指同一人。与杜甫称李杜，区别于李商隐与杜牧的小李杜，不能见李杜就只按姓任意配人。；原以丰富想象、浪漫主义与咏月成就概括李白，静夜思和月下独酌是同章补充的作品例，不能据咏月多就说其所有作品只有月亮。原初中六篇含送别、寄友和人生困境题材，具体感情需由原诗与题名线索判断，诗仙不等于人物或情节都神话。,诗仙配杜甫；李杜与小李杜混；所有作品只月亮；称号当文学体裁；太白青莲两人。,CN-CUL-W09,909—909；879—881,16
杜甫,子美；少陵野老；诗圣,"字子美,自号少陵野老,我国唐代伟大的现实主义诗人,被尊为“诗圣”,其诗被称为“诗史”。",字子美、自号少陵野老、尊称诗圣属于不同称谓，诗史则是对诗作的评价，不是另一个个人字号。原联系唐由盛转衰与人民疾苦，说明诗歌为何可反映历史社会。；诗史不等于作品每句都是未经文学加工的史料，诗歌仍有选择、语言与情感表达；忧国忧民也须落实到具体景物事件。原六篇含写山岳、战乱、家庭与困居内容，出处与主题分别核，不能靠诗圣诗史二词替代全部赏析。与李白诗仙比较时，分清人物评价、创作倾向和单首特点。,诗史当杜甫的字；诗圣配李白；诗歌全历史实录；忧国标签代替具体诗句。,CN-CUL-W10,911—911；885—889,16
王维,摩诘；王右丞；诗佛,"字摩诘, 唐代诗人、画家, 世称“王右丞”, 有“诗佛”之称。其诗画被苏轼称赞“诗中有画”“画中有诗”。",字摩诘、王右丞由官职来、诗佛为后人文学称誉，不是三个不同作者。原诗中有画画中有诗说明诗画相通的审美评价，不能据此说每篇都附一张图。；与孟浩然称王孟，是山水田园代表并称；王维也写使至塞上，文学史归类不能把所有作品排除边塞题材。原竹里馆与使至塞上均有作者对应，学习时先核归属，再按实际景物构图、声音与情感展开；“诗中有画”应指出如何组织可感画面，而非空贴标签。,右丞当字；王孟同一人；田园诗人不能写边塞；诗中有画等实际配图；诗佛配李贺。,CN-CUL-W11,913—913,16
孟浩然,王孟中的孟浩然,"唐代山水田园派诗人,与王维合称“王孟”。",原山水田园派与王维并称王孟，是文学史归类，不是姓名“孟”就与孟子同一时代。孟子战国儒家，孟浩然唐代诗人，身份与作品跨度很大。；原《望洞庭湖上张丞相》同时交代所写景与上呈对象，题名中的张丞相不是作者。写山水也可能寄托愿望与人际交往目的，不能据派别把诗只当纯风景记录；实际寄托需要诗句证据。本章没有全诗释义，不编湖景句或作者任职故事替代出处。,孟浩然配孟子著作；张丞相作者；山水只写景无寄托；王孟当字号。,CN-CUL-W12,915—915,16
岑参,高岑中的岑参,"唐代边塞诗人,与高适并称“高岑”。",唐代边塞诗人、与高适并称高岑是两条文学史信息，不能由并称推出二人所有作品互为作者。原行军九日思长安故园、逢入京使、白雪歌送武判官归京都给不同的题名情境。；边塞诗不等于每首只写战争胜负，也可能写思乡、送别和途中相遇。判作者先核题名出处，赏析再分景物与人物处境；白雪歌中的歌为诗体相关称名，武判官是送别对象，不是作者。用具体标题区分题材可避免只会一个边塞标签。,武判官作者；边塞都战争胜负；高岑互换题名；歌就有可核现代乐谱。,CN-CUL-W13,917—917,16
白居易,乐天；香山居士,"字乐天,晚年号香山居士,唐代伟大的现实主义诗人。其诗反映百姓疾苦,语言通俗,著有《白氏长庆集》。",字乐天、晚年号香山居士与白氏长庆集相连，集名长庆不是其另一姓名。原现实主义、反映百姓疾苦、语言通俗是总体创作特色，不等于任何诗都只诉苦。；钱塘湖春行与卖炭翁呈不同题材，通俗语言也能组织细致观察和深刻社会认识，不能把易懂误认为浅薄。与元稹称元白、与刘禹锡称刘白是不同并称，参与不同组合不使三位成为一人或全部合著。按作者—作品—具体特点逐项核，避免名单连背后配错。,长庆当名字；通俗等浅薄；钱塘诗自动诉苦；元白刘白同一个二人组。,CN-CUL-W14,919—919,16
刘禹锡,梦得；诗豪,"字梦得,唐代文学家,有“诗豪”之称,与白居易并称“刘白”。",字梦得、称诗豪，和白居易并称刘白；附录又与柳宗元称刘柳，两组分类联系不同，不能把并称另一人混换。原秋词、陋室铭、酬乐天三篇并非同一体裁。；陋室铭是铭，秋词与酬乐天是诗，文学家能有多种体裁创作。酬乐天的乐天是白居易之字，显示唱和交往对象，不是作者自己字梦得被改为乐天。诗豪是风格成就称誉，单篇内容仍需词句支撑，不能用豪字直接判每篇都豪放词。,乐天梦得互换；陋室铭诗；诗豪等豪放词派；刘白刘柳混成同组。,CN-CUL-W15,921—921,16
韩愈,退之；韩昌黎,"字退之,自谓郡望昌黎,世称“韩昌黎”,唐代文学家、思想家、教育家,被尊为“唐宋八大家”之首。他力反六朝以来的骈偶文风,提倡内容充实的散体,是唐代古文运动的倡导者。",退之为字，昌黎为自谓郡望形成的称谓，不能保证本人出生地就是昌黎。原古文运动倡导者提倡内容充实的散体、反对特定骈偶风尚，古文不是现代说的所有旧文字。；唐宋八大家中韩愈与柳宗元为唐代两位，其余六人为宋，八大家评价重散文，不是八大诗人名次。原马说为论说散文，晚春和左迁至蓝关是诗，同一作家不同文体。韩柳并称联系古文成就，不意味着韩愈写了柳宗元小石潭记。,昌黎绝对出生地；八大家八诗人；马说诗；韩柳作品互归；古文只古字。,CN-CUL-W16,923—923,16
柳宗元,子厚；柳河东,"字子厚, 世称“柳河东”, 唐代文学家, “唐宋八大家”之一。他和韩愈一道倡导中唐古文运动, 其文与韩愈齐名, 并称“韩柳”。",字子厚、世称柳河东与唐代古文运动和八大家身份相连，韩柳表示与韩愈散文齐名，不是二人同名或合作署名。刘柳又指与刘禹锡的并称，需要核配对成员。；原小石潭记为游记散文，景物描写与作者感受的关系要据正文解释；不能因古文运动身份就把该文都称议论。河东称谓与姓名层不同，作者、篇名、文体先分清，再找每段作用。本节未有完整仕途材料，不凭贬谪常识补具体事件当原题原因。,韩柳刘柳另一成员混；小石潭记全议论；河东当字；无原证据补仕途细节。,CN-CUL-W17,925—925,17
杜牧,牧之；樊川居士,"字牧之,号樊川居士,晚唐诗人,与李商隐并称“小李杜”。",杜牧是晚唐诗人，字牧之、号樊川居士，与李商隐称小李杜。杜甫则为子美少陵诗圣，与李白称李杜，杜姓相同不能忽略名字和时段。；原泊秦淮、赤壁属于杜牧；赤壁的题名是历史地名和作品题目，不能据三国事件背景就把作者放到三国。作者年代、咏史对象年代与诗中评价是三层，咏史借往事有所寄托，具体感慨仍需诗句。本节不增编历史情节或把小说情节当这两诗原例。,小李杜配李白杜甫；赤壁作者三国人；牧之配子美；咏史等逐条历史实录。,CN-CUL-W18,927—927,17
李贺,长吉；诗鬼,"字长吉,有“诗鬼”之称。其作品想象奇特,用词瑰丽,有浪漫主义色彩,风格独特。",字长吉、称诗鬼，原突出想象奇特、用词瑰丽与浪漫主义色彩。诗鬼是文学称誉，不表示其身份是鬼神、全部内容必须是神怪故事。；原雁门太守行为作者对应证据，行与题名相关诗体传统，不是人物行走记录。李贺与李白都有浪漫主义倾向，姓名和作品仍不同：诗鬼长吉属李贺，诗仙太白属李白。赏析要找本诗意象色彩、语势和想象联系，不能只写瑰丽二字就说明每一句。,诗鬼当真实身份；诗鬼诗仙互换；雁门行配李白；行只现代走路义。,CN-CUL-W19,929—929,17
范仲淹,希文；范文正公,"字希文,北宋政治家、文学家,谥号文正,世称“范文正公”,有《范文正公集》传世。",希文为字，文正为谥，范文正公由身后评价形成，不能当自取号。北宋政治文学身份与岳阳楼记、渔家傲秋思相连，两篇不同体裁。；岳阳楼记是记体散文，渔家傲秋思是词，秋思是题目、渔家傲是词牌；同有秋思题名还不能与马致远天净沙或李清照渔家傲互换作者。学习先核完整题名与原文首句线索，再分析忧乐或边塞情感。原没有人物全部政治经历，本条不借文正二字概括未经核的事件。,文正字或号；岳阳楼记词；同词牌都同作者；秋思题目使三篇混一。,CN-CUL-W20,935—935,17
欧阳修,永叔；醉翁；六一居士；欧阳文忠公,"字永叔,号醉翁,晚号六一居士,谥号文忠,北宋政治家、文学家、史学家,“唐宋八大家”之一。",永叔为字，醉翁与六一居士为先后所号，文忠为谥；醉翁亭记题名与作者自号相关，却不是“醉翁”另一作者。原政治文学史学身份与八大家散文成就共存。；卖油翁是叙事散文，采桑子为词牌、原括号首句提示具体词，醉翁亭记是记体，不能因为作者列八大家就把全部作品都散文。与晏殊称晏欧也是词史并称，分类轴不同于八大家。原号的先后限制须保留，不据六一猜确切年龄或出生日期。,号谥字混；采桑子散文；醉翁另一作者；六一当生辰；晏欧等散文八家另两人。,CN-CUL-W21,937—937,17
苏轼,子瞻；东坡居士；苏东坡,"字子瞻,号东坡居士,北宋文学家,“唐宋八大家”之一。",子瞻为字、东坡居士为号，三苏是苏洵苏轼苏辙父子群称，苏辛又与辛弃疾相配，不能拿群称当个人号。原作品含散文和多首不同词牌，八大家身份主要关乎散文成就。；记承天寺夜游是散文，水调歌头江城子卜算子定风波是词牌相关篇名。总体豪放代表身份并不让每篇排除含蓄细腻；黄州定慧院与密州出猎题名也须分别核，不把不同写作情境合一。原兼诗文书画成就，书画评价与每一篇词的内容是不同证据层。,三苏当三名字；所有作品散文；豪放归派压所有篇；苏辛三苏成员互换。,CN-CUL-W22,939—939；959—965,17
王安石,介甫；半山,"字介甫, 号半山, 北宋政治家、文学家、思想家, “唐宋八大家”之一, 今存《王临川集》《临川集拾遗》。",介甫为字、半山为号，与北宋政治文学思想身份相连，王临川集与临川集拾遗为作品集名，不是另外两位作者。八大家属散文成就组，登飞来峰则是其诗作。；登飞来峰的山名是所写对象，不能见峰就只答自然景物而不读诗意；诗作具体认识仍需由原句层层展开。称号与集名能帮助检索，却不能从半山字面推人物只住半山或作品只写山。本节未详论变法制度，不补政治争议作已核事实。,介甫当号；八家等作品全散文；集名另作者；半山字面编生平；峰题只纯风景。,CN-CUL-W23,941—941,17
司马光,君实,"字君实, 北宋政治家、史学家。",君实为字，北宋政治家史学家与资治通鉴主持编纂相连。司马迁为西汉子长史记作者，两个司马在时代、字、著作与体例上都不同。；主持编纂包含组织汇集工作，不能简化成亲历所有历史事件；资治通鉴记战国至五代而作者在北宋，所记时代与编书时代不同。原孙权劝学选自资治通鉴，孙权不是司马光同时代人物。本章只给简历，不用常见童年传说补所谓原例题。,君实子长互配；司马光三国人；资治通鉴纪传；主持等全独作；童年故事自添原例。,CN-CUL-W24,943—943,
李清照,易安居士,"号易安居士,宋代女词人,在诗词方面均有成就。其词继承婉约派风格,南渡前以造语新丽见称,南渡后以情调悲凉为主。后人有《漱玉词》辑本。",易安居士为号，济南二安由李清照号易安和辛弃疾字幼安相连，两个安来自不同称谓类型，不是两人同字。原南渡前新丽、南渡后悲凉是总体转变概述，不能凭词牌直接判写作阶段。；漱玉词为后人辑本，辑者与词作者不同；渔家傲天接云涛与如梦令常记溪亭是原两篇，前者开阔想象不能因常归婉约就被读成细弱。原协调音律、词别是一家说明体裁重视，不代表她不写诗或每首都儿女情。,易安当字；济南二安同姓或同字；后人辑本等后人创作；婉约压渔家傲开阔想象。,CN-CUL-W25,945—945；967—973,17
陆游,务观；放翁,"字务观,号放翁,南宋著名爱国诗人。与尤袤、杨万里、范成大并称“南宋四大家”。",务观为字、放翁为号，南宋爱国诗人与尤袤杨万里范成大为南宋四大家，并非初唐四杰或元曲四家。原十一月四日风雨大作、游山西村是诗，卜算子咏梅是词。；爱国主题需要从诗句情境和意象联系说明，并不表示作品只写战场。游山西村有乡村生活与认识，咏梅有寄托，作者总体身份与单篇表达须分层。卜算子是词牌，不是诗人务观的官职；同牌多作者作品不能仅按牌名混合原句。,南宋四家配初唐四杰；诗人全部只诗；放翁字；爱国等每句战场；卜算子等官称。,CN-CUL-W26,947—947,17
辛弃疾,幼安；稼轩；词中之龙,"字幼安,号稼轩,南宋著名爱国词人。有“词中之龙”之称,与苏轼并称“苏辛”,与李清照并称“济南二安”。",幼安为字、稼轩为号，苏辛与济南二安分别联系不同代表人物，不能由二安把苏轼配进。南宋爱国词人与词中之龙是身份和称誉，龙不是真实人物种类。；原四词题名均含词牌与题目或题序，破阵子是牌、为陈同甫赋壮词以寄之交代对象与目的；陈同甫不是作者。常识学习用完整题名核出处，赏析需据词中回忆、想象和现实关系，不能只凭壮字断定全文没有悲慨。,幼安号稼轩字互换；陈同甫作者；济南二安苏轼；壮字排除所有悲情；称龙当实物。,CN-CUL-W27,949—949,17
文天祥,履善；宋瑞；文山,"字履善, 又字宋瑞, 号文山, 南宋政治家、文学家。",履善、宋瑞为字，文山为号，属于同一人不同称谓，不要拆成多个作者。原南宋政治家文学家、抗元名臣的身份与过零丁洋南安军相连。；作品题名里的地名交代所写或所经空间，不等于作者籍贯；个人经历与作品志向相关，但本章没有逐一展开历史事件，具体情感须由诗句说明。履善宋瑞双字的信息已由原资料明给，不能为了套“一人只有一个字”规则删去其一。作者时代与抗元对象联系也不能将其改记元朝作家。,双字拆两人或删一；号与字混；题名地名当籍贯；抗元便作者元朝；补未给战事细节。,CN-CUL-W28,951—951,17
马致远,东篱,"号东篱,一说字千里,元代戏曲作家、散曲家。其创作以格调飘洒脱俗、语言典雅清丽著称。有辑本《东篱乐府》。其代表作《天净沙·秋思》被誉为“秋思之祖”。",号东篱、一说字千里的限定须保存，不能把一说删为确证。元代戏曲散曲作家与元曲四大家相连，天净沙秋思是散曲小令，不是词。；原简介被页内知识拓展打断，天净与后段沙秋思连成完整篇名，已按段落衔接恢复。东篱乐府为辑本，不能从乐府二字改作者为郭茂倩。秋思之祖是对代表作的称誉，不表示所有有秋思题目的作品都由他写，也不是诗歌秋思题材从此才开始。,一说改确定；曲牌词牌混；断页篇名截天净；东篱乐府配郭茂倩；秋思都马致远。,CN-CUL-W29,957—957；987—987,17
张养浩,希孟；云庄,"字希孟,号云庄,元代文学家,所作散曲以豪放著称。",希孟为字、云庄为号，元代文学家且散曲以豪放著称。豪放作为作品风格词不只用于宋词，不能由豪放便把所有张养浩作品改为词。；原山坡羊潼关怀古、山坡羊骊山怀古同曲牌不同怀古对象，需用完整题目区分，不能把两作原句互抄。怀古往往借历史兴亡有所感，具体认识由曲文建立，本章没有全曲，不用标签补固定答案。元曲四家名单没有张养浩，代表散曲作家与四家群称是不同范围。,云庄字；豪放作品必宋词；两山坡羊同一作；元散曲作家全在四家；题目代替原曲分析。,CN-CUL-W30,989—989,18
蒲松龄,留仙；剑臣；柳泉居士；聊斋先生,"字留仙,一字剑臣,别号柳泉居士,世称聊斋先生,清代文学家,著有文言小说集《聊斋志异》等。",留仙与剑臣为字，柳泉居士为别号，聊斋先生为世称，同一人的不同称谓不能拆为四位作者。聊斋志异是文言小说集，狼为选篇，不是长篇白话小说名。；志异提示记录奇异故事的文学传统，不能因此每段都当真实动物学观测；狼的具体人物动作与寓意需原文证据。清代与儒林外史红楼梦时代相同不表示体裁相同，聊斋是文言短篇集、后二者是长篇小说。作者字号检索帮助核出处，不能用名号替代故事解读。,留仙剑臣两人；聊斋长篇白话；狼全书名；奇异故事真实观测；清代小说一律同体裁。,CN-CUL-W31,991—991,18
龚自珍,定盦；定庵；璱人,"字璱人,号定盦,清代思想家、文学家,多咏怀、讽喻之作。",字璱人、号定盦，定庵为另一常见字形；OCR璿人已与北京大学儒藏研究中心的作者介绍核对，不把错字当人物别名。清代思想家文学家多咏怀讽喻，是整体创作概述。；己亥杂诗是一组作品，原指定其五，不能把组内其他篇的名句替入其五。己亥为干支年名，六十年循环，具体作品年代须结合作者和注释，而不是只由己亥两字定唯一公历年。思想家身份提供认识背景，但该诗表达仍须据原文，不能把另一首人才诗自动当本首内容。,璿人误字入别名；定盦定庵两人；其五与整组其他诗句混；干支独定年份。,CN-CUL-W32,991—991,18
朱自清,佩弦,"字佩弦, 散文家、诗人、学者、民主战士。著有诗文集《踪迹》, 散文集《背影》《欧游杂记》《你我》等。",字佩弦与散文家诗人学者身份相连，踪迹是诗文集，背影欧游杂记你我是散文集。人物可以有多种体裁作品，不能因著名散文身份排除诗作。；背影既可指散文篇名也可指同名文集，题干问单篇或合集时要看语境，不把整部集的内容与篇中事件混为一谈。原文集名你我是题名，不是两位合著者的代词列表。本章只列出处，不凭记忆给每篇补细节；阅读感情要由所读段落中动作、语言和叙述关系形成。,佩弦号；踪迹全散文；背影篇与集混层；你我当合著作者；补原材料未有细节。,CN-CUL-W33,1033—1033,19
老舍,舒庆春；舍予,"原名舒庆春,字舍予,作家。代表作有小说《骆驼祥子》《四世同堂》,话剧《茶馆》《龙须沟》等。",舒庆春为原名、舍予为字，老舍为作家常用名；小说骆驼祥子四世同堂与话剧茶馆龙须沟须按体裁分开。题名是作品对象，不因茶馆场景就把作品改为说明文。；原补充语言俗白精致、北京口语与潜台词：俗白指易懂而有地方生活气息，不等于粗糙、没思想；潜台词需从人物所说与所想的差别、语境中读，不是随意替人物编心声。整体语言评价不能保证每个角色说同样话，具体地方词与隐含意义仍须原段支撑。,舒庆春舍予两人；茶馆小说；俗白等粗浅；北京口语所有角色同声；潜台词凭空编。,CN-CUL-W34,1035—1035；1047—1049,19
冰心,谢婉莹,"原名谢婉莹,作家、诗人。著有诗集《繁星》《春水》,散文集《寄小读者》,散文《樱花赞》等。",谢婉莹为原名，冰心为常用作家名；繁星春水是诗集，寄小读者是散文集，樱花赞是散文篇。诗人作家双身份不要求所有作品都同体裁。；集与篇的层次要分清：一个集合可含多篇，题干说选自哪集与问某篇作者不是同一问题。繁星与春水也是两部诗集，不能因常并提就改成唯一书名。原没有给具体诗句或儿童通信全文，作品主题的进一步判断须待原文，不用泛化“爱母亲爱儿童爱自然”替每段证据。,谢婉莹另一作者；繁星春水强并成一部；寄小读者诗集；樱花赞整集；泛主题覆盖每篇。,CN-CUL-W35,1037—1037,19
萧红,张迺莹,"原名张迺莹,作家。代表作有小说《生死场》《呼兰河传》等。",张迺莹为原名，萧红为文学常用名，生死场与呼兰河传为小说。传在小说题名中不能自动改为严格人物传记或历史志书。；原只给两部代表作和身份，没有详述情节、个人经历与各书主题，参考学习可先确认作品归属与体裁边界，不凭传字杜撰作者亲历全书事件。人物身份与小说叙述者、角色也不同，不能将其中任意女性角色直接等同萧红。具体风格与情感必须读相应原文材料，再建立判断。,迺写乃后当不同人；呼兰河传史书；小说角色直接作者；资料缺情节仍添具体事件。,CN-CUL-W36,1063—1063,20
郭沫若,郭开贞,"原名郭开贞,作家、诗人、历史学家、古文字学家。代表作有诗集《女神》《星空》,历史剧《屈原》《虎符》《棠棣之花》等。",郭开贞为原名，原多重身份包括作家诗人历史学家古文字学家；女神星空为诗集，屈原虎符棠棣之花为历史剧，作品体裁不能因作者身份多而随意互换。；历史剧用历史人物事件作创作材料，不等于作者所作学术考证著作；屈原题名的历史人物也不是写这部剧的作者。女神诗集不保证每首都写真实宗教神明，标题与整集内容仍需区分。原没给剧段或诗句，此卡只建立身份和体裁对应，具体艺术效果等待文本，不编对白。,屈原该剧作者；女神小说；历史剧等学术史书；原名另人；以题名限定所有篇内容。,CN-CUL-W37,1065—1065,20
鲁迅,周树人；豫才,"原名周树人,字豫才,我国伟大的文学家、思想家、革命家。代表作有小说集《呐喊》《彷徨》《故事新编》,散文集《朝花夕拾》,散文诗集《野草》和杂文集《坟》《热风》《且介亭杂文》等。鲁迅的《狂人日记》是中国现代文学史上第一篇白话小说。",周树人为原名、豫才为字，鲁迅为文学常用名。呐喊彷徨故事新编是小说集，朝花夕拾是散文集，野草是散文诗集，坟热风且介亭杂文属杂文集；相近语言形式不能把这几类统一称散文集。；狂人日记在原资料中为现代文学史第一篇白话小说，现代文学与白话两个限定不能删成历史上一切白话叙事第一。朝花夕拾忆事与小说人物有不同阅读证据边界，不能将小说每个情节当作者自传。先核篇名、所出集、体裁再读主题，避免只因作者同一就互换选篇。,野草普通散文集；朝花小说；小说角色等作者；第一篇删现代文学限定；豫才周树人两作者。,CN-CUL-W38,1067—1067,20
巴金,李尧棠,"原名李尧棠,文学家。代表作有“激流三部曲”(《家》《春》《秋》)、“爱情三部曲”(《雾》《雨》《电》)等。",李尧棠为原名，巴金为作家名。激流三部曲家春秋，爱情三部曲雾雨电，是两组三部作品的合称，三部曲不是单一小说内部三章。；先把组合名称与各部题名绑定，再核作者，不能由春雨秋等自然词相近把家春秋与雾雨电混配。原并列两组代表作，并没有给任何情节或人物原题，所以不能为解释题名临时造故事。体裁和组合关系可作为检索入口，具体情感与社会认识要在后续原段落中说明，避免只会空背六个字。,家春秋雾雨电两组混；三部等三章；李尧棠另人；天气词相近便同组；未给故事自编原例。,CN-CUL-W39,1069—1069,20
闻一多,,诗人、学者、民主战士。代表作有诗集《红烛》《死水》，学术著作《神话与诗》《唐诗杂论》等。,诗人学者民主战士多重身份相连，红烛死水是诗集，神话与诗唐诗杂论是学术著作；原书的“代表作”列表不代表全部同是创作诗集。；同一个题名也可能既为诗名又为集名，原此处明确诗集层次，查某一篇出处需再确认。神话与诗中的诗字不使全书变成诗歌，唐诗杂论中的论表明研究讨论对象；作者研究古诗与本人写现代诗是两种活动。原无具体研究论点，不凭书名给出未经材料支持的学术结论。,唐诗杂论个人诗集；神话与诗全神话故事；红烛篇集混层；多身份拆多作者；书名代替论点。,CN-CUL-W40,1071—1071,20
臧克家,,诗人。代表作有诗集《烙印》。,臧克家为诗人，原明确代表诗集烙印，不能把臧字误认藏后建立另一个作者。烙印是集名，与字面皮肤印记或所有诗必用同一意象不同。；本节人物资料较简，只能据它确认诗人身份和作品归属，没有提供具体诗篇、写作经历或完整赏析。学习时把确定事实与待由诗文支持的内容分开，不能为了凑作者介绍编生卒、师承或诗句。若后续原诗出现臧克家，可在同一作者条合并创作线索，再以实际语言说明主题，而非把烙印集名变成泛化答案。,臧藏误写；集名等每诗固定意象；缺原诗仍补诗句；身份事实与主题猜测混一。,CN-CUL-W41,1073—1073,
茅盾,沈德鸿；雁冰,"原名沈德鸿,字雁冰,作家、社会活动家。代表作有小说《蚀》三部曲(《幻灭》《动摇》《追求》)、《子夜》、《林家铺子》、《春蚕》等。",沈德鸿为原名、雁冰为字，蚀由幻灭动摇追求三部组成；子夜林家铺子春蚕另为代表小说，不能全部并进蚀三部曲。茅盾是作者名，不能改成常用词矛盾。；茅盾文学奖依据其遗愿而设，是纪念来源，不代表上列作品各获同名奖。先分作者称谓、作品组合与制度名称，再作对应。原无各书情节，题名的抽象词不能直接推出每部唯一情节；具体人物、社会关系与创作特色需原文材料支持，不从奖项地位给作品编证明。,茅写矛；字雁冰当原名；子夜放蚀三部；奖名等作者所有书获奖；题名推唯一情节。,CN-CUL-W42,1075—1075,20
汪曾祺,,作家。代表作有小说《受戒》《大淖(nào)记事》等。,原汪曾祺为作家，代表小说受戒大淖记事；淖标nào，不能误写大棹或按另一个读音建书名。记事是题名一部分，不自动把小说改为作者生活日记。；此处没有给故事内容或语言风格，卡片据已知事实建立作品归属、字音和体裁边界；不能因题名受戒就自补宗教知识或人物关系当原证据。读具体选篇时，叙述者、人物与作者必须分层，真实生活材料如何转成小说也需文献说明。资料简不能靠套一段通用“清新自然”评价补成未经来源支持的结论。,淖nào错字错音；记事等日记；小说人物直接作者；无原段套风格；受戒题名自造人物关系。,CN-CUL-W43,1077—1077,20
叶圣陶,叶绍钧,"原名叶绍钧,作家、编辑家、教育家。代表作有长篇小说《倪焕之》、童话集《稻草人》等。",叶绍钧为原名，作家编辑家教育家是同一人的不同工作身份；倪焕之为长篇小说，稻草人为童话集，不能因都用于儿童教育而改成同类教材。；童话可借想象的角色情境表达认识，长篇小说以另一套人物叙事组织，体裁辨识先看原明确分类而非作者教育家身份。稻草人也可为同名篇题，原此处写童话集，篇与集需区别。原没有给编辑事迹或小说人物材料，不能补人物行为当作者本人言行；作品思想仍待原文。,叶绍钧圣陶两人；倪焕之童话；稻草人篇集混；教育家作品全教材；角色等作者。,CN-CUL-W44,1079—1079,20
陶行知,,"教育家。主要教育思想是“生活教育”,主要著作有《中国教育改造》《中国大众教育问题》等。",陶行知为教育家，原核心教育思想生活教育，著作中国教育改造中国大众教育问题属于教育论著。生活教育不是说任何生活习惯都自动正确，需联系教育的实践目的。；原资料只给思想名和著作名，没有详细定义、三大主张或实施案例，故不把常见传说中的教育故事当本书例题。人物陶行知与田园诗人陶渊明同姓，但时代身份作品不同；不能因生活二字就把饮酒桃花源配教育家。学习先核人物与论著，再据可靠原文进一步理解具体教育观点，保留此处材料范围。,与陶渊明混；生活教育等所有生活行为都对；未给案例添教育故事；教育论著配诗集。,CN-CUL-W45,1081—1081,20
艾青,蒋正涵；海澄,"原名蒋正涵,号海澄,诗人。代表作有《大堰河——我的保姆》《光的赞歌》《向太阳》等。",蒋正涵为原名、海澄为号，艾青为诗人常用名。原大堰河我的保姆、光的赞歌、向太阳为作品对应，题名大堰河既指诗中保姆称名，不能只当河流地名。；同章补充幼年寄养贫苦农家与保姆抚养，使长诗挚爱怀念有背景线索；但背景不会使每首艾青诗都只写这位保姆。具体感情仍需诗中称呼、叙述和反复等证据。名字、号与作品主人公称名分三层，避免把大堰河当作者字号或把全部诗题同一人。,海澄原名；大堰河作者号或仅河名；所有诗都保姆主题；背景替每句证据。,CN-CUL-W46,1083—1083；1059—1061,20
林徽因,,建筑学家、文学家。代表作有《你是人间的四月天》《莲灯》《九十九度中》等。参与过中华人民共和国国徽、人民英雄纪念碑的设计工作。,建筑学家与文学家两种身份可以同时成立，原列你是人间的四月天莲灯九十九度中为文学作品，并记参与国徽、人民英雄纪念碑设计，参与不是独自完成。；专业设计经历与文学创作属于不同证据层：不能因建筑学家便将作品都改为建筑说明，亦不能因诗题四月天就精确指定写于某年四月。原没有各作详细体裁或创作对象解释，本条保留作品列表而不增添网络流传的爱情故事。阅读诗歌须以所给文本建立情感，不从人物传闻倒推每句。,参与改独作；建筑家作品全说明文；四月天题名定精确日期；传闻爱情代替原诗证据。,CN-CUL-W47,1085—1085,20
毕淑敏,,当代作家。代表作有长篇小说《红处方》《血玲珑》，短篇小说集《白杨木鼻子》，散文《婚姻鞋》《素面朝天》等。,原红处方血玲珑为长篇小说，白杨木鼻子为短篇小说集，婚姻鞋素面朝天为散文；同一作者作品在体裁和篇集层级上不同，不因题名涉及身体便全部作医学材料。；小说和散文的证据边界有区别，原此处没有具体经历和情节，不能把小说人物直接当作者自述，也不凭处方两字给临床判断。素面朝天是作品题名，不可用成语字面先下文章唯一观点。文学常识先准确配作者、体裁和作品，再在原文中理解叙述与价值认识。,处方小说当医学指南；白杨木鼻子单篇层等集；小说人等作者；题名预定唯一主题。,CN-CUL-W48,1087—1087,20
曹文轩,,"儿童文学作家,中国首位获国际安徒生奖的作家。代表作有小说《草房子》《红瓦》等。IBBY官方资料确认其获2016年国际安徒生作者奖。",儿童文学作家与草房子红瓦小说对应，原首位中国国际安徒生奖作家已与IBBY2016作者奖官方名单核查。奖项表彰创作者整体成就，不能说每一本列出小说分别获该奖。；国际安徒生奖有作者与插画家类别，与以安徒生命名的奖不同于安徒生本人所写童话。儿童文学不等于只能讲简单轻快故事，内容需要具体作品证据，本节没有情节或原题，不编读后评价。核奖只确认2016作者身份，不将当前其他奖名单或宣传评价添成本资料例题。,中国首位变世界首位；作者奖等单本作品奖；曹文轩与安徒生同国；儿童文学必浅易无困境。,CN-CUL-W49,1089—1089,20
史铁生,,作家。代表作有小说《我的遥远的清平湾》《命若琴弦》《务虚笔记》，散文《我与地坛》《合欢树》《病隙碎笔》等。史铁生是当代文坛一位非常特殊的作家，他双腿瘫痪，又长年患病，一直在和病魔抗争，这种生存状况使他的作品带有一种独特的气质。,原小说包括遥远的清平湾命若琴弦务虚笔记，散文包括我与地坛合欢树病隙碎笔。双腿瘫痪和长期患病是原人物背景，不能把全部作品只归为个人病历。；背景可帮助理解其对生命处境的关注，具体思想仍需文本推进，不能以身体状况代替作品论证，也不能把小说角色每件事当作者本人经历。原“独特气质”是总体评价，需实际语言说明怎样体现；本章没给原段，不补励志故事或把任何一篇强套“战胜病魔”结尾。,作品全病历；小说人物直接作者；背景替主题证据；全部篇只励志战胜疾病；命若琴弦误散文。,CN-CUL-W50,1091—1091,20
朱光潜,,美学家、翻译家。主要作品有《给青年的十二封信》《文艺心理学》《谈美》《诗论》《西方美学史》《谈美书简》等。,美学家翻译家与给青年的十二封信文艺心理学谈美诗论西方美学史谈美书简等相连，书名谈美与谈美书简是不同作品，不能随意删后缀合为一书。；诗论研究诗，不是本人诗集；美学史以学科思想史为对象，不等于西方小说历史。十二封信提示书信体组织，但原没有全文或发信经历，不能只凭题名当实际私人通信档案。文学常识抓研究对象、体例和作者专业联系，具体审美观点需原论述，而不是随意加一句人生格言。,诗论诗集；谈美谈美书简同书；十二封信必真实私人档案；美学史等小说编年。,CN-CUL-W51,1093—1093,20
罗素,伯特兰·罗素,英国哲学家、数学家、作家。获1950年诺贝尔文学奖。主要著作有《哲学原理》（原书译名，对应版本尚未确定）《哲学问题》《心的分析》《物的分析》《西方哲学史》《论教育》等。,英国哲学家数学家作家多重身份与1950诺贝尔文学奖相连，文学奖不是数学奖，不能因其数学成就改奖种。年份已由诺贝尔官方1950页面核查，不能与泰戈尔1913或聂鲁达1971互换。；原著作列表含哲学原理，译名与代表书对应尚需版本证据，本条保留原列表说明这一疑点，不擅改成数学原理后宣称原书错误。哲学问题与西方哲学史等是论著名称，不能因获文学奖便全部改为小说。不同身份帮助理解创作范围，但不替代具体书目核验。,数学家便获数学奖；英国配印度；1950配其他获奖年；疑译名自行确定改正；论著全小说。,CN-CUL-W52,1097—1097,20
泰戈尔,拉宾德拉纳特·泰戈尔,印度作家、诗人。获1913年诺贝尔文学奖。代表作有诗集《吉檀迦利》《新月集》《园丁集》《飞鸟集》 等。,印度作家诗人与1913诺贝尔文学奖相连，吉檀迦利新月集园丁集飞鸟集是原代表诗集。获奖人物与代表作列表不能等同为每本书分别获奖，也不能把全部诗集合成一个书名。；原飞鸟集325小诗以平常素材蕴哲理，作品短而思想可丰富；整体描述仍不能代替单首释义。1913年与印度身份已据诺贝尔官方资料核查，但本章没给诗句或翻译版，不能从记忆引一首作为用户提供例题。诗集归属、人物国别与具体作品解释分别核。,印度配英国智利；全部诗集各获诺奖；飞鸟集一首长诗；记忆引句冒充原题。,CN-CUL-W53,1099—1099,21
安徒生,汉斯·克里斯蒂安·安徒生,丹麦作家。代表作有童话《卖火柴的小女孩》《海的女儿》《丑小鸭》等。,丹麦作家与卖火柴的小女孩海的女儿丑小鸭等童话相连，不能因国际安徒生奖名称便把当代获奖作家与他同代同国。奖是后世命名制度，作品是他的创作。；童话借想象形象与情节表达人的处境认识，不等于每个故事都是幸福结局，也不等于动物角色为动物学记录。原这里只有三篇题名，没有完整情节，本条不凭熟悉故事增写不同译本的结局细节作原题条件。作者国别、作品体裁和奖项关系分开，可避免名单检索混淆。,丹麦配瑞典英国；童话必幸福结局；动物情节实测；奖名等安徒生本人得奖；译本情节擅补原题。,CN-CUL-W54,1101—1101,21
伊索,伊索寓言传说作者伊索,"古希腊作家。传说他善讲寓言讽刺权贵,终遭杀害。后人以他的名义汇集古希腊的寓言故事,编成《伊索寓言》。",原古希腊作家身份同时保留传说生平口径；伊索寓言为后人以其名义汇集古希腊寓言而成，不保证每则都由伊索一人亲笔。；寓言通过故事关系表达认识，历史上的作者形象与书内动物人物不同。原善讲寓言讽刺权贵、终遭杀害属于传说，不把它改成已确证的完整生平。常识配对可确认传统归属和古希腊背景，成书层面须记后人汇编。本章没列寓言全文，不自编寓言替原例，也不把任意道德故事都断为伊索创作。,传说删限定；后人汇集等本人写全书；动物角色当历史人物；所有寓言都伊索；自编寓言当原证据。,CN-CUL-W55,1103—1103,21
海伦·凯勒,Helen Keller,"美国盲聋作家、教育家,一生致力于救助儿童、保护妇女权益和争取种族平等的社会活动。",美国盲聋作家教育家与救助儿童、妇女权益和种族平等活动相连，身体状况、职业身份与社会活动是三层，不能把盲聋当唯一人物介绍。；原本节未列具体作品题名或教育经历全文，所以不能为补长传记从记忆添学习故事或摘句当本资料例题。人物背景能提示关注教育和权益，具体观点仍需其文字或可靠文献；也不能从一个人生事例推出所有同处境者都有相同经历。核人名注意凯勒与其他外国作者的音译不同，不以国别相同合并作者。,美国配英国；盲聋等人物全部身份；未给书名自行加作原材料；个人故事推广所有人；音译近似合人。,CN-CUL-W56,1105—1105,21
普希金,亚历山大·普希金,"俄国诗人、作家,代表作有诗歌《自由颂》《致大海》,诗体小说《叶甫盖尼·奥涅金》等。他的创作对俄国文学和语言的发展影响很大。",俄国诗人作家与自由颂致大海、诗体小说叶甫盖尼奥涅金相连；诗体小说结合诗歌语言形式与小说叙事，不能因小说二字就说一定普通散文形式。；原评价对俄国文学语言影响大，是文学史位置，不直接解释每篇都同一主题。自由颂题名提示内容方向，致大海提示表达对象，但完整情绪与象征仍须原诗支持。本章没给原诗，也不从人物国别把所有俄罗斯作家作品互换，尤其契诃夫和高尔基另有体裁与书目。,诗体小说排除诗形式；俄作全同作者；影响大替诗句解释；题名直接定全部象征。,CN-CUL-W57,1107—1107,21
茨威格,斯蒂芬·茨威格,"奥地利作家。代表作有小说《象棋的故事》,传记类作品《三作家》《三大师》《人类群星闪耀时》等。",奥地利作家与象棋的故事小说、三作家三大师人类群星闪耀时等传记类作品相连，奥地利不是澳大利亚，音字相近不能改国别。；三作家与三大师在原中分别列出，不因含三就删合为同一本；标题中的人物数与作者数也不同，不能认定茨威格有三人合作。传记类作品重人物经历组织，小说有另一证据边界；本节无人物段落，不凭名字或题目自造事件，具体叙述可靠性与艺术表现须在相应原文核。,奥地利澳大利亚；三作家三大师随意合；三等三位作者；小说传记混；题名自编历史事件。,CN-CUL-W58,1109—1109,21
法布尔,让-亨利·法布尔,"法国昆虫学家、动物行为学家,被世人称为“昆虫学界的荷马”“昆虫学界的维吉尔”。",法国昆虫学家动物行为学家，被称昆虫学界的荷马、维吉尔是借文学巨匠作成就比拟，不表示他就是古代荷马或维吉尔。国别与学科身份均不能被称号替换。；这些称誉说明其对昆虫观察与表达的影响，具体科学结论仍须观察证据，文学感染力不使记录自动失真，也不保证任一比拟就是实测事实。本章没有昆虫记完整段落，后续同书资料将提供内容，当前不编昆虫行为当原题。人物身份、称誉修辞与作品证据先分层，有助科学与文学兼读。,称誉等本人古希腊诗人；法国配古希腊；文学比拟当实测；未给观察自造行为例。,CN-CUL-W59,1111—1111,21
阿西莫夫,艾萨克·阿西莫夫,美国科普作家、科幻小说家。代表作有《基地》系列、《银河帝国》系列等。,美国科普作家科幻小说家，两身份的写作任务不同：科普重说明科学知识，科幻在科学想象中组织故事；不能把小说中的设定直接当已验证科学事实。；原列基地系列和银河帝国系列，是书目系列名，不是单本每一卷统一题名；不同中文编排可能有范围包含关系，不把本章简列当确定的互斥全目录。原未列卷次、情节或科学材料，不擅加完整阅读顺序，也不编机器人规则题冒充原例。学习先核人物国别、写作类别与所给系列范围。,科幻设定当科学事实；系列等单卷；不同译版范围强定互斥；未给卷次补顺序当原材料。,CN-CUL-W60,1113—1113,21
马克·吐温,Mark Twain,美国作家。代表作有小说《汤姆·索亚历险记》《哈克贝利·费恩历险记》等。,美国作家与汤姆索亚历险记哈克贝利费恩历险记两部小说相连，两个主人公题名不是两位小说作者。中文译名可以有细微差别，确认作品时看完整人名和题名而不是只抓历险记。；历险题材表明情节组织的一种方向，不保证全书只有惊险刺激没有社会观察。原本节没有故事原文，不从熟悉版本添人物关系、年龄或结局条件作本书例题。与美国海伦凯勒阿西莫夫同国也不使作品互换，人物、体裁和题名需要独立核，再读实际叙述与讽刺等表达。,汤姆哈克作者；两历险记同书；同美国互换作品；历险只有刺激；熟悉情节添原题。,CN-CUL-W61,1115—1115,21
莫泊桑,居伊·德·莫泊桑,"法国作家,与契诃夫、欧·亨利并称“世界三大短篇小说巨匠”,代表作有《项链》《羊脂球》等。",法国作家，与俄国契诃夫、美国欧亨利称世界三大短篇小说巨匠，群称说成就领域，不表示三人同国。原项链羊脂球为莫泊桑代表作，不能按并称把作品互相移给另一人。；短篇指小说形式，不是诗歌短句；作品字数较短仍可有完整人物与情节。群体文学史评价能帮助记人，但单篇讽刺或人物性格须由实际情节证明，不能把所有短篇都套同一“结尾反转”。本章没有两作全文，不擅补题目细节或来自其他教材的情节。,三巨匠全法国；项链配契诃夫；短篇等短诗；所有短篇必反转；并称成员作品混。,CN-CUL-W62,1117—1117,21
雨果,维克多·雨果,法国作家。代表作有小说《巴黎圣母院》《悲惨世界》《九三年》等。,法国作家与巴黎圣母院悲惨世界九三年相连。九三年是作品题名，不等于雨果出生或得奖年份；数字题名和人物时间要分开。；原巴黎圣母院简介说第一部大型浪漫主义小说，限定于雨果创作，不是全世界第一部。浪漫主义关注想象与表达特点，不能缩成只写爱情；宗教批判与下层人民善良又指思想层面。本章未给具体人物段落，不能靠耳熟故事增对白、事件作原证据，先建立作者作品及评介范围，再从后续文本读内容。,法国配俄国；九三年作者生年；第一部等世界第一部；浪漫只爱情；熟悉故事冒充原材料。,CN-CUL-W63,1119—1119,21
聂鲁达,巴勃罗·聂鲁达,智利诗人。获1971年诺贝尔文学奖。主要作品有《二十首情诗和一支绝望的歌》《漫歌》等。,智利诗人与1971诺贝尔文学奖对应，二十首情诗和一支绝望的歌、漫歌为原主要作品。二十首与一支属于书名结构，不是获奖次数，更不能据长题名删成另一书名。；官方资料核查人物、国别与获奖年，本章没有具体诗歌文本，不能把官方生平或作品年表改当提供的原例题。智利地处拉美与印度、英国作者国别分别核，不因三人都获文学奖便同一国或同年。具体诗中爱情、社会情感仍需原诗，不从代表作题名定全部创作主题。,智利配印度；1971配1950；书名数字当次数；漫歌全部仅爱情；外网材料变原题。,CN-CUL-W64,1121—1121,21
高尔基,阿列克塞·马克西莫维奇·彼什科夫,"原名阿列克塞·马克西莫维奇·彼什科夫,苏联作家。主要作品有自传体小说《童年》《在人间》《我的大学》等。",原名较长，高尔基为文学常用名，不应在音译中任意省改成另一个作者。童年在人间我的大学为自传体小说，人物经历与作者有联系，但小说仍有文学组织。；自传体不是每一处对话都原始档案，也不是三部题名便证明作者在现实中按今天学校制度读大学。我的大学题名可能有生活学习意味，实际内容要据作品；本章未给详细故事，不能从现代字面补学历结论。苏联身份按原书口径保留，与俄国作家的历史时代称名需分别理解。,我的大学定具体学历；自传体每句档案；长原名随改；童年三部改三章；历史国别称谓忽时段。,CN-CUL-W65,1123—1123,21
契诃夫,安东·巴甫洛维奇·契诃夫,"俄国作家、戏剧家,文笔犀利,幽默讽刺。主要作品有小说《第六病室》《装在套子里的人》,剧本《万尼亚舅舅》《樱桃园》等。",契诃夫为俄国作家戏剧家，原第六病室装在套子里的人为小说，万尼亚舅舅樱桃园为剧本。E03把其国别写法国是明确错误，即使其他身份与作品正确也不能整项成立。；三大短篇巨匠并称与莫泊桑欧亨利相连，成员不同国别，不能由并称推同国。文笔犀利、幽默讽刺为总体评价，具体讽刺要看人物言行与情境矛盾；剧本又需关注对白舞台关系。本章无完整段落，不为说明讽刺编故事或台词。,俄法国别互换；樱桃园小说；并称推同国；前半正确抵消国别错误；幽默标签替具体矛盾。,CN-CUL-W66,1125—1125,21
莎士比亚,威廉·莎士比亚,"英国伟大的戏剧家、诗人,欧洲文艺复兴时期人文主义文学的集大成者。代表作有“四大悲剧”——《哈姆雷特》《奥赛罗》《李尔王》《麦克白》等。",英国戏剧家诗人与欧洲文艺复兴人文主义文学相连，四大悲剧为哈姆雷特奥赛罗李尔王麦克白，四指作品组数，不是作者四人或所有剧仅四部。；悲剧体裁不能简化成每场都有人哭，作品的冲突与结局组织需正文证据；诗人身份也不表示四大悲剧都改为普通抒情诗。原本节只列名称，没有人物关系或情节原题，不从流传名句补对白当本书证据。常识题核国别、时代、体裁与完整作品组，具体人文主义表现则要由所读场景说明。,四大等全部只四部；悲剧每场哭；四作品四作者；英国法国混；背名句补原材料。,CN-CUL-W67,1127—1127,21
弗朗西斯·培根,培根,英国哲学家、作家。主要作品有《随笔》《新工具论》等。,英国哲学家作家与随笔新工具论相连，培根在人名语境中是音译姓氏，不能用食品词义理解；同为英国与罗素莎士比亚不使作品互换。；新工具论的工具关联认识方法讨论，不是生活器械说明书；随笔是作品名称与写作形式相关词，也不代表每篇都可随意无论证。原没有列具体篇章论点，不能从熟悉的谈读书格言添一句当本书原例。人物专业、著作性质、文章论证各层先分清，再读原段建立观点与理由。,培根食品义；新工具论器械手册；同英国互配著作；随笔等无依据随说；记忆格言冒充原例。,CN-CUL-W68,1129—1129,21
