并称,成员,分类依据与边界,章节内来源编号,来源定位
屈宋,屈原；宋玉,楚辞成就，不按名字首字推全部作品共同作者,CN-CUL-C25,101-150/full.md第1185—1267行；实际PDF第23页
两司马,司马相如；司马迁,西汉文章成就；司马光不在此组,CN-CUL-C25,101-150/full.md第1185—1267行；实际PDF第23页
班张,班固；张衡,东汉大赋代表，两都赋与二京赋分别对应,CN-CUL-C25,101-150/full.md第1185—1267行；实际PDF第23页
建安七子,孔融；陈琳；王粲；徐干；阮瑀；应玚；刘桢,汉末建安文学群体，三曹不在七子名单,CN-CUL-C25,101-150/full.md第1185—1267行；实际PDF第23页
竹林七贤,嵇康；阮籍；山涛；向秀；刘伶；王戎；阮咸,魏晋人物群体，阮籍与阮咸是两人,CN-CUL-C25,101-150/full.md第1185—1267行；实际PDF第23页
陶谢,陶渊明；谢灵运,晋宋诗人；田园与山水各有侧重，不能全同风格,CN-CUL-C25,101-150/full.md第1185—1267行；实际PDF第23页
初唐四杰,王勃；杨炯；卢照邻；骆宾王,初唐文学家，李白杜甫不在此组,CN-CUL-C25,101-150/full.md第1185—1267行；实际PDF第23页
王孟,王维；孟浩然,唐山水田园代表，不排除其他题材,CN-CUL-C25,101-150/full.md第1185—1267行；实际PDF第23页
高岑,高适；岑参,唐边塞诗人，不把两人作品互归,CN-CUL-C25,101-150/full.md第1185—1267行；实际PDF第23页
刘柳,刘禹锡；柳宗元,唐文学家及历史经历联系，不是韩柳,CN-CUL-C25,101-150/full.md第1185—1267行；实际PDF第23页
元白,元稹；白居易,唐诗人交谊与新乐府倡导，元是姓而非元代,CN-CUL-C25,101-150/full.md第1185—1267行；实际PDF第23页
温李,温庭筠；李商隐,晚唐诗人成就，不与李白配诗仙称誉,CN-CUL-C25,101-150/full.md第1185—1267行；实际PDF第23页
三苏,苏洵；苏轼；苏辙,北宋父子三人，不是苏轼三个字号,CN-CUL-C25,101-150/full.md第1185—1267行；实际PDF第23页
苏辛,苏轼；辛弃疾,豪放词代表，时代北宋南宋不同,CN-CUL-C25,101-150/full.md第1185—1267行；实际PDF第23页
济南二安,李清照；辛弃疾,同济南籍相关称呼，易安为号幼安为字,CN-CUL-C25,101-150/full.md第1185—1267行；实际PDF第23页
晏欧,晏殊；欧阳修,北宋词人成就；原受冯延巳浸染中的巳已按原页恢复,CN-CUL-C25,101-150/full.md第1185—1267行；实际PDF第23页
苏门四学士,黄庭坚；秦观；晁补之；张耒,北宋文学交往师门关系，不是苏轼四子,CN-CUL-C25,101-150/full.md第1185—1267行；实际PDF第23页
元曲四大家,关汉卿；郑光祖；马致远；白朴,元曲代表，张养浩不在这一固定名单,CN-CUL-C25,101-150/full.md第1185—1267行；实际PDF第23页
唐宋八大家,韩愈；柳宗元；欧阳修；苏洵；苏轼；苏辙；王安石；曾巩,唐两宋六散文家，不能等同八大诗人,CN-CUL-C25,101-150/full.md第1185—1267行；实际PDF第23页
