文种,原范文及要求,来源编号,分册,原文行号,实际PDF页码
一般书信与信封,"1.一般书信:指私人往来的信件,由称呼、正文、结尾、落款组成。①

给妈妈的一封信

亲爱的妈妈：

您好！今天给您写信，是想告诉您，您不仅是我的妈妈，更是我人生中最重要的老师。

每次考试前,您都对我说:“尽力就好,成绩不是全部。”这句话让我放下压力,学会用平常心面对挑战。我和班里同学闹矛盾时,您教我换位思考,这让我和同学们相处得越来越融洽。见到环卫工人,您总是主动问好,这让我明白尊重不分职业。这些点点滴滴,都在我心里种下了善良的种子。

妈妈,谢谢您用言传身教伴我成长。未来,我会努力成为让您骄傲的人!

祝您

身体健康,天天开心!

爱您的女儿:雯雯

xx年xx月xx日

写信人姓名前可以写上与收信

人的关系，如“儿”“父”“你

的朋友”等

称呼:第二行顶格,后用冒号。如何称呼,由写信人和收信人的关系决定,有时候为了表示尊敬或关系亲密等,还可以在称呼前面加上“尊敬的”“敬爱的”或“亲爱的”等字样。

正文:信的主要部分。正文前可以有问候语,问候语要空两格写,可以与后文连在一起,也可以自成一段。如果问候语自成一段,正文就要另起一行空两格开始写,转行顶格。

正文可根据需要分段。每段开头都要空两格。

结尾:写祝颂语。“祝”“此致”等词语可紧接正文之后写,也可独占一行空两格写。“健康”“敬礼”等用语要另起一行,顶格写。

落款:写信人姓名写在祝颂语右下方;日期写在署名下一行的右侧。

① 知识拓展

信封写法

1. 写清收信人的邮政编码、详细地址及称呼。收信人的称呼位置居中。注意称呼是邮递员对收信人的称呼，不宜写“父亲大人”“姐姐”等。  

2. 写清发信人的详细地址及邮政编码。",CN-APP-C01,301-350,2087—2126,45
介绍信,"2.介绍信:派遣人员去其他单位联系工作、洽谈事务、参加会议、了解情况时所使用的信件,对派遣人员起介绍和证明的作用。需注意:介绍信旨在让收信单位或个人了解被介绍人的具体情况,所以介绍的事项务必具体;介绍信一般有指定的有效期,过期无效;填空式介绍信需按要求逐一填写。

**原范文（表格转排）**

介绍信

东方市污水处理厂:现介绍我校初二(8)班刘洋等六位同学前往贵厂调查了解城市污水处理的有关情况,请予关照。

此致



敬礼



东方市第一中学(盖章)

××年××月××日

**原格式说明**



**标题**：第一行正中写“介绍信”三个字。

**称呼**：第二行顶格写联系单位的名称或个人姓名,后加冒号。

**正文**：第三行空两格写起。如实书写受遣人员的姓名和基本情况,并用简明的语言写明接洽事项和对接洽单位的要求等。

**致敬语**：与一般书信致敬语写法相同。

**落款**：正文右下方分别写介绍单位的名称(或个人姓名)和日期,介绍单位要加盖公章。",CN-APP-C02,301-350,2128—2130,46
感谢信,"② 技巧点拨

感谢信写作注意事项

1. 以说明具体事实为主, 切勿不着边际地大发议论。  

2.要充分考虑感谢对象的年龄、身份、性别等,以便恰到好处地表达谢意。  

3.语言要精练,遣词造句要把握好尺度。

③ 知识拓展

感谢信递传方式

感谢信可以直接寄给对方或对方所在单位,也可以张贴在对方单位内或所在地的公共场所,还可以通过报纸、广播电台、电视台刊登或播映。

3. 感谢信: 对某个单位或个人的关怀、支援、帮助表示感谢的信。这里需注意区分感谢信和表扬信。表扬信是用来表彰赞扬单位、集体或个人先进事迹、先进思想的书信, 重在表扬。而感谢信有感谢和表扬双重作用,既要表达出真切的谢意,又要起到表扬先进、弘扬正气的作用。②③

**原范文（表格转排）**

感谢信

亲爱的叔叔、阿姨:你们好!我们学校地处偏远山区,我们的父母大多外出打工,作为留守儿童,我们渴望得到关爱。你们长途跋涉,不远万里来到我们学校,看望我们这些山区的孩子,我们每个人心中的感动都是无以言表的。当拿到你们带来的学习用品时,我们感到无比幸福。每一件物品都饱含着你们对我们深切的关爱!我们衷心感谢你们,决不辜负你们的爱心,一定更加努力地学习,用知识充实头脑,用智慧改变命运,长大后为振兴家乡、振兴中华贡献自己的力量!

此致



敬礼



xx希望小学全体同学

xx年xx月xx日

**原格式说明**



**标题**：第一行正中写“感谢信”三个字。

**称呼**：第二行顶格写对方的单位名称或个人姓名,姓名后面可以加适当的称呼,如“师傅”“先生”等,后加冒号。如果感谢对象比较多,可以把感谢对象放在正文中。

**正文**：第三行空两格起写正文。要写清楚对方在什么时间、什么地点,出于什么原因,做了什么好事,对自己或单位有什么支持和帮助,所做的事有什么好的结果和影响,等等。还要写清楚事情表现了对方的哪些美好品德。最后表明自己或所在单位向对方学习的态度和决心。

**结束语**：致敬语。可另起一行空两格写上“此致”,再另起一行顶格写“敬礼”。

**落款**：结束语右下方写上发信单位名称或者个人姓名,再另起一行居右写上发信的日期。",CN-APP-C03,301-350,2132—2148,46
申请书,"4. 申请书: 个人或单位向有关部门、组织、团体提出某种要求或申请解决某个问题而使用的专用信件。④

**原范文（表格转排）**

入团申请书

敬爱的团组织:我志愿加入中国共产主义青年团。通过对团章的学习以及老师的帮助和教育,我懂得了中国共产主义青年团是中国共产党领导的先进青年的群团组织,是广大青年在实践中学习中国特色社会主义和共产主义的学校,是中国共产党的助手和后备军。作为一名21世纪的青年,我首先要树立共产主义的远大理想......如果我的入团申请被批准,在今后的学习中,我一定更严格地要求自己......提高自己的思想觉悟。请团组织考验我。

此致



敬礼



申请人:

×××××年××月××日

**原格式说明**



**标题**：第一行居中。

**称呼**：第二行顶格写接受申请的单位或个人名称,后加冒号。

**正文**：第三行空两格写起。内容主要包括三部分:一是申请什么,二是为什么提出申请,三是申请单位或个人的态度(或决心、愿望等)。要把申请的事项、理由写清楚,使对方了解申请者的基本情况和意愿、要求等

**结尾**：正文后,写上“请××考验我”或“请××批准”;可另起一行空两格写上“此致”,换行顶格写“敬礼”。

**落款**：在结尾右下方分两行写申请单位名称(或个人姓名)和申请日期。",CN-APP-C04,301-350,2150—2152,47
倡议书,"倡议书可张贴在公共场所,可刊登在报纸上,还可通过电台广播,以求得响应

5.倡议书:集体或个人公开提出某种建议的专用书信。提出倡议的目的是发动群众,动员社会力量,共同完成某项任务,形成某种风尚。⑤

**原范文（表格转排）**

倡议书

亲爱的同学们:干净整洁的校园,能使人心情舒畅。学校是我们共同的家园,我们应珍惜它,爱护它。为了增强全体同学爱护公物的意识,培养同学们爱护公物的良好习惯,现面向全体同学发出如下倡议:不在墙壁、门窗和桌凳上乱涂乱画,不在门厅走廊、楼道及室内踢球、打球。......发现身边的同学破坏公物要及时提醒并劝阻,弘扬勇于抵制不良行为的新风尚。爱护公物,人人有责。从我做起,从现在做起,从身边小事做起。

×××中学政教处

××年××月××日

**原格式说明**



**标题**：第一行居中。

**称呼**：第二行顶格写倡议对象的名称,后加冒号。

**正文**：第三行空两格起写,要写清提出倡议的原因和目的、倡议的内容和要求。

**结语**：要表示倡议者的决心和希望。

**落款**：在结语右下方分两行写发出倡议的单位名称(或个人姓名)和日期。

4 知识拓展

申请书种类

申请书种类很多,如入党(团)申请书、困难补助申请书、入会申请书、参军申请书、开业申请书、入学申请书等。

5 知识拓展

倡议书的特点

1. 公开性。倡议书是一种公开的书信，以期在最大范围内引起共鸣。  

2.群众性。倡议书面向的是群体,对一个部门、一个地区的所有人发出,甚至是向全国人民发出。  

3. 不确定性。倡议书的响应对象和影响范围是不确定的。",CN-APP-C05,301-350,2154—2172,47
演讲稿,"6 知识助学

演讲稿写作要求

1. 演讲稿要根据听众的文化层次、工作性质等选择合适的表达方式，以便更好地沟通。  

2.演讲稿的要求:上口、入耳。上口就是讲起来通达流利;入耳就是听起来顺畅,没有语言障碍,不会使人误解。

7 知识拓展

邀请函的特点

1.礼貌性。邀请函用语礼貌、得体，表露的态度诚恳。   

2. 简洁性。邀请函语言简洁明了, 文字不会太多、太深奥。  

3. 广泛性。邀请函的适用范围十分广泛。

6.演讲稿:演讲也称演说,是在各类集会场合口头介绍或阐述人生经验、思想感情、政治观点等,带有宣传鼓动性的社交活动。演讲稿就是为演说准备的文字底稿,是宣传教育工作中经常用的一种应用文体。⑥ 演讲未必都使用演讲稿,不少著名演讲都是即兴之作

让我们自立

同学们：

大家好！今天我演讲的题目是《让我们自立》。有一位著名作家称，当今的青少年患有一种病，这种病叫作“四二一综合征”。“四二一综合征”就是所谓的“四个祖辈、两个长辈，围着一个小太阳转”。

. . . . . . . . . . . . . . .

同学们,想像雄鹰一般展翅高飞,首先得具备觅食的本领。有了本领,你才能飞得更高、更远。让我们努力学会自立吧——为了自己将来能成为社会中有用的一员,为了不辜负父母的养育之恩,也为了国家之繁荣昌盛。

谢谢大家！

标题:标题没有固定格式,但必须醒目,有吸引力和感染力。

正文:由开头、主体和结尾组成。

(1)开头主要写称呼语和开篇。称呼语是称呼听众的,如“同志们”“各位听众”“各位女士、先生”等;开篇有提挈全文或者导入主体的作用。开头应精彩,有吸引力。  

(2)主体主要写演讲的基本内容，应观点鲜明、层次清晰、感情充沛，有较强的艺术感染力和逻辑说服力。  

(3) 结尾可写小结, 亦可写希望, 要简短有力、耐人回味, 能引起听众的联想和思索。最后一般要致谢。",CN-APP-C06,301-350,2174—2209,48
邀请函,"7.邀请函:邀请好友或专家等参加某项活动时所发的约请性书信。

邀请函

尊敬的张教授：

我校将于5月4日下午2点,在学校阶梯教室举行“传承经典文化,做有涵养的中学生”报告会。我们诚挚邀请您就“如何传承经典文化”发表高见,望不吝赐教。期待您的光临。

xx学校团委会

xx年xx月xx日

标题:第一行居中。

称呼:第二行顶格写被邀请人的称呼,一般在称呼前加敬语,如“尊敬的××先生”,后加冒号。

正文:另起一行空两格,要写清楚活动的名称、内容及邀请对方参加活动的时间、地点等,有时还需写明注意事项。

落款:分两行写在正文右下方,上边一行署名,下边一行写日期。",CN-APP-C07,301-350,2211—2229,48
请假条,"8.请假条:请求准假不参加某项活动的文书。

请假条

王老师：

我因患急性肠炎需到医院就诊,不能到学校上课,特请您准假一天。

学生李明

5月12日

标题:第一行居中。

称呼:说明向谁请假,在第二行顶格写。

正文: 空两格开始写正文, 要写清楚请假事由、请假时间等。

落款:在正文右下方写请假人的姓名,另行居右写书写请假的日期。",CN-APP-C08,301-350,2231—2249,48
启事,"9.启事:单位或个人需要公开说明或者请求协助办理某一事项而使用的告知性应用文,大都张贴在公共场所或在报纸、杂志、广播、电视上发布。⑧ 注意不要写成“启示”

征稿启事

为丰富校刊《中学时代》的内容，特征求下列稿件：园丁颂歌、班级新事、学习心得、读书笔记、思想火花和文艺创作等。

来稿要求: 观点鲜明, 语言简洁生动, 字迹清晰, 篇幅以不超过千字为宜。请写明真实姓名和所在班级。投稿截止时间为××月××日。

稿件请送至本刊编辑部。

《中学时代》编辑部

××年××月××日

标题:第一行居中,反映启事的主要内容与性质,可以拟题为《××启事》。

正文:在标题下一行空两格写,文字要通俗简明,使人一目了然。

落款:在正文右下方写发启事的单位名称或个人姓名,另行居右写发启事的时间。",CN-APP-C09,301-350,2251—2268,49
通知,"10.通知:一般性通知是指上级对下级或部门对群众所发的告知性文件,其内容主要是下级或群众需要知道和办理的事情。

通知

各位同学：

兹定于5月13日(星期二)下午3时,在学校报告厅举行“读古诗”专项知识竞答活动。请各位报名参赛的同学准时参加。

校学生会

2025年5月6日

标题:第一行居中写,可直接写“通知”,也可写“××通知”等。

称呼:第二行顶格写被通知者的名称。

正文: 空两格, 写清楚所要通知的具体内容。

文字要简洁

落款:在正文右下方写发通知的单位名称,通知时间写在单位名称的下一行,靠右写。",CN-APP-C10,301-350,2270—2289,49
总结及启事补充,"11.总结:对以往实践活动的一次总的检查、分析和评价。⑨⑩

办报总结

一年来,我班小报组取得了一定的成绩,也总结出了一些经验。归纳起来有以下几点:

一、构思精当……

二、图文并茂……

三、出刊定期……

由于我们办报时间短、经验少，小报中还存在一些不足之处。比如，排版上，有时因时间仓促，字体、字号等没有统一；插图上，因艺术修养不足，有时会略显单调。以上不足，我们会在今后努力解决。

班报编委会

××年××月××日

标题: 可写明总结的单位、性质及其所涉及的期限。

正文:包括基本情况、取得的成绩、应汲取的教训、存在的问题和今后努力的方向。

落款: 在正文右下方写姓名(单位)和日期。

8 技巧点拨

常见启事正文写作要点

寻物启事要简明、准确地介绍丢失物品的名称、数量、特征以及丢失人的联系方式等；招领启事应尽量把需招领之物写得简略，以防冒领；寻人启事不仅要说明所寻之人的特征，还要附上所寻之人的相片；征稿启事要写清征稿内容、来稿要求、投稿地点、投稿截止时间等。

9 知识拓展

总结分类

常见的有单位总结、个人总结，专题性总结、综合性总结，工作总结、学习总结，等等。

10 知识拓展

总结特点

1. 客观性。总结是对过去的回顾和评价, 因而是尊重客观事实, 以事实为依据的。  

2.典型性。总结中的经验教训是本质的、突出的、有规律的。  

3. 指导性。总结中的经验教训对未来有指导意义。",CN-APP-C11,301-350,2291—2332,49
