条目,原定义与示例,来源编号,分册,原文行号,实际PDF页码
事实论据,"事实论据；包括现实事例、历史事实、统计数据资料等。事实论据所用的事例可以是具体的,也可以是概括的,但必须确凿可靠,有代表性。与观点要统一；《应有格物致知精神》以王阳明院中静坐,面竹而思的故事作为事实论据,将叙述重点放在王阳明“格竹”的过程与失败的结果上,支撑“传统教育不重视真正的格物致知”这一观点。",CN-ARG-C03R1,301-350,1724—1728,35
道理论据,"道理论据；包括经典著作、权威言论,以及自然科学的原理、定律、公式等。道理论据可以直接引用,也可以间接引用。；《山水画的意境》引用大量诗词名句作为道理论据,并将这些论据与论证过程相结合,既有较强的说服力,又使得文字典雅,富于知识性。",CN-ARG-C03R2,301-350,1724—1728,35
举例论证3,"举例论证3；列举事例来论证论点的方法。又叫“例证法”“摆事实”；《敬业与乐业》用“当大总统”和“拉黄包车”的例子,深入浅出而又有力地论证了“凡职业没有不是神圣的,所以凡职业没有不是可敬的”的观点。",CN-ARG-C06R1,301-350,1760—1764,36
道理论证,"道理论证；用名言警句、经典著作中的精辟见解、公认的定理公式等来证明论点的方法。；《怀疑与学问》引用孟子的名言“尽信书则不如无书”,论证“做学问要有怀疑精神,不要随便盲从或迷信”的观点。",CN-ARG-C06R2,301-350,1760—1764,36
对比论证,"对比论证；用正反两方面的论点或论据进行对比,在对比中证明论点的方法。；《纪念白求恩》将白求恩同志对工作极端负责、对同志对人民满腔热忱的态度和“不少的人”对工作不负责任、对同志对人民漠不关心的态度进行对比,突出了白求恩精神的可贵,说明了学习白求恩精神的重要性。",CN-ARG-C06R3,301-350,1760—1764,36
比喻论证,"比喻论证；以人们熟知的事例为喻进行论证的方法。又叫“喻证法”；《谈读书》中,“书经提炼犹如水经蒸馏,味同嚼蜡矣”运用比喻论证,生动地阐明了“好书经提炼后就容易丧失大量精华,读者所能获取的知识、信息就会变少”的观点,形象易懂。",CN-ARG-C06R4,301-350,1760—1764,36
议论文结构形式,"议论文结构形式；并列式结构；段落之间是并列关系。通常在开头直接交代中心论点,然后围绕中心论点排列几个议论段落,一段一个分论点,形成并列式结构。(如《精神的三间小屋》)",CN-ARG-C07R1,301-350,1766—1770,36
议论文结构形式,"议论文结构形式；总分式结构；论证的层次间是总论和分论的关系,或先总后分(如《怀疑与学问》),或先分后总(如《谈创造性思维》),或“总—分—总”(如《敬业与乐业》)。",CN-ARG-C07R2,301-350,1766—1770,36
议论文结构形式,"议论文结构形式；对照式结构；文章主体由两个部分构成,这两个部分构成正反对比,或转折补充,或辩证分析,论证严密全面。(如《论教养》)",CN-ARG-C07R3,301-350,1766—1770,36
