条目,原定义作用及示例,来源编号,分册,原文行号,实际PDF页码
顺叙,"顺叙；按事情发展的先后顺序来写,包括时间、空间和事件的先后变化。；《藤野先生》中,作者从在东京的生活写起,再写到仙台后的经历,最后写离开仙台的感受。这是按照时间和地点变换的顺序来写。；使叙述有始有终;使文章脉络清晰,层次分明。",CN-NARR-C03R1,301-350,1057—1071,12
倒叙,"倒叙；先写结果,或把事件发展过程中的某个片段提到前面来写,再顺叙整件事情。；《背影》中,作者先是直接写自己最不能忘记父亲的背影,激发读者的阅读兴趣,接下来按时间顺序写自己回家奔丧和父亲送自己坐火车的事情,引出对父亲背影的叙写。；开篇点题;设置悬念,激发阅读兴趣;使行文结构紧凑;避免平铺直叙。",CN-NARR-C03R2,301-350,1057—1071,12
插叙4,"插叙4；叙述(顺叙)暂时中断,插入另一件相关的事情。；《从百草园到三味书屋》一文,插叙了“美女蛇”的民间故事,增添了百草园的奇异色彩,丰富了“我”少年时期的生活趣味。；推动情节发展,为下文埋伏笔;避免平铺直叙;丰富内容;突出主题;使故事情节完整。",CN-NARR-C03R3,301-350,1057—1071,12
补叙也叫追叙,"补叙也叫追叙；叙述(顺叙)结束后补充交代与主要情节相关的内容。；《智取生辰纲》一文,讲述了吴用一行人夺取生辰纲的故事,文章最后一段是对这件事的补充交代。；使文章更加严谨;丰富人物形象;突出中心。",CN-NARR-C03R4,301-350,1057—1071,12
第一人称如“我”,"第一人称如“我”；以“我”的口吻或角度展开叙述,“我”有时是作者本人,有时是经过艺术加工的作品主人公。；《社戏》采用第一人称叙事,给人以真实可信之感。；便于作者直接表达自己的思想感情;使叙述亲切自然;使文章抒发的情感更加真实可感;“我”作为线索人物,串联起故事情节。",CN-NARR-C04R1,301-350,1073—1075,12
第二人称如“你”,"第二人称如“你”；多用在抒情性很强的文章里,往往与其他人称综合使用。；《雨的四季》通过第二人称“你”来描写雨,仿佛在与雨进行面对面的交流。；富有亲切感,拉近文章与读者之间的距离;使情感表达更强烈,更有感染力;若对象为物,则具有拟人化作用。",CN-NARR-C04R2,301-350,1073—1075,12
第三人称5如“他”“她”“它”,"第三人称5如“他”“她”“它”；作者以旁观者的身份、第三方的口吻叙述文章中的人物、事件、场景等。；《孤独之旅》采用第三人称讲述故事,作者以旁观者的身份进行表达,自由灵活。；不受时间和空间的限制,能够自由灵活地反映客观内容;能从多方面、多角度自由表现生活。",CN-NARR-C04R3,301-350,1073—1075,12
人物描写,"人物描写；外貌描写；对人物容貌、体态、服饰等进行描写。；突出人物性格,揭示人物身份、社会地位等。",CN-NARR-C05R1,301-350,1077—1091,13
人物描写,"人物描写；神态描写；对人物面部表情进行描写。自言自语；展现人物心理变化,突出人物个性,使人物形象更加立体。",CN-NARR-C05R2,301-350,1077—1091,13
人物描写,"人物描写；语言描写；对人物个性化的独白或对话进行描写。与别人交谈；表现人物性格特点,使人物形象丰满、鲜活。",CN-NARR-C05R3,301-350,1077—1091,13
人物描写,"人物描写；动作描写；对人物个性化的动作进行描写。；表现人物的性格、品质、身份、状态等,推动故事情节的发展。",CN-NARR-C05R4,301-350,1077—1091,13
人物描写,"人物描写；心理描写；对人物内心活动进行描写。；展现人物的思想感情,反映人物性格,揭示人物的内心世界。",CN-NARR-C05R5,301-350,1077—1091,13
环境描写7,"环境描写7；自然环境描写；对自然界景物及人物活动的地点、气候等的描写。；交代故事发生的时间、地点,营造气氛;烘托人物心情,衬托人物形象,表现人物性格;为下文做铺垫,推动情节发展。",CN-NARR-C05R6,301-350,1077—1091,13
环境描写7,环境描写7；社会环境描写；对社会背景、时代氛围、地域风情等的描写。；交代人物的生存环境、时代背景;交代人物的社会关系;为人物性格描写做铺垫;深化主旨。,CN-NARR-C05R7,301-350,1077—1091,13
正面描写(直接描写),"正面描写(直接描写)；用生动形象的语言,把人物或景物的状态直接具体地描绘出来。；表现人物特点(性格、心理、情感等),突出文章主题。",CN-NARR-C05R8,301-350,1077—1091,13
侧面描写(间接描写),"侧面描写(间接描写)；通过对周围人物或环境的描绘来表现所要描写的对象,使其鲜明突出。；衬托主要人物的性格或品质,使主题更加深刻。",CN-NARR-C05R9,301-350,1077—1091,13
比喻,"比喻；《列夫·托尔斯泰》中“这道目光就像一把锃亮的钢刀刺了过来,又稳又准,击中要害”,把托尔斯泰的目光比作“锃亮的钢刀”,生动形象地写出托尔斯泰目光的敏锐、犀利。",CN-NARR-C07R1,301-350,1107—1127,14
拟人,"拟人；《济南的冬天》中“山坡上卧着些小村庄,小村庄的房顶上卧着点儿雪”,用“卧”字赋予“小村庄”“雪”以人的动作和情态,生动传神地写出了小村庄和雪的娇美姿态,烘托出一种恬静安逸的氛围。",CN-NARR-C07R2,301-350,1107—1127,14
夸张,"夸张；《老山界》中“从山脚向上望,只见火把排成许多‘之’字形,一直连到天上,跟星光接起来,分不出是火把还是星星”运用夸张的修辞手法,表现了长征行军途中战士们夜间手持火把翻越大山时的壮观景象,突出了火把之多、队伍之众。",CN-NARR-C07R3,301-350,1107—1127,14
排比,"排比；《土地的誓言》中“在那田垄里埋葬过我的欢笑,在那稻棵上我捉过蚱蜢,在那沉重的镐头上有我的手印”运用排比,造成连贯的、逐渐增强的气势,作者对故乡的眷恋之情也在排比中不断加深。",CN-NARR-C07R4,301-350,1107—1127,14
反复9,"反复9；《紫藤萝瀑布》中“‘我在开花!’它们在笑”“‘我在开花!’它们嚷嚷”运用反复的修辞手法表现出花的生机与活力,突出“我”对花的喜爱之情。",CN-NARR-C07R5,301-350,1107—1127,14
反问,"反问；《白杨礼赞》中“难道你就觉得它只是树?难道你就不想到它的朴质,严肃,坚强不屈,至少也象征了北方的农民?......用血写出新中国历史的那种精神和意志?”运用反问的修辞手法,突出赞美白杨树的原因,点明主题,使语气、情感更强烈。",CN-NARR-C07R6,301-350,1107—1127,14
设问,"设问；《谁是最可爱的人》中“谁是我们最可爱的人呢?我们的战士,我感到他们是最可爱的人”运用设问的修辞手法突出文章主题。",CN-NARR-C07R7,301-350,1107—1127,14
一般用在文章开头或中间悬念,"一般用在文章开头或中间悬念；就文章内容或人物的反常情况等设置疑团,又不立即予以解答,到一定阶段或结束后才揭开谜底。；激发读者阅读兴趣,使文章情节跌宕起伏,推动情节发展,丰富主题。；《我的叔叔于勒》中“父亲的弟弟于勒叔叔,那时候是全家唯一的希望,在这以前则是全家的恐怖”,这句话为故事情节的发展设置了悬念。",CN-NARR-C08R1,301-350,1129—1145,14、15
衬托10,"衬托10；不直接对主要人物或主要事物进行描写,而是对其背景、与之相关的人物或事物加以描绘,使其形象突出。；突出主要人物的性格或主要事物的特点,增强文章的表现力。；《济南的冬天》中“天儿越晴,水藻越绿......况且那长枝的垂柳还要在水里照个影儿呢”运用衬托的表现手法,用水藻的“绿”和柳影衬托出水的澄清。",CN-NARR-C08R2,301-350,1129—1145,14、15
对比11,"对比11；把对立的两种事物或同一事物的两个方面放在一起比较。；使描写对象的形象更加鲜明,使读者感受更强烈。“文似看山不喜平”；《范进中举》中,范进中举前后,胡屠户对他的态度截然不同,形成强烈的对比,增强了文章的讽刺效果。",CN-NARR-C08R3,301-350,1129—1145,14、15
抑扬,"抑扬；有欲扬先抑和欲抑先扬两种形式。其中,所“欲”是目的,“先x”是手段,主从关系明确,不可等同,更不能颠倒。；反映作者的情感起伏,使情节曲折有致;前后鲜明的对比使所塑造的形象更丰满;形成讽刺效果,强化文章的批判意味;深化文章主旨。；《阿长与〈山海经〉》的前面以大量笔墨写“我”如何厌烦阿长,算“抑”;后面着重写“我”对阿长的敬意,是“扬”。文章采用先抑后扬的写法,不仅使阿长的形象更加生动、鲜明,而且使“我”对阿长的感激和怀念之情更显强烈。",CN-NARR-C08R4,301-350,1129—1145,14、15
虚实结合,"虚实结合；把抽象的叙说与具体的描写结合起来,或者是把对眼前现实生活的描写与回忆、想象结合起来。；丰富文章内涵,增强情感表达,避免平铺直叙,丰富人物形象。；朱自清的《春》在描写果树之花时,实写花朵争奇斗艳的景象,虚写想象中香甜的果实,虚实结合,生动地表现了春天的生机勃勃。",CN-NARR-C08R5,301-350,1129—1145,14、15
借景抒情(寓情于景),"借景抒情(寓情于景)；通过对景物的描写或环境的渲染来抒发作者或作品中人物的思想感情。；使情和景相互交融,相互依托,使文章有较强的感染力。；《春》中通过对春天景色的描写,表达了作者对春天的热爱和赞美之情。",CN-NARR-C08R6,301-350,1129—1145,14、15
动静相衬,"动静相衬；以动衬静,以静衬动,相互衬托,相得益彰。；凸显画面的动感或静态,增强感染力;凸显语言表达的艺术性和独特性;突出人物或作者的心境和情绪。；《从百草园到三味书屋》对百草园的环境描写中,静态的景物有菜畦、石井栏、皂荚树等,动态的景物有叫天子(云雀)、蟋蟀等,动静结合,静中有动,画面既有序又活泼。",CN-NARR-C08R7,301-350,1129—1145,14、15
铺垫,"铺垫；在主要人物、事件高潮出现之前,对环境、情绪、气氛等进行铺陈描述。；交代故事背景,加强故事情节之间的联系,使情节更具合理性。；《孔乙己》中通过对自然环境和“我”的穿着的描写,暗示当时天气很冷,为下文写孔乙己的悲惨遭遇做铺垫。",CN-NARR-C08R8,301-350,1129—1145,14、15
伏笔12,"伏笔12；对下文将要出现的人物或事件预先做的某种提示或暗示。；使下文人或事的出现自然而不突兀,使文章内容前后照应。；《猫》中“那只花白猫对于这一对黄鸟,似乎也特别注意,常常跳在桌上,对鸟笼凝望着”为下文写“我们”冤枉这只花白猫埋下伏笔。",CN-NARR-C08R9,301-350,1129—1145,14、15
照应,"照应；指后文与前文伏笔、开头或题目相照应。；对前文内容进行补充或加深,使结构严谨,中心突出。；《紫藤萝瀑布》首段的“我不由得停住了脚步”与结尾段“我不觉加快了脚步”相照应,使文章情节完整。",CN-NARR-C09R1,301-350,1147—1156,16
象征托意于物,"象征托意于物；借用某种具体的事物表现某种特殊意义,使读者产生联想,从而领悟作品内涵。；使抽象的思想、概念形象化,使思想感情表达得含蓄、耐人寻味。；《白杨礼赞》中用白杨树象征北方的抗日军民及中华民族的精神和意志。",CN-NARR-C09R2,301-350,1147—1156,16
托物言志13,"托物言志13；作者在对事物进行描绘的过程中,巧妙地寄托个人的情感或志向。；使文章富有哲理性,使读者在阅读时获得独特的审美感受。；《紫藤萝瀑布》借藤萝花开得热烈、繁盛表现“生命的长河是无止境的”这一主题。",CN-NARR-C09R3,301-350,1147—1156,16
以小见大,"以小见大；用平凡细微的事情反映重大的主题,或用一小部分表现整体。；生动而具体地表现主题,使描写更具震撼力。；《散步》选取生活中极普通的事情——散步,来表现三代人之间深沉的爱,突出了中华民族尊老爱幼的传统美德。",CN-NARR-C09R4,301-350,1147—1156,16
按作品内容的表达方式分,"按作品内容的表达方式分；抒情诗；通过抒发作者的思想感情,袒露作者的内心世界,来简洁地反映社会生活。有直接抒情和间接抒情之分。如林徽因的《你是人间的四月天——一句爱的赞颂》。",CN-NARR-C13R1,301-350,1236—1277,18
按作品语言的音韵格律和结构形式分,"按作品语言的音韵格律和结构形式分；自由诗；采用白话口语,不受格律限制,没有固定格式,自由成章,只要分行,押大致的韵即可。如郭沫若的《天上的街市》。",CN-NARR-C13R2,301-350,1236—1277,18
按作品语言的音韵格律和结构形式分,"按作品语言的音韵格律和结构形式分；散文诗；兼有散文和诗的特点,是一种散文化的诗歌。它遵循语言的自然节奏,没有固定程式,不分行排列,分节全凭自然。如高尔基的《海燕》。",CN-NARR-C13R3,301-350,1236—1277,18
