条目,原定义作用示例,来源编号,分册,原文行号,实际PDF页码
按说明对象分,"按说明对象分；事物说明文；以具体事物为说明对象,客观准确地介绍具体事物的形状、构造、性质、特点、用途等。；《中国石拱桥》介绍了中国石拱桥形式优美、结构坚固、历史悠久等特点。",CN-EXPO-C01R1,301-350,1470—1480,27
按说明对象分,"按说明对象分；事理说明文；以事理为说明对象,侧重介绍事理的成因、原理、规律等。；《被压扁的沙子》阐释了恐龙灭绝的原因。",CN-EXPO-C01R2,301-350,1470—1480,27
按语言风格分,"按语言风格分；平实说明文又称一般性说明文；以平实的笔法,客观准确、直截了当地说明所写对象,语言质朴、简洁。一般是以解释科学原理,说明制作过程、步骤或介绍建筑物等为主的文章。；《中国石拱桥》语言平实简洁,科学性、知识性很强。",CN-EXPO-C01R3,301-350,1470—1480,27
按语言风格分,"按语言风格分；生动说明文又称文艺；常以文艺的笔调和丰富的手法来说明事物,使文章语言具有生动性和形象性,易于激发读者的阅读兴趣。1；《梦回繁华》中作者大量运用四字短语,使文章语言典雅而有韵味,颇具文学色彩。",CN-EXPO-C01R4,301-350,1470—1480,27
人物类,人物类；年龄、籍贯、经历、性格、品质、特长等。,CN-EXPO-C02R1,301-350,1482—1498,27、28
书籍类,书籍类；作者、写作时间、历史背景、内容提要、写作特点、社会价值等。,CN-EXPO-C02R2,301-350,1482—1498,27、28
生物类,生物类；产地、类属、形态、生活环境、习性、饲养和培育、益处和害处等。,CN-EXPO-C02R3,301-350,1482—1498,27、28
制品类,制品类；名称、类别、原料、形状、构造、制作方法、生产程序、规模型号、功能用途、使用方法、注意事项等。,CN-EXPO-C02R4,301-350,1482—1498,27、28
时间顺序常以时间,"时间顺序常以时间；按照事物发生发展的过程说明事物。介绍事物的发展变化过程、制作工序等的说明文常使用这种说明顺序,一般以时间先后及发展阶段为序进行说明。；《大雁归来》大致按照时间顺序记录了大雁每年三四月间北归的过程。",CN-EXPO-C03R1,301-350,1500—1516,28
名词为判断标志空间顺序常以方位,"名词为判断标志空间顺序常以方位；按照事物的空间方位说明事物。介绍建筑物或物品的事物说明文常使用这种顺序。一般是按事物的空间位置或构成部分,或按上下左右、前后内外、东南西北等次序灵活安排。；《梦回繁华》中对《清明上河图》画面内容的介绍,采用了空间顺序。",CN-EXPO-C03R2,301-350,1500—1516,28
词为判断标志逻辑顺序也叫事理顺序,"词为判断标志逻辑顺序也叫事理顺序；按照事物的内部联系或人们认识事物的规律说明事物。说明事物间的联系,介绍事物的性质、种类、原理、功用或解释事理的本质的说明文往往使用这种顺序。；《苏州园林》在具体说明苏州园林的特征时采用由主到次的逻辑顺序。《恐龙无处不有》一文采用由现象到本质的逻辑顺序。",CN-EXPO-C03R3,301-350,1500—1516,28
总分式,"总分式；具体可以分为“总—分”式、“分—总”式、“总—分—总”式。；《苏州园林》采用“总—分”式。先总体概括再分说,结尾没有总结性语言。《中国石拱桥》采用“总—分—总”式,先总体概括我国石拱桥的历史及特点,再举赵州桥和卢沟桥的例子具体阐述其特点,最后总结我国石拱桥取得光辉成就的原因以及解放后石拱桥的新发展。",CN-EXPO-C04R1,301-350,1518—1520,28
递进式,"递进式；各说明内容之间是由浅入深、由表及里的关系,后面的内容是在前面内容基础上的进一步说明。；《大自然的语言》从物候现象入手介绍物候规律,采用的就是典型的从现象到本质的递进式结构。",CN-EXPO-C04R2,301-350,1518—1520,28
并列式,"并列式；各部分内容没有主次轻重之分。；《梦回繁华》在介绍《清明上河图》画面内容时采用并列式结构,将画作的主体内容分为“画面开卷处”“画面中段”“后段”三部分展开说明。",CN-EXPO-C04R3,301-350,1518—1520,28
举例子,"举例子；通过列举有代表性的恰当例子来说明事物或事理的方法。；能真实、具体、有力地说明事物或事理。；如福建漳州的江东桥,修建于700多年前,有的石梁一块就有200来吨重,究竟是怎样安装上去的,至今还不完全知道。(《中国石拱桥》)",CN-EXPO-C05R1,301-350,1522—1549,29、30
分类别,"分类别；根据事物属性的异同,把事物按一定标准分成若干类,然后逐类加以说明。；能使人了解事物的概貌,明确事物的特征,使说明更有条理。；物候现象的来临决定于哪些因素呢?首先是纬度......经度的差异是影响物候的第二个因素......影响物候的第三个因素是高下的差异......此外,物候现象来临的迟早还有古今的差异。(《大自然的语言》)",CN-EXPO-C05R2,301-350,1522—1549,29、30
列数字6,"列数字6；用一些数字从数量上说明事物的特征。；既能反映事实情况,又可以准确具体地说明事物特点或事理,增强说服力。；张择端画的《清明上河图》,绢本,设色,纵24.8厘米,横528.7厘米。(《梦回繁华》)",CN-EXPO-C05R3,301-350,1522—1549,29、30
作比较7,"作比较7；将两种有着外在或内在联系的相同或不同的事物加以比较。；可以化深奥为浅显,变复杂为简明,突出事物的本质特征。；值得指出的是物候现象南北差异的日数因季节的差别而不同......在春天,早春跟晚春也不相同。如在早春三四月间,南京桃花要比北京早开二十天,但是到晚春五月初,南京刺槐开花只比北京早十天。(《大自然的语言》)",CN-EXPO-C05R4,301-350,1522—1549,29、30
下定义,"下定义；用简明扼要的语言对事物的本质特征做规定性的说明。这种说明方法文、政策条文；能准确、简明地说明事物的本质特征。常用于科技说明；由于各拱相连,所以这种桥叫作联拱石桥。(《中国石拱桥》)",CN-EXPO-C05R5,301-350,1522—1549,29、30
摹状貌,"摹状貌；通过描绘事物形貌的方式把事物特征表现出来。；能使说明对象更形象、具体。；这些石刻狮子,有的母子相抱,有的交头接耳,有的像倾听水声,有的像注视行人,千态万状,惟妙惟肖。(《中国石拱桥》)",CN-EXPO-C05R6,301-350,1522—1549,29、30
打比方,"打比方；以人们常见、熟知的事物,比喻说明不常见、不太熟知的事物。；能将抽象事理或复杂事物说得浅显易懂、具体生动。；石拱桥的桥洞成弧形,就像虹。(《中国石拱桥》)",CN-EXPO-C06R1,301-350,1551—1567,30
"作诠释8是一种辅助手段,常与文字","作诠释8是一种辅助手段,常与文字；对说明对象的性质、特征、成因等进行简要的解释。；揭示概念,便于理解。解说配合使用；如果二氧化硅(即非常纯的沙子)处于超高压的状态,那么它的原子相距很近,从而变得极为致密。一立方英寸被压扁的沙子比一立方英寸普通的沙子要重得多。这种被压扁的沙子因此被称为“斯石英”。(《被压扁的沙子》)",CN-EXPO-C06R2,301-350,1551—1567,30
画图表,画图表；运用表示各种情况和注明各种数字的图和表来说明事物。；能直观、形象地说明事物的特点。；如数学、物理、化学教材中的图表。,CN-EXPO-C06R3,301-350,1551—1567,30
引资料,"引资料；引用名人著述、公式定律、谚语典故等来充实说明内容或作说明依据。；能增强文章的说服力和权威性,使文章富有可读性。；唐朝的张鹭说,远望这座桥就像“初月出云,长虹饮涧”。(《中国石拱桥》)",CN-EXPO-C06R4,301-350,1551—1567,30
